uuid,franka_rate,franka_n,category,scale,robotiq_rate,robotiq_n,gap,best,oracle_rate
96f87b33e0884fd599ef1a1c83ec5f8c,0.843,2000,bullet_train,0.012528724376293723,0.259,2000,0.584,franka,0.843
d15b3e6d7ca548c3b3705d29db16a412,0.709,2000,race_car,0.010714765792780058,0.5445,2000,0.16449999999999998,franka,0.709
455a5ed487e7450b8a52f39897193ddf,0.9015,2000,tennis_racket,0.05951354576889741,0.481,2000,0.4205,franka,0.9015
1f06ed1e3ea6420fa2032a87f4cb30ee,0.6245,2000,trunk,0.055710299170102756,0.52,2000,0.10450000000000004,franka,0.6245
8907f8c7c21842b7bf059b077ff99a35,0.342,2000,race_car,0.09129343051162031,0.403,2000,-0.061,robotiq,0.403
23447a79169f49a196ac6a71158d4c4e,0.3745,2000,elevator_car,0.0001322276687895184,0.7945,2000,-0.42,robotiq,0.7945
fe533dcb116d4d35bf55fcf5c0bfb008,0.559,2000,ambulance,0.015037394015048822,0.647,2000,-0.08799999999999997,robotiq,0.647
55bffef8dc834b98b40296b935e903d5,0.8345,2000,box,0.03364252021139515,0.6525,2000,0.18200000000000005,franka,0.8345
6d193c12639849d9a096f4c35ad50209,0.847,2000,signboard,0.40686571421406076,0.3925,2000,0.45449999999999996,franka,0.847
a1e36c54df3d4bc49c0a08f5f00618fd,0.6365,2000,avocado,0.7709458567964934,0.2835,2000,0.353,franka,0.6365
e37ba665f10e4c42ac07b682f1a21436,0.637,2000,seashell,0.0016593963977109439,0.9615,2000,-0.3245,robotiq,0.9615
640b33ee7d784da68c25208c843b5419,0.8315,2000,wet_suit,0.14075570494867226,0.489,2000,0.3425,franka,0.8315
8d15db8f8b654522b91b083c231ad710,0.7655,2000,shredder_(for_paper),0.06638674806447148,0.5435,2000,0.22199999999999998,franka,0.7655
54fe5d415ab745aa9428ed99d65ea537,0.905,2000,wooden_spoon,0.0011335369101706182,0.3995,2000,0.5055000000000001,franka,0.905
c4a0c2e2fb624bc0af9928b0ae6407ff,0.033,2000,teddy_bear,0.0009353386725606159,0.1545,2000,-0.1215,robotiq,0.1545
fa5718c649064d9195b3005ca4eefeff,0.9005,2000,bowler_hat,0.0616278450316477,0.5535,2000,0.347,franka,0.9005
325ca51ea1254529af04305919a580ef,0.0,2000,mushroom,0.07790943838623489,0.483,2000,-0.483,robotiq,0.483
16c3444c8d1440fc97fdf10f60ec58b0,0.24,2000,cub_(animal),0.11563511526557194,0.3255,2000,-0.08550000000000002,robotiq,0.3255
ca1155ccdfa04b1f965ad50b6f67a7a9,0.8765,2000,garden_hose,0.02509577653018808,0.343,2000,0.5334999999999999,franka,0.8765
2c51399de3d3439383dcabef349d72b0,0.608,2000,ottoman,0.3021187638529728,0.5375,2000,0.07050000000000001,franka,0.608
4c37518849f7447792dfd272ec7ec340,0.217,2000,rodent,0.012603602323209442,0.4945,2000,-0.27749999999999997,robotiq,0.4945
0bd9a8dfb526499cb75ccb67b6a7f738,0.9915,2000,penny_(coin),0.10616749879400883,0.013,2000,0.9785,franka,0.9915
892969a88e71495d9e869f96c95f0abf,0.7745,2000,space_shuttle,0.0031200455232114027,0.3525,2000,0.422,franka,0.7745
1ea2dcb9f73c4141a936243b6616ae0e,0.0,2000,milk,1.2545341009406956,0.131,2000,-0.131,robotiq,0.131
7b1d00fa252a4756bce74aba70a8b82b,0.909,2000,baseball_cap,0.09016947557135586,0.184,2000,0.7250000000000001,franka,0.909
50d03f602bc34a398d7255e414dbf507,0.913,2000,wine_bottle,0.00432757215864181,0.2135,2000,0.6995,franka,0.913
768843209e734d569d1b527c1f3511a1,0.8695,2000,chair,0.11816606431901182,0.51,2000,0.35950000000000004,franka,0.8695
c69921857e864a9185ec6822876f0244,0.7815,2000,satchel,0.11483116955718349,0.3915,2000,0.38999999999999996,franka,0.7815
e93b720e48904e1eb354854e7501ca44,0.928,2000,monitor_(computer_equipment) computer_monitor,0.12010135367118076,0.144,2000,0.784,franka,0.928
39e6c82654e843dd819a3408374da0a8,0.418,2000,birthday_cake,0.0543019513102208,0.351,2000,0.067,franka,0.418
d44381eb4a8448ffbc239e1ef276ac45,0.7065,2000,armor,0.1002934328249794,0.6185,2000,0.08799999999999997,franka,0.7065
5d40fa1205df492d887b5d7ac04b72da,0.586,2000,turtle,0.002522052041498946,0.421,2000,0.16499999999999998,franka,0.586
04527c55da77419c8d23ef9720e52d4d,0.912,2000,grater,0.0003420806634678303,0.1765,2000,0.7355,franka,0.912
ee9bced1fcba48e299798eb22b63212e,0.549,2000,egg,1.254873839123597,0.865,2000,-0.31599999999999995,robotiq,0.865
117a24442f4e4550aa06c05f37cc6c4c,0.8205,2000,music_stool,0.08447818757704256,0.6165,2000,0.20399999999999996,franka,0.8205
cf3f14b48f7b4b218b1df2a19315f3f0,0.9025,2000,birdbath,0.10108047200366331,0.456,2000,0.44649999999999995,franka,0.9025
9a466e88e8b24809b1b24428aa9b8d81,0.807,2000,earring,6.398055013257888,0.586,2000,0.22100000000000009,franka,0.807
ae36ac6146a64aebbc3738b376179620,0.8725,2000,bottle_cap,0.00395907967363506,0.236,2000,0.6365000000000001,franka,0.8725
f89c972e822f4cdcab48e8008bdb6f17,0.0,97,wine_bucket,0.0027171836961196474,0.0005,2000,-0.0005,robotiq,0.0005
6c3b7f42886f47f1a59725bfac3640f2,0.8495,2000,air_conditioner,0.0006149175295165987,0.5975,2000,0.252,franka,0.8495
7f51463f66234d9aa56731d6dd3ad627,0.6345,2000,sail,0.00029721143000213717,0.508,2000,0.12649999999999995,franka,0.6345
835a3f294d034cbdaa8fed6e5f769068,0.9305,2000,headset,0.0002948196793718533,0.652,2000,0.27849999999999997,franka,0.9305
a800eb049d5f4ccaa85649d23ccd117f,0.5325,2000,armor,0.16665129570376053,0.467,2000,0.06549999999999995,franka,0.5325
b02036eb7bdd466b90970a73ee8cdc77,0.5185,2000,rag_doll,0.03619822028467246,0.433,2000,0.08549999999999996,franka,0.5185
be7c6a1ffa164952afabb8e0eeb0abce,0.8695,2000,sausage,0.8062014281857774,0.025,2000,0.8445,franka,0.8695
a648ae2bf2db40e7a88a7cb6526245d6,0.0,719,chili_(vegetable),0.00040570246221077874,0.7835,2000,-0.7835,robotiq,0.7835
adf60435b2fc4bcda6593c438adbec58,0.486,2000,fireplug,0.008650664927744982,0.6515,2000,-0.16549999999999998,robotiq,0.6515
825eccb3b41c4a23b8bc89a28fb95122,0.3005,2000,headlight,0.025249702159745833,0.391,2000,-0.09050000000000002,robotiq,0.391
c04e4fcece8d48ce903e2b44210dbe17,0.958,2000,computer_keyboard,0.013469805337833136,0.3515,2000,0.6065,franka,0.958
abbf1556a020443c85fa5c492508b78d,0.652,2000,stereo_(sound_system),0.004972551344983468,0.381,2000,0.271,franka,0.652
629e5dada20a4bacbb5ada4b5fe17e08,0.8255,2000,cake,0.0006976316422978666,0.5535,2000,0.272,franka,0.8255
3c5b555331c0455895a6bac989370b42,0.5465,2000,penguin,0.1742490323262534,0.3615,2000,0.185,franka,0.5465
2de0b46b8fb449e4adaa6ee0ca00b5d6,0.468,2000,doughnut,0.5391882491825649,0.3295,2000,0.1385,franka,0.468
fc0de03866ae4bce9e213087295626d0,0.559,2000,frog,0.0025505112604067575,0.3865,2000,0.17250000000000004,franka,0.559
ae62f92b5d2c4508aad184504cbd9a57,0.5985,2000,fedora,0.13428668840537974,0.365,2000,0.23350000000000004,franka,0.5985
4911919955ff4f788b60950e64c0a61f,0.0,647,jar,0.12303314810864939,0.0205,2000,-0.0205,robotiq,0.0205
c6296e731e3f41ce9b014b64ffbf9d10,0.8575,2000,router_(computer_equipment),0.0899252750283628,0.374,2000,0.48350000000000004,franka,0.8575
39076c677c0c49c399149016e390eea1,0.6095,2000,television_set,0.15203393427953793,0.64,2000,-0.03049999999999997,robotiq,0.64
ee806705a85f49458816effe5a65a4cb,0.0,1224,duckling,0.08249296269126608,0.797,2000,-0.797,robotiq,0.797
62a5b3964e5d43cab322b54fc5436c0a,0.8665,2000,glass_(drink_container),0.00903511641076524,0.655,2000,0.21150000000000002,franka,0.8665
ec10e65f0cf14576a90a634aa864ea82,0.95,2000,dollar,0.01614816540509615,0.4145,2000,0.5355,franka,0.95
d68a8983d9b542e080c3a9483d3746c7,0.6965,2000,mallard,0.0005063047855653583,0.83,2000,-0.13349999999999995,robotiq,0.83
620052dd9fa9454f9a54d55f7c3023c1,0.5425,2000,lion,0.07803146531031173,0.6095,2000,-0.06700000000000006,robotiq,0.6095
20467a9af8b5415089c1b359d4253dab,0.927,2000,pliers,0.003494087533208475,0.3955,2000,0.5315000000000001,franka,0.927
b1f70147994249f7bec09c836deb28a4,0.0585,2000,trailer_truck,0.0399520635236236,0.406,2000,-0.34750000000000003,robotiq,0.406
46a294a3d35146f79b0fa1a1761a7d2e,0.6635,2000,lantern,0.00043809872032822273,0.605,2000,0.058499999999999996,franka,0.6635
7e8485a272784e6cb3b5bda68ff319fa,0.16,2000,armor,0.0014432631335035448,0.31,2000,-0.15,robotiq,0.31
fb8932eb2a73433e8507770bcf919c55,0.9625,2000,paperweight,0.0037044635810713775,0.202,2000,0.7605,franka,0.9625
1bf20d2de7f749d889d69c42207ca669,0.2845,2000,kitchen_sink,0.02831686996358048,0.1595,2000,0.12499999999999997,franka,0.2845
20b990d003534ed08055d7b34493b2e3,0.5645,2000,jersey,0.0016064111362038918,0.5505,2000,0.014000000000000012,franka,0.5645
d52544963a1a4731911d6916c5c734aa,0.84,2000,mail_slot,0.2536667689141559,0.2945,2000,0.5455,franka,0.84
1b2a17ac46a649eaa72d624747c8fd97,0.759,2000,tote_bag,0.000542242520005214,0.297,2000,0.462,franka,0.759
156f342bc2fb43988954a35b932f01bc,0.985,2000,coin,0.15030435774568957,0.0075,2000,0.9775,franka,0.985
c3b02c96515d4e259b467a3453950e83,0.636,2000,pitcher_(vessel_for_liquid),0.059920571488537425,0.1905,2000,0.4455,franka,0.636
c7c297cf6e334cd291f9f562f3aac35e,0.757,2000,monitor_(computer_equipment) computer_monitor,0.43462664658117345,0.0935,2000,0.6635,franka,0.757
69ad00f6688749de9934481f3e7ea669,0.4355,2000,motor_scooter,0.000275499633419296,0.435,2000,0.0005000000000000004,franka,0.4355
b5702c673173484c99dd29816ac17ed9,0.9585,2000,postbox_(public),0.0584989506269719,0.923,2000,0.035499999999999976,franka,0.9585
a4369ec6aa814f25954b0f01b04e888d,0.7645,2000,goose,0.0005931159051220479,0.6755,2000,0.08899999999999997,franka,0.7645
6d34d82e368e4850b8117bf512607a18,0.6925,2000,wagon,0.00457627038703171,0.4975,2000,0.195,franka,0.6925
e37fd979827a407a8e9b25c10e17991a,0.7415,2000,dirt_bike,0.45123199022752014,0.616,2000,0.12550000000000006,franka,0.7415
fd4cf2c471834295bc1430cfd6e429b6,0.897,2000,blackboard,0.04850304137438319,0.601,2000,0.29600000000000004,franka,0.897
0961a471f2ed426c9cf32493b426cc56,0.3715,2000,rat,0.004657863478682643,0.377,2000,-0.005500000000000005,robotiq,0.377
0732e0dfee7747e49cef95f3d179d880,0.2965,2000,shoulder_bag,0.027520890504620196,0.4475,2000,-0.15100000000000002,robotiq,0.4475
2826823d900347bd97b17708ee04c3ff,0.653,2000,Christmas_tree,0.06362176743664281,0.8605,2000,-0.20750000000000002,robotiq,0.8605
d28690af06624a80b24bcf818666ab1d,0.0,2000,puffer_(fish),0.0008178950198682886,0.3195,2000,-0.3195,robotiq,0.3195
dc8185e4e21747fb8b394e40d3ec125a,0.8085,2000,ram_(animal),0.32388515217929925,0.5865,2000,0.22199999999999998,franka,0.8085
29b211c7b1574fd7863e669cf5db6832,0.9265,2000,shopping_bag,0.004232280024918215,0.1745,2000,0.752,franka,0.9265
9234d8196b73434684bcbb8092cc9e2a,0.858,2000,chair,0.12790981026570966,0.5035,2000,0.35450000000000004,franka,0.858
d6757e4317b541ad81bc7a23a48a27f1,0.8765,2000,fighter_jet,0.3625482014728879,0.437,2000,0.43949999999999995,franka,0.8765
f7e5a12a2f22432c8f39eab29880e7ed,0.2915,2000,bird,0.388984580957289,0.56,2000,-0.26850000000000007,robotiq,0.56
ef7e562a80f24d698a337db0aac4f042,0.894,2000,dress_hat,0.03974624479522779,0.6385,2000,0.25550000000000006,franka,0.894
7b3bfdab414148a08cbf46fc105e280a,0.5595,2000,bowl,0.021303757216409303,0.0315,2000,0.528,franka,0.5595
1f89293550d0414480b8e0033e19aed0,0.706,2000,puncher,0.0007075984765880835,0.2685,2000,0.43749999999999994,franka,0.706
ade09852fa834238b68f77a223946c16,0.4985,2000,gun,7.375370088636114e-05,0.336,2000,0.16249999999999998,franka,0.4985
49fb5b927e35410db13acd490caf7649,0.6955,2000,dress,0.003094194094040069,0.5145,2000,0.18100000000000005,franka,0.6955
e1f3a66552364b94af673fc9b88aec63,0.4685,2000,trophy_cup,0.31661897705353953,0.3715,2000,0.09700000000000003,franka,0.4685
d6e2017f3bd94c629c06167649910234,0.7895,2000,police_cruiser,0.003656160175918386,0.9355,2000,-0.14600000000000002,robotiq,0.9355
af51c3fdfb0a403d988d0780ba7a6e30,0.897,2000,mallet,0.23539238567636409,0.714,2000,0.18300000000000005,franka,0.897
8d02d9cb0e0441ab96d799c8ca7eff50,0.551,2000,drum_(musical_instrument),0.12628047904181586,0.529,2000,0.02200000000000002,franka,0.551
048a7e91bec24ed182671874b7cb6a47,0.594,2000,sofa_bed,9.575216454351733e-05,0.327,2000,0.26699999999999996,franka,0.594
f5510c91f0ec4df5b2e5ac1a0422c68f,0.9265,2000,knife,0.0014816478849195317,0.243,2000,0.6835,franka,0.9265
a5c178713aae4cb6b19a3653a31b9fbb,0.429,2000,jersey,0.07819469681230654,0.22,2000,0.209,franka,0.429
fd02124a5cfe46f3801f9a3e205fe686,0.9,2000,guitar,0.010234687128604028,0.514,2000,0.386,franka,0.9
3b5adc5be8c4436eb913063c7e3f5c67,0.3515,2000,stereo_(sound_system),1.9832496230433947,0.556,2000,-0.20450000000000007,robotiq,0.556
42563f454a784d2c9bf6c473e452e088,0.6595,2000,patty_(food),0.22481342325827158,0.6625,2000,-0.0030000000000000027,robotiq,0.6625
7e47040f75b544a2897770d5812a921c,0.927,2000,monitor_(computer_equipment) computer_monitor,0.016507634165340068,0.2135,2000,0.7135,franka,0.927
500b55ef102e453ebd4fddb2f3c8b3da,0.2915,2000,seashell,0.10357800835427795,0.342,2000,-0.050500000000000045,robotiq,0.342
1e9f54cc9f7d42a697c3caf0db04c27f,0.9125,2000,doorknob,0.00011639329512268865,0.2,2000,0.7124999999999999,franka,0.9125
d5ba5090dd034ac7b3dd5fc9847c7656,0.547,2000,barge,0.002319817777525672,0.498,2000,0.049000000000000044,franka,0.547
c041c4bfae76413485e5b221872372f5,0.0,2000,bookcase,0.0008249537594194154,0.047,2000,-0.047,robotiq,0.047
b4065dd5ce9d46be90db3e1f3e4b9cc1,0.6945,2000,banana,0.1473540403746305,0.2705,2000,0.424,franka,0.6945
a28333b1d3774af99a6c8e4c2854b171,0.9395,2000,crisp_(potato_chip),0.05797314366949631,0.4435,2000,0.496,franka,0.9395
b302d2bbcc3d46ba80f6ab808fe95b5a,0.805,2000,pumpkin,0.8501292114639977,0.991,2000,-0.18599999999999994,robotiq,0.991
950ce6642cc64475a0a3c1df3a5fb13c,0.8455,2000,canoe,0.03846860051041883,0.256,2000,0.5895,franka,0.8455
3d10d36fcf8d4baaa30d00be23106115,0.0,68,strawberry,0.003709575231361746,0.047337278106508875,338,-0.047337278106508875,robotiq,0.047337278106508875
fc87b71b4385435dbb7c9056ee97e614,0.919,2000,key,0.0015909547943208102,0.4565,2000,0.4625,franka,0.919
63e8fd7feb23426fb396a5e3f3551f6c,0.965,2000,measuring_stick,0.019643989253108656,0.3295,2000,0.6355,franka,0.965
45f941c495824cb583712dda57f58707,0.8915,2000,slide,3.3748015804947794e-05,0.2925,2000,0.599,franka,0.8915
966e1567b1e4421e8de70616cba6420f,0.2755,2000,goat,0.010061279919050037,0.3505,2000,-0.07499999999999996,robotiq,0.3505
7984152aaed34505b62111c881291b05,0.8395,2000,airplane,0.009525821199140746,0.5165,2000,0.32300000000000006,franka,0.8395
41de702c637a4c9886ba8d31c5e492c1,0.788,2000,lamp,0.12246547269445557,0.3795,2000,0.40850000000000003,franka,0.788
6f89055647a843e89143e52c5560a482,0.5545,2000,fan,0.09060317825070527,0.368,2000,0.1865,franka,0.5545
72e737a82cc24b78b66b89b09abdb2ca,0.0,2000,squirrel,0.04193200874326422,0.4565,2000,-0.4565,robotiq,0.4565
73674a276a7e4cfd82d2b47f7d24cd2d,0.74,2000,trophy_cup,0.03264985976202496,0.594,2000,0.14600000000000002,franka,0.74
f846fda2f5bc48059e036b2e3d4e5ee2,0.0,670,pot,0.02870997345841946,0.0,1483,0.0,robotiq,0.0
c475f9167f5d4c21a46fe19d76f6d24c,0.9115,2000,tapestry,0.09989505669442089,0.06,2000,0.8514999999999999,franka,0.9115
fa059adf40334e23beef2f49d05cd46f,0.442,2000,pistol,0.039223362259998666,0.241,2000,0.201,franka,0.442
716d06b81398435ea8e087137d5cf1ba,0.9405,2000,pliers,0.0023803547684444395,0.4315,2000,0.509,franka,0.9405
ea526c2ccd044c38b3a0e4ccba393e1b,0.695,2000,banjo,0.027109900275716827,0.539,2000,0.15599999999999992,franka,0.695
5b9c84a7fcae4406b9b4ec29bd6c4a45,0.665,2000,kite,0.018754552912993435,0.246,2000,0.41900000000000004,franka,0.665
cfe4fe307d0d4909b69ae838d6d184d1,0.4735,2000,backpack,0.1106243263694847,0.421,2000,0.05249999999999999,franka,0.4735
9fa0e267fb3546388eae1f6b36df2f48,0.0775,2000,pot,0.0050597063020357295,0.0195,2000,0.057999999999999996,franka,0.0775
1641a9561ae24f49ab8524a7da9ff5b7,0.0195,2000,mask,0.016130769739541882,0.143,2000,-0.12349999999999998,robotiq,0.143
fc9cbf532b6045969b9f7eeac339afd2,0.1575,2000,bed,0.028478263209031185,0.1325,2000,0.024999999999999994,franka,0.1575
fe95600a9c3b4a4eb40b62ac38e15c0b,0.8015,2000,shepherd_dog,0.002812897629315027,0.66,2000,0.14149999999999996,franka,0.8015
10c396b115a246428cd640155f9be7ab,0.8055,2000,tag,0.001317970677220689,0.532,2000,0.27349999999999997,franka,0.8055
72e4fe1b943e46a782ac7e1790630589,0.7285,2000,Lego,0.008353846395940535,0.633,2000,0.09550000000000003,franka,0.7285
f886b88744f94713b384b95e29f063f2,0.522,2000,newsstand,0.03522297968731433,0.6705,2000,-0.14849999999999997,robotiq,0.6705
b4bbc7a6fd0047519211b964b69c7384,0.4395,2000,hummingbird,0.005689246666027984,0.6,2000,-0.16049999999999998,robotiq,0.6
5b889e682437418a85e9237dc6d66d82,0.9765,2000,pizza,0.49646374211605,0.39,2000,0.5865,franka,0.9765
b4bd7877b383494197e04edbe969c311,0.9,2000,hourglass,0.013722617352182097,0.647,2000,0.253,franka,0.9
37cf532aae4446c4b57f82d0031bb070,0.3455,2000,shoe,0.012608860377095105,0.4795,2000,-0.134,robotiq,0.4795
94dc57e2257244c48f801037e0b51b79,0.7065,2000,Ferris_wheel,0.16157505691443072,0.497,2000,0.20950000000000002,franka,0.7065
73ca4d739ac74b558d837e13d2fe7410,0.5385,2000,cornice,0.0007463849068069303,0.207,2000,0.3315,franka,0.5385
3690f5c5b27748a5a43fa7085e6a6320,0.945,2000,gargle,0.0004162887418736395,0.9255,2000,0.019499999999999962,franka,0.945
6778c6f7e4794ecdad847a38ce13f5f1,0.9315,2000,stepladder,0.17876547658001382,0.657,2000,0.27449999999999997,franka,0.9315
10ff59eb67a84619ab019d98e24198a4,0.9425,2000,sunhat,0.00027453430297527394,0.4425,2000,0.5,franka,0.9425
b19b27b5bf0d498289c662177b465350,0.9135,2000,clipboard,0.008664787990806702,0.549,2000,0.36449999999999994,franka,0.9135
be12aacca67e492d8f1f56aa45b15666,0.9335,2000,icecream,0.02020272494507079,0.7805,2000,0.15300000000000002,franka,0.9335
42467088d63744fcbc917d9f9518077f,0.72,2000,popsicle,0.04417887621045186,0.213,2000,0.507,franka,0.72
531bbea7768e4dafb33b6ba754ba01e8,0.8165,2000,puffin,0.00023865780480418247,0.829,2000,-0.012499999999999956,robotiq,0.829
e41ce871202547039f5a7a13f7b0d6c7,0.769,2000,hand_glass,0.01981676334193724,0.3995,2000,0.3695,franka,0.769
2b3717f437ab4bb89796d6fdd44db9ea,0.893,2000,thermos_bottle,0.013464779000177765,0.989,2000,-0.09599999999999997,robotiq,0.989
b347e808f561465dab568fa61734e262,0.7565,2000,blimp,0.01976963183548116,0.2955,2000,0.46099999999999997,franka,0.7565
c5921c1bca164f609b46ca14b032b2cd,0.806,2000,fireplace,0.0006972380221674763,0.074,2000,0.7320000000000001,franka,0.806
2f3d0b1bb4d8434483570201d5c67cae,0.622,2000,race_car,0.0005380283714601445,0.4875,2000,0.1345,franka,0.622
ccad57a6f40640248a023dcee3d5cf3a,0.758,2000,pizza,1.0988962602409842,0.305,2000,0.453,franka,0.758
b65f31df07a74e41b6ad969623c09d21,0.466,2000,penguin,0.02461033681282592,0.3175,2000,0.14850000000000002,franka,0.466
bfca5997cb164b09a6fe04b331dea5c2,0.9825,2000,nailfile,0.011553065558597779,0.2945,2000,0.6880000000000001,franka,0.9825
f830aa10c0274c3994f47ca0ed990681,0.892,2000,banana,0.09996247169728231,0.629,2000,0.263,franka,0.892
dbb854e7c6b840d78ac4b2db81937789,0.916,2000,sausage,0.862272571762349,0.9745,2000,-0.058499999999999996,robotiq,0.9745
22ba30cf34674ff4b9b48f0ed2c3358a,0.9485,2000,wagon_wheel,0.03883878175305917,0.2715,2000,0.677,franka,0.9485
32c47e171fc54617aef4c5696f27a7a5,0.0,1259,can,0.10142195942601263,0.018,2000,-0.018,robotiq,0.018
b14de644bde5452dbc73e0d82995495a,0.5705,2000,chaise_longue,0.06119621326715162,0.2015,2000,0.369,franka,0.5705
4c7848d660cf49d69322f63636a71883,0.9225,2000,easel,0.02328108822677703,0.451,2000,0.4715,franka,0.9225
c157935029774ccfb5a58f634cc58793,0.842,2000,stool,0.043514832619546855,0.2345,2000,0.6074999999999999,franka,0.842
7f45d17c14714474803446e017965d33,0.8715,2000,drone,0.3235057570445797,0.5875,2000,0.28400000000000003,franka,0.8715
3c10ff21c9b84ea8a067cf8b72ba3f2a,0.8255,2000,blimp,0.005327352564472803,0.8625,2000,-0.03700000000000003,robotiq,0.8625
b308d8dcc03d428dab297ad6690d9abd,0.779,2000,radar,0.04542361996612633,0.7235,2000,0.055499999999999994,franka,0.779
c38293926711435d868dde2c389e748b,0.884,2000,ambulance,0.004705841656496273,0.813,2000,0.07100000000000006,franka,0.884
2fa777c32afe4e048ef4067635790c24,0.592,2000,dollhouse,0.0769133852244273,0.631,2000,-0.039000000000000035,robotiq,0.631
9fcfb4575a0346268cf2f567d5b06a56,0.875,2000,step_stool,0.16031679277747915,0.717,2000,0.15800000000000003,franka,0.875
607d8d582d3545a5a11f1209863e25e2,0.92,2000,guitar,0.050529160974188504,0.305,2000,0.615,franka,0.92
69e263dd52e7424eae9da46489756547,0.9335,2000,computer_keyboard,0.00031491461395913057,0.353,2000,0.5805,franka,0.9335
b069fbeb341741779f5fad1abf56e322,0.711,2000,lightbulb,0.010118923207984873,0.94,2000,-0.22899999999999998,robotiq,0.94
4623d3de0732435dba83a4f962a87f04,0.0025,2000,beanbag,0.3821424823115242,0.4475,2000,-0.445,robotiq,0.4475
cbb82162cd4d46818e7815d547d73edf,0.748,2000,dirt_bike,7.620651611765078e-05,0.63,2000,0.118,franka,0.748
168308f3ac924ca3a7aa5b6ebfbf98e4,0.881,2000,prawn,0.02545015170197519,0.5605,2000,0.3205,franka,0.881
9279045ec7044e1889f17b02fbb013a5,0.349,2000,tripod,0.0012603982210550155,0.3875,2000,-0.038500000000000034,robotiq,0.3875
ef845cb048e4499ab2f2845d20cb10d0,0.7035,2000,cock,1.7218038141265316e-05,0.3935,2000,0.31,franka,0.7035
9e17a9fb77ec4bb483f68f492c92a2db,0.5645,2000,canoe,0.009834537577331891,0.298,2000,0.2665,franka,0.5645
a52703fe238f47d88e87daaa3183b0ae,0.593,2000,polo_shirt,0.0006994573885752634,0.499,2000,0.09399999999999997,franka,0.593
c1e33f6ea24543fd8970925b105f4685,0.86,2000,cone,0.09586760771250871,0.1175,2000,0.7424999999999999,franka,0.86
1c07b3ee4d69451faaa57cc49a64aed8,0.0,729,cider,0.6036290025360754,0.0,2000,0.0,robotiq,0.0
14d61457a9344bf8b4397cade98b926a,0.0,1242,keg,0.0009525749939614705,0.0,2000,0.0,robotiq,0.0
6547ecc4f59c469791133d9ab06f67c7,0.805,2000,watch,0.4918148441740556,0.6305,2000,0.1745000000000001,franka,0.805
fe71ccb79a0f46909a259d01e8847fce,0.907,2000,water_heater,0.0017468325405246366,0.346,2000,0.561,franka,0.907
18f3e9d66b2047b59af80d9ee90fd036,0.598,2000,gazelle,0.12555895754503,0.4535,2000,0.14449999999999996,franka,0.598
5241b863cbad4d2d8d6780fc9af0246d,0.0435,2000,icecream,0.11436329628131095,0.2735,2000,-0.23000000000000004,robotiq,0.2735
8360fc332ed14cb7b87fc06d442a159a,0.0575,2000,helmet,0.05585197965144685,0.7355,2000,-0.678,robotiq,0.7355
16d913f9f7164119bb0da629d6e9cbd3,0.0,292,kiwi_fruit,0.2070135185134293,0.0,1708,0.0,robotiq,0.0
08b9da1590794b77b5f16baed36edea9,0.6251896813353566,1318,subwoofer,0.0006312814039972792,0.129,2000,0.49618968133535657,franka,0.6251896813353566
f347d0126d2240ecb2a3eafa4f96c160,0.7785,2000,pipe,0.1311085188202227,0.4435,2000,0.33499999999999996,franka,0.7785
479c09fc6d434937bc293073cf316675,0.027,2000,spatula,0.0005023828443858731,0.0,2000,0.027,franka,0.027
6e0437e6a8b94a8bb5e6e2b59e248c36,0.7115,2000,bridal_gown,0.16731959108251496,0.5725,2000,0.139,franka,0.7115
0bc048539ba24a6a9a6b847e40e77f45,0.746,2000,owl,0.7048156336508836,0.279,2000,0.46699999999999997,franka,0.746
286cf5c53b5c49d78102d18e11f13292,0.63,2000,atomizer,0.07155996105144874,0.545,2000,0.08499999999999996,franka,0.63
1d14570a943e46aa9da2ccfbb26d2baa,0.8015,2000,parasol,0.27599211274760216,0.413,2000,0.3885,franka,0.8015
6afff5c83f1f4f989b53573c26072828,0.8775,2000,table-tennis_table,8.153025426248875e-05,0.2845,2000,0.593,franka,0.8775
5477e8a504374a77b001b943e9b7b4fd,0.8725,2000,coatrack,0.00013625783668739534,0.6745,2000,0.19800000000000006,franka,0.8725
9deae426da2440668c1ee3f725434eca,0.0935,2000,corset,10.640426204635178,0.1905,2000,-0.097,robotiq,0.1905
67010fac463641f7904c97a78629d697,0.9925,2000,rubber_band,0.03415569140145158,0.366,2000,0.6265000000000001,franka,0.9925
6b80d946a3024479aaeb6d0e41e534b4,0.0,2000,canister,0.09379407807258962,0.2755,2000,-0.2755,robotiq,0.2755
943945c69c6e4ef1bf2b66c6fae63763,0.873,2000,camel,0.001117896015145597,0.6955,2000,0.1775,franka,0.873
9c30e12f40ba4866bd2569af38095b50,0.9065,2000,boom_microphone,0.06190727290229188,0.505,2000,0.40149999999999997,franka,0.9065
640d6af289154623b63e4b01ffce8573,0.7815,2000,coat_hanger,0.024294622782828193,0.458,2000,0.32349999999999995,franka,0.7815
238930a5e57e49109dbb3350c316db62,0.9345,2000,watch,0.023536534510902415,0.295,2000,0.6395,franka,0.9345
f7e30214d97143d1933fcc699fd6d1a7,0.9105,2000,pistol,0.06375074731818554,0.397,2000,0.5135,franka,0.9105
c821f8eec303421fbb9288ba3d299362,0.0,1253,baseball,1.679997367414389,0.7315,2000,-0.7315,robotiq,0.7315
441d04f0b28b4949b693127f75e113e7,0.848,2000,computer_keyboard,0.007065774439147194,0.8565,2000,-0.008500000000000063,robotiq,0.8565
cee0e56dcd8d4b73bd75380913d79161,0.0,909,shower_curtain,0.0004983325920074904,0.119,2000,-0.119,robotiq,0.119
5acbf31e2ead426d8321e3e07fc53ad5,0.9315,2000,mallet,0.005792370719747656,0.4615,2000,0.47,franka,0.9315
5f1524f9d311404d955338b4c072c7a9,0.748,2000,breechcloth,0.11762959701990604,0.4965,2000,0.2515,franka,0.748
25dd6e6ff05646938b094509cfb5f40e,0.5795,2000,sheep,0.02319833019060781,0.6395,2000,-0.05999999999999994,robotiq,0.6395
82268b0aaf6542d885f563a0f5b6c578,0.5195,2000,mouse_(computer_equipment),0.021099024965053236,0.1635,2000,0.356,franka,0.5195
7fbe323be68742419263845302645be6,0.0,2000,apple,0.15227048088822615,0.098,2000,-0.098,robotiq,0.098
05a7d1d72e5e4a5ebfe7705b8166d362,0.5734870317002881,1735,coconut,13.350642745335401,0.3855,2000,0.18798703170028813,franka,0.5734870317002881
f4d5461627144effb45cbba8ef2ef88f,0.5735,2000,pet,0.10278587101791603,0.453,2000,0.1205,franka,0.5735
a4d9a0fbe5d844769c1865d7b9a6ad9d,0.768,2000,microscope,0.00031088938186833953,0.6375,2000,0.13050000000000006,franka,0.768
6f3b6984c2f74d64b08833b5f61c2253,0.5075,2000,phonograph_record,0.0032217012811809097,0.3665,2000,0.14099999999999996,franka,0.5075
e38b00deacc446fd8960e46570c4544a,0.935,2000,blackboard,0.0627353357654489,0.299,2000,0.6360000000000001,franka,0.935
3bb5a2cea99f4191aefe26d2bc5af4fd,0.532,2000,trunk,0.10297999543463812,0.564,2000,-0.03199999999999992,robotiq,0.564
2da8f126c4fa4430869b4add6b6c002f,0.9915,2000,flag,0.0061000327852822715,0.172,2000,0.8195000000000001,franka,0.9915
b44e1289a02d4daa947271b83b49ed08,0.0022222222222222222,1800,shaving_cream,0.002794152676358869,0.4735,2000,-0.47127777777777774,robotiq,0.4735
3ed9ed041bac4b82bf83552cf55e42ad,0.941,2000,condiment,0.062481420168925064,0.34,2000,0.601,franka,0.941
02101de198af4c92b8f63727eacd21e0,0.639,2000,ping-pong_ball,1.9666241613772132e-05,0.5485,2000,0.09050000000000002,franka,0.639
f191fe77dbd647be9741658645698fc7,0.8795,2000,straw_(for_drinking),7.301112136799045,0.743,2000,0.13649999999999995,franka,0.8795
8d10923b08514869aa57dd3f51ebaa84,0.77,2000,mascot,0.000175975697189992,0.8015,2000,-0.03149999999999997,robotiq,0.8015
a9cb42717d294858a4691508df43d174,0.518,2000,log,0.09576024021417073,0.4555,2000,0.0625,franka,0.518
7e493d415c234827b5771454c0dbbb14,0.0655,2000,cooking_utensil,0.0027449723753733457,0.154,2000,-0.0885,robotiq,0.154
9f960d99358a4b249cc8a6adf86e2ef2,0.9175,2000,yogurt,0.07707595642245438,0.3005,2000,0.617,franka,0.9175
2e5e9e39feb341049b43b4bc6ed31509,0.455,2000,bat_(animal),1.454178790583939,0.2915,2000,0.16350000000000003,franka,0.455
176c6cfb52184a4eb7edaad4eb6a9f22,0.6085,2000,hand_towel,0.04348985523363176,0.1285,2000,0.48000000000000004,franka,0.6085
40bc83637be642d19668e0fe856b2ae0,0.569,2000,mushroom,0.03341306074703767,0.64,2000,-0.07100000000000006,robotiq,0.64
257aa671655d4456ac24975b935584f4,0.7705,2000,control,0.04895152201605722,0.148,2000,0.6224999999999999,franka,0.7705
a2c57f38199346b3ba2ee9f73a81301c,0.985,2000,bottle_cap,0.08437812189373198,0.2105,2000,0.7745,franka,0.985
d97b0ec2bdfb4006bc4904cd7147482b,0.6815,2000,Christmas_tree,0.000895873163238189,0.315,2000,0.3665,franka,0.6815
870394045570459587face4cf047c06b,0.813,2000,windmill,0.03584266095542249,0.3305,2000,0.48249999999999993,franka,0.813
955ff97aec3842d2984430f588270774,0.7445,2000,flag,0.05133721230028069,0.507,2000,0.23750000000000004,franka,0.7445
4c105af2220646b19e603653745f19cf,0.931,2000,dagger,0.05086282141091616,0.247,2000,0.684,franka,0.931
71e1a37141074168a3ead925e1f1ef19,0.5425,2000,stagecoach,0.04178735186670102,0.615,2000,-0.07250000000000001,robotiq,0.615
c699824e4f3a46dc87e65e4f07fa3a79,0.0255,2000,fireplug,0.0017047882299942598,0.5145,2000,-0.48899999999999993,robotiq,0.5145
78f9cf9616ac4dc2a4fd7547fafde942,0.9915,2000,helmet,0.00013162678708816236,0.437,2000,0.5545,franka,0.9915
882fd2908fc8419d96d82e753fb721a6,0.9055,2000,cockroach,0.056727057395840455,0.5835,2000,0.32199999999999995,franka,0.9055
7824b6d021264d32a5fd7894021e9461,0.798,2000,teakettle,0.027179869144024787,0.975,2000,-0.17699999999999994,robotiq,0.975
3cdbace60b00400ab8baa1dc481bd632,0.7635,2000,backpack,0.3152438199263505,0.276,2000,0.48749999999999993,franka,0.7635
1187ef32fe0345dc948d7d0d33e26100,0.8905,2000,suit_(clothing),0.0002772783160026714,0.593,2000,0.2975,franka,0.8905
059d4bca32d04335a188d263c37060f8,0.7925,2000,doormat,0.00653972646731121,0.1015,2000,0.691,franka,0.7925
18c010cf7c36497b98a24a9b11bab6a9,0.914,2000,spectacles,0.0019980325593495136,0.334,2000,0.5800000000000001,franka,0.914
28274600c55a4280b2297f277c5540bd,0.262,2000,wheel,0.0012315656893946152,0.1625,2000,0.0995,franka,0.262
70d67d83de7a491aa8ac6ffb5d464a83,0.6385,2000,helicopter,0.007931919459085997,0.3785,2000,0.25999999999999995,franka,0.6385
1147c87f17cb46f6b0b2ee2e6f5dd6b6,0.8065,2000,unicycle,0.20089069329155168,0.414,2000,0.3925,franka,0.8065
fe758cc5c69d468699544d1b1ec0d7f6,0.615,2000,drum_(musical_instrument),0.7984210452705186,0.695,2000,-0.07999999999999996,robotiq,0.695
1195673235ac45f2aaafd62b3f823e94,0.9505,2000,umbrella,0.13384670284338246,0.213,2000,0.7375,franka,0.9505
2a17bf7d6ef54f5f873e62648aa5c03f,0.717,2000,pear,0.1860731788263372,0.983,2000,-0.266,robotiq,0.983
dcc4336464ff4325bd78a4bfa6b9fe98,0.552,2000,wolf,0.12511444168071462,0.592,2000,-0.039999999999999925,robotiq,0.592
db883e500495486bbe7f633253a878d0,0.812,2000,coffee_maker,0.0037343703867528154,0.47,2000,0.3420000000000001,franka,0.812
3bc876c9546a4bad91074928453456c0,0.815,2000,suitcase,0.03584625667473909,0.915,2000,-0.10000000000000009,robotiq,0.915
482c5168f1694911b597c81f3d0c73b1,0.4455,2000,sofa,0.0016821524078635647,0.2285,2000,0.217,franka,0.4455
8d13e53faecb4888982787bc681a5668,0.877,2000,pony,0.056242237912534396,0.45,2000,0.427,franka,0.877
b0c5bacc3b1a4fe9b7f05039062e54dd,0.046483180428134555,1635,camera,1.8166161165828412,0.113,2000,-0.06651681957186545,robotiq,0.113
2c4785f955bb4eedb825f2e655139cb6,0.23,2000,stereo_(sound_system),0.0629711547701315,0.311,2000,-0.08099999999999999,robotiq,0.311
1e2e309b7899475282f633fd800cf462,0.8115,2000,gift_wrap,0.024177331017206326,0.7325,2000,0.07899999999999996,franka,0.8115
a7793241073a48e08e92280f445a6a67,0.761,2000,garbage_truck,0.018520679769623502,0.66,2000,0.10099999999999998,franka,0.761
3f43fad9e7714788a81ee27b0a39a4db,0.6055,2000,pony,0.0031087483155804035,0.5585,2000,0.04700000000000004,franka,0.6055
0e002a354ac143a5845463ba92cb27aa,0.8325,2000,jacket,0.03371326795219213,0.3755,2000,0.457,franka,0.8325
085df0233ce345438f4147e448cb0dda,0.869,2000,chair,0.15846009180746654,0.4465,2000,0.4225,franka,0.869
ffcf987149df4e528ebf1e2dec6a9f8a,0.2375,2000,jeep,0.1092953248095216,0.2655,2000,-0.028000000000000025,robotiq,0.2655
e52e5e0ebbd2473a89176545349dba34,0.789,2000,canister,0.0016848169563463524,0.694,2000,0.09500000000000008,franka,0.789
c1c8f8af133d464585c1795735a5f8f0,0.9535,2000,cigarette,0.00409684199503768,0.7635,2000,0.19000000000000006,franka,0.9535
f706fa6a3b54449297a7ba757bee0071,0.6795,2000,shopping_cart,4.918552735702612e-07,0.548,2000,0.13149999999999995,franka,0.6795
889f4a84f24144c0b1808d4b59c04d82,0.0065,2000,pear,0.005087236328273577,0.729,2000,-0.7225,robotiq,0.729
2c805951fd4942bdba0cbec78fae2fd5,0.8245,2000,fire_extinguisher,0.0002473540071659011,0.37,2000,0.4545,franka,0.8245
d64f26970a7a489d90811e1dad4daf9d,0.0,1701,duckling,0.16430083816659816,0.1235,2000,-0.1235,robotiq,0.1235
d524e590bc2f460d92dfae45d01d27b6,0.903,2000,loveseat,0.01776736276218077,0.8825,2000,0.020500000000000074,franka,0.903
236d43744d2e42db923b0dbd7ee0e911,0.4725,2000,sandal_(type_of_shoe),0.9657007628027373,0.4845,2000,-0.01200000000000001,robotiq,0.4845
32e77e4dbaa64916a91e1338221fa6cb,0.2745,2000,teacup,0.05100037349099505,0.937,2000,-0.6625000000000001,robotiq,0.937
f0a3a7fffa2f41ceabdfdc0b816fa662,0.1705,2000,cup,0.02960535776836286,0.151,2000,0.019500000000000017,franka,0.1705
2b28e57e7f594b3d87d7d52db04ce43b,0.7445,2000,earphone,0.026932479765508274,0.685,2000,0.0595,franka,0.7445
7ef6dd0bdcc145609dbe4f71ea91fd75,0.14285714285714285,259,mask,0.005708767844300798,0.2425,2000,-0.09964285714285714,robotiq,0.2425
8c09c173bca842daae32fbe813156f8c,0.9285,2000,glass_(drink_container),0.09884666734056745,0.887,2000,0.04149999999999998,franka,0.9285
b69ad0b5456249318982aec3e0aeeb6f,0.8655,2000,desk,0.012137733110422145,0.589,2000,0.2765000000000001,franka,0.8655
15926885c602418cbae100dc9646cb75,0.5435,2000,shirt,0.00047270312521253147,0.2665,2000,0.27699999999999997,franka,0.5435
a615760dd5b049c4976ba13011e61e68,0.789,2000,seahorse,0.042547048964039345,0.791,2000,-0.0020000000000000018,robotiq,0.791
9e7fab94d8f44c5da10128b4f8556d20,0.7675,2000,videotape,5.008612778213861,0.161,2000,0.6064999999999999,franka,0.7675
c1e15ee7a3d64fb98924928fe45741cf,0.543,2000,lemonade,0.036301532289776756,0.227,2000,0.31600000000000006,franka,0.543
3ba09a5edca8491bad175ab5b7eefcf8,0.028,2000,stepladder,0.03253121963186206,0.057,2000,-0.029,robotiq,0.057
0e965eb0fe4b427ea5026d24bcefca4b,0.9295,2000,ax,0.03305220166464034,0.454,2000,0.4755,franka,0.9295
600da5e64c2948ee8cb8bebfd6444b5d,0.464,2000,napkin,0.00015145943162533286,0.206,2000,0.258,franka,0.464
49bbb15e3a5b4386bd1fe27d37335d08,0.8505,2000,banana,0.01836059014083302,0.492,2000,0.35850000000000004,franka,0.8505
c8c10e8106c2425489b4fa4415fb182d,0.6775,2000,grill,1.7056840350219096e-05,0.5395,2000,0.138,franka,0.6775
919e4213a414421d804a3a9f19454479,0.8055,2000,sunflower,0.018510599332878932,0.626,2000,0.1795,franka,0.8055
4ee8be1342d34881a85ed85edf83c403,0.6645,2000,bunk_bed,0.0003526231317797567,0.7505,2000,-0.08599999999999997,robotiq,0.7505
093e9b607a4544818e0c169074037e5f,0.819,2000,spotlight,0.013024406382327087,0.439,2000,0.37999999999999995,franka,0.819
3b9f8f47a2e94c71983ef4cdbf74a190,0.5845,2000,mascot,0.039835641450053895,0.582,2000,0.0025000000000000577,franka,0.5845
a8fdfaba559e4f9899944f8d50f2bda6,0.825,2000,chair,0.0251465127205337,0.678,2000,0.1469999999999999,franka,0.825
e951bbee28f148268bb4a534169a86aa,0.0,2000,glass_(drink_container),0.15835540755052643,0.009,2000,-0.009,robotiq,0.009
e316400192784e0b8b80b3f5eaa1d532,0.77,2000,barrow,0.05941947091989228,0.37,2000,0.4,franka,0.77
4d1735ef095044209e9ac12e60aec30a,0.95,2000,spice_rack,0.03164797471294174,0.438,2000,0.512,franka,0.95
b9bbac4416a44da4b4eeea6026efffee,0.9125,2000,seashell,0.009452869840467117,0.31,2000,0.6025,franka,0.9125
9863ce9aa4c449758a304a92dbb03d6f,0.6805,2000,cabin_car,0.00036203299855679756,0.4775,2000,0.203,franka,0.6805
c7d505db5f5f478f8abffd165361287d,0.6935,2000,stagecoach,0.03532569146900808,0.554,2000,0.13949999999999996,franka,0.6935
ad9df9121bf94b71978a352cf6cec7ef,0.719,2000,hot-air_balloon,0.008814731101324535,0.562,2000,0.15699999999999992,franka,0.719
72f1a54112144d0b9841da74ce30f6a4,0.7185,2000,chaise_longue,0.057416290148850836,0.248,2000,0.47050000000000003,franka,0.7185
8d1a02e110374e33b3b6b773b14abee4,0.8695,2000,beetle,0.04412762566031948,0.5325,2000,0.3370000000000001,franka,0.8695
d628850b03e44199b6936d190283765c,0.9545,2000,gun,0.1896385972149615,0.835,2000,0.11950000000000005,franka,0.9545
859ecabda56e40a7a82097c05210f5e3,0.831,2000,traffic_light,3.665915053475734,0.448,2000,0.38299999999999995,franka,0.831
4c4176a3d1b34dd194bd580115ed71a0,0.1785,2000,sheep,0.22899759661748206,0.319,2000,-0.1405,robotiq,0.319
f01778fe87a74d6f8105ef18c6321d63,0.7545,2000,sushi,0.03340960516772131,0.618,2000,0.13649999999999995,franka,0.7545
fe318f681f7b48628ffc3fe153cbb08a,0.3225,2000,birthday_cake,0.012224937351247406,0.2245,2000,0.098,franka,0.3225
7e96dbb3daac49de93b6b0f31964eb68,0.1095,2000,sofa_bed,0.0013279414878918014,0.282,2000,-0.1725,robotiq,0.282
b542adf020a74c41a8cba1522cd2e568,0.727,2000,street_sign,0.012921836696473375,0.314,2000,0.413,franka,0.727
1cfa99de7dc0402e94a5ea72d6d30acb,0.5525,2000,telephone_pole,7.15245217377519e-05,0.538,2000,0.014499999999999957,franka,0.5525
8c15c5881ca94ecf83a181be9731bf78,0.413,2000,ambulance,0.003534781365098281,0.2835,2000,0.1295,franka,0.413
b3f2d2309afa4431bd2da501aea51592,0.823,2000,milk,0.002223627241214454,0.3975,2000,0.42549999999999993,franka,0.823
5dee909267fd4d1e822b83b07b6c638c,0.765,2000,street_sign,0.009782102872271546,0.537,2000,0.22799999999999998,franka,0.765
2b3e6f8e37344325b98a6165030f3340,0.6745,2000,elk,0.0007827392105590906,0.7825,2000,-0.10799999999999998,robotiq,0.7825
57dea4d507f644d280405861b85ab022,0.815,2000,deer,0.00027857986625258734,0.566,2000,0.249,franka,0.815
a938d9527eb14bdfb9efe45073fa9c18,0.8635,2000,horse,0.06732182607681715,0.541,2000,0.3225,franka,0.8635
5bca086ba85f4a31b56762ef1947a0af,0.805,2000,teakettle,0.08397063496535995,0.683,2000,0.122,franka,0.805
299d5672071e4954802237fb2f59ac22,0.702,2000,chair,0.04237176924524771,0.673,2000,0.028999999999999915,franka,0.702
833a5dd05a9d40a893bf695b17f1c0d4,0.947,2000,pole,0.0001357776257233698,0.333,2000,0.6139999999999999,franka,0.947
256e1fc581494709bef4bfb5cddea69a,0.7545,2000,oil_lamp,0.000525275585668574,0.478,2000,0.27649999999999997,franka,0.7545
e4f4fbf706a54b00af0382f0deab492a,0.8225,2000,chair,0.15141052119602502,0.2875,2000,0.535,franka,0.8225
278fc1e0516c401eba358d3aa2e55635,0.1445,2000,tractor_(farm_equipment),0.0005660054576040502,0.4015,2000,-0.257,robotiq,0.4015
916bd55ebf024ffb983c0bb4365aa223,0.589,2000,nest,0.011416355175417198,0.349,2000,0.24,franka,0.589
227c0e5245e24f46b700339707c2410e,0.5605,2000,speaker_(stero_equipment),0.043729984707250626,0.4055,2000,0.15499999999999997,franka,0.5605
ad1a6218b2cb41ff9bad1aa8150745a1,0.6155,2000,orange_juice,0.4218937795737295,0.2465,2000,0.36900000000000005,franka,0.6155
f7995f56025e494eabe04fd9b7ed1cd4,0.593,2000,canoe,0.1817734525154302,0.2625,2000,0.33049999999999996,franka,0.593
c3f713fc4e9045538f88a1179ccb2c7d,0.976,2000,lightbulb,0.0003447632260668569,0.925,2000,0.050999999999999934,franka,0.976
bdefe0425b9e4c63af6991cec186cc08,0.902,2000,lightbulb,1.349653039152962,0.92,2000,-0.018000000000000016,robotiq,0.92
4d674c82e4d142129cef5f390d5ff22d,0.616,2000,Lego,0.04361928685893674,0.385,2000,0.23099999999999998,franka,0.616
8a44db6687db4e44882171d367659bb9,0.852,2000,postcard,0.0066622028312279995,0.2415,2000,0.6105,franka,0.852
5a2ee0fc0d924298bc466195034647c2,0.7195,2000,briefcase,0.044279899531726466,0.0755,2000,0.644,franka,0.7195
d06f75985a5444ffbff732f337dde4b7,0.014,2000,timer,0.00022326518386114414,0.151,2000,-0.13699999999999998,robotiq,0.151
31139a065546483588ec923fe4e4361d,0.553,2000,vase,1.5789010245432225,0.5445,2000,0.008500000000000063,franka,0.553
695de15b8fc2448fbb599a35e5384605,0.7565,2000,chair,0.061555336951681056,0.6495,2000,0.10699999999999998,franka,0.7565
d592cd978bc64f158835684dccfcc480,0.635,2000,brass_plaque,0.0008531349089237316,0.1725,2000,0.4625,franka,0.635
72cc36a8e0fa44d4b57a516c52d41418,0.96,2000,refrigerator,0.060960457573237786,0.7235,2000,0.23649999999999993,franka,0.96
8a816cc6304942a9829f567ddf39ddcd,0.705,2000,wine_bottle,0.0003966981111124811,0.5155,2000,0.1895,franka,0.705
388c3230515848cb9c07724f2230af43,0.4215,2000,giant_panda,0.06667895292470187,0.569,2000,-0.14749999999999996,robotiq,0.569
ba49973ae14744a999a53749667c9092,0.3045,2000,teakettle,2.2966608928659076,0.414,2000,-0.10949999999999999,robotiq,0.414
62b61d724aab4761bfd6bea5de92b8ab,0.016,2000,alligator,0.00035426051163508566,0.038,2000,-0.022,robotiq,0.038
914fa349f4b94c9691851d727b753967,0.725,2000,trousers,0.005322180859352376,0.3675,2000,0.3575,franka,0.725
4b1b3c55979543578b00a6e4f5bae84a,0.869,2000,table_lamp,0.007991239712958592,0.8075,2000,0.0615,franka,0.869
40be5a4ca73042deaa9bedfd98c44665,0.4905,2000,baseball,0.07254522393367636,0.3435,2000,0.14699999999999996,franka,0.4905
7314784698a641fea4031ef583f1009e,0.898,2000,convertible_(automobile),0.0001740433214185406,0.8975,2000,0.000500000000000056,franka,0.898
3969fe35c6444293af27b976dca085a4,0.0,2000,vase,0.7350081228252258,0.003,2000,-0.003,robotiq,0.003
7b14d61a88114f86a079235a16816949,0.6645,2000,carrot,0.0628347186907474,0.4735,2000,0.191,franka,0.6645
7d988ce63dae499297bc2c46007240f0,0.367,2000,deer,0.0003288548229348164,0.405,2000,-0.038000000000000034,robotiq,0.405
863c47c3e6a94d50834d78167a885210,0.466,2000,heart,0.773771791039065,0.754,2000,-0.288,robotiq,0.754
c6060cbaf7a84c3982072a618d18ed0b,0.6305,2000,robe,0.0033773709048987256,0.4465,2000,0.18399999999999994,franka,0.6305
421a6e8ef6644c6880ace887c9dbfdd9,0.8635,2000,soup_bowl,0.43620948966414774,0.4905,2000,0.37300000000000005,franka,0.8635
9d96a976248640daa80cbeb8165aeba6,0.155,2000,armchair,0.25303999595319293,0.0905,2000,0.0645,franka,0.155
0166cd3012284d0cb89d0c6548f9680c,0.7855,2000,mug,8.706549732146639e-05,0.6995,2000,0.08599999999999997,franka,0.7855
d4eb2f799e104911930bffba2f7aaad0,0.6065,2000,turtleneck_(clothing),0.09595336199534096,0.559,2000,0.04749999999999999,franka,0.6065
f64c5eea213748458d28a927e0b1ae69,0.7095,2000,dirt_bike,0.941321275519182,0.4345,2000,0.275,franka,0.7095
69b5dd8cd11547a08bbdcf9a0eaa61ef,0.5485,2000,mallet,0.100623162625135,0.3235,2000,0.22499999999999998,franka,0.5485
eb37bf62437c48f291831d9213ed0df6,0.864,2000,clock_tower,0.01494684033297684,0.336,2000,0.528,franka,0.864
91da1fad627442d1ade68f9bc3cd98dd,0.961,2000,pencil,0.018075856139907184,0.203,2000,0.758,franka,0.961
02faef86ddd441179e6b9d85a546fe79,0.025,2000,green_onion,0.15038710018323842,0.0365,2000,-0.011499999999999996,robotiq,0.0365
cb4fafa835154a26af8967c289e61894,0.774,2000,toy,5.516913136797552e-08,0.5985,2000,0.1755,franka,0.774
f015f4de3fbd49aab0cdbb68245118f7,0.923,2000,rifle,0.2517436712888632,0.4835,2000,0.43950000000000006,franka,0.923
335d95c24ef74c5d85791ea0fb05d366,0.7465,2000,medicine,0.06492943028715825,0.214,2000,0.5325000000000001,franka,0.7465
30f3ee70d94f42158f634aafeb832cb4,0.5285,2000,rabbit,0.0008897804260305259,0.612,2000,-0.08350000000000002,robotiq,0.612
f12b8be631134bbdbbf78abab1f08f86,0.527,2000,elephant,0.0005202037068966233,0.6735,2000,-0.14649999999999996,robotiq,0.6735
81aadd826c85488180fa3fa2d5f7a0aa,0.551,2000,thumbtack,0.07649525741721426,0.6145,2000,-0.0635,robotiq,0.6145
3005da6ad7be47cba014fc1e0e6e90ef,0.0,251,giant_panda,0.2609046691344061,0.026,2000,-0.026,robotiq,0.026
d4b47930bdc546e79abbd3d1c5433aff,0.908,2000,magazine,0.1430800433972383,0.056,2000,0.852,franka,0.908
5cb530ebb2274747a89965f67097d161,0.9685,2000,lip_balm,0.5989199503582636,0.237,2000,0.7315,franka,0.9685
c13528cb6aa4497eaad832124ef2986b,0.986,2000,salmon_(food),0.14421079523704386,0.1525,2000,0.8335,franka,0.986
ce0b00c8ad374d748929a8c418609993,0.7115,2000,broach,0.000694439963584686,0.081,2000,0.6305000000000001,franka,0.7115
eaa08a9b86d745558ef18a0186766d44,0.653,2000,window_box_(for_plants),0.01437028992635031,0.339,2000,0.314,franka,0.653
f561dff7acaa4e828252b3f3373f1059,0.2775,2000,coverall,0.00012269722249356584,0.4595,2000,-0.182,robotiq,0.4595
5240f9af9d244146a4a25503792598fa,0.661,2000,blazer,0.025175597953503947,0.396,2000,0.265,franka,0.661
45ae1ead9bb440dc90e4e72296c61dce,0.641,2000,gun,0.02795183635848385,0.4315,2000,0.20950000000000002,franka,0.641
f90371bf90a44b37a0823011fe3d4683,0.491,2000,piano,0.0010149274454385054,0.2805,2000,0.21049999999999996,franka,0.491
71243ecf771e413199b9103b5a444b9c,0.583,2000,escargot,0.06836958570038362,0.2575,2000,0.32549999999999996,franka,0.583
93f7603fbcf845078576cfb8ac7f6018,0.351,2000,envelope,0.020949433838079283,0.6765,2000,-0.3255,robotiq,0.6765
d61c78791f6b4f75911eba5ebc72650e,0.7225,2000,wolf,0.74411886025201,0.608,2000,0.11450000000000005,franka,0.7225
201289a87b2540df9d7d706522971a85,0.8205,2000,hat,0.0041571606303439125,0.1835,2000,0.637,franka,0.8205
75cf4de0cf314e10a89b57b13c0cbd18,0.925,2000,lightbulb,0.004226042368817291,0.846,2000,0.07900000000000007,franka,0.925
d8e50ffcf376460da718b0d9d81bce99,0.3425,2000,shirt,0.002195930123023659,0.5425,2000,-0.19999999999999996,robotiq,0.5425
0046f208ef8d4988ba7bb9d297f29ec7,0.919,2000,windmill,0.0032941586085011043,0.559,2000,0.36,franka,0.919
29451febdc894682a36a5112fd13f054,0.6345,2000,crib,0.09816258002813484,0.594,2000,0.04049999999999998,franka,0.6345
a815f91b472649a0a5c7fa4b275579b6,0.927,2000,newspaper,0.05290572853434834,0.2695,2000,0.6575,franka,0.927
9baa161056964895aa72011fc528c406,0.7625,2000,gargoyle,0.022660070684929475,0.4495,2000,0.31299999999999994,franka,0.7625
eefd61b2cd1c4165a1848fce57aacd33,0.7415,2000,keg,0.00216422402577668,0.666,2000,0.07550000000000001,franka,0.7415
154c2a94275e44efbd9604c95cc1c81d,0.0,135,wine_bucket,0.0031164708198496657,0.001129305477131564,1771,-0.001129305477131564,robotiq,0.001129305477131564
dc0c1995690645a4b7016b1c50636bb4,0.0,2,muffin,4.341817260421384,0.0,49,0.0,robotiq,0.0
ac3847555e62428fb21221a318e2e684,0.3735,2000,elephant,0.0011623090367177877,0.36,2000,0.013500000000000012,franka,0.3735
b63f65374f0640f69b3fe7a95e2cbc8b,0.919,2000,lightbulb,1.829859465727923,0.9945,2000,-0.07550000000000001,robotiq,0.9945
bb6396c23fdd4b078c8564965dce71af,0.9535,2000,root_beer,0.02042577161873054,0.6485,2000,0.30500000000000005,franka,0.9535
66a185f373c944a68dc09ee3ff19ab0f,0.958,2000,sunglasses,0.021340673661804727,0.249,2000,0.709,franka,0.958
3c1b19edcddd442baa3a8d128dd9bb8b,0.762,2000,parasol,0.09949892239962216,0.1125,2000,0.6495,franka,0.762
df6b010c8c4d46ca82ef984886d5a3f1,0.967,2000,crate,0.0010704107506158413,0.214,2000,0.753,franka,0.967
47e7baf853514c31bed2fcd399eae864,0.841,2000,umbrella,0.5407588457782077,0.234,2000,0.607,franka,0.841
2225dea84eb4484fb001da955b2f0230,0.552,2000,clutch_bag,0.00016518302123112285,0.5285,2000,0.023500000000000076,franka,0.552
09beba2fa834415f89734b21376fd886,0.7635,2000,duck,0.03953371933130741,0.991,2000,-0.22750000000000004,robotiq,0.991
6a1419b7a698497b90916e9f21dd5264,0.5685,2000,icecream,0.02271166461341452,0.6585,2000,-0.08999999999999997,robotiq,0.6585
6fc54e042cda4e7083dd63cc7950f205,0.7165,2000,ax,0.13790564180835488,0.609,2000,0.10750000000000004,franka,0.7165
b6ad5f6b9e4441dd9f74abf5f702fa33,0.0,2000,raincoat,0.0003816975863091417,0.261,2000,-0.261,robotiq,0.261
a4a55e7f5c6140f8b65b902adb042d5e,0.005,2000,bear,0.10412975358800053,0.3345,2000,-0.3295,robotiq,0.3345
678e8eb3bc424a7ba17a54d4b010ab38,0.8975,2000,fish,0.02282911113075669,0.5455,2000,0.352,franka,0.8975
776c21864f8341de9ee7454aa5b220fe,0.881,2000,diaper,0.5311602307492729,0.8485,2000,0.03249999999999997,franka,0.881
3f35794db04d4fecaaec1b3701c078af,0.9705,2000,headboard,0.0014148569709659979,0.175,2000,0.7955000000000001,franka,0.9705
b03fc3b58957488692a2b3609a1c84da,0.592,2000,checkerboard,0.001060321262783481,0.3885,2000,0.20349999999999996,franka,0.592
7ded3df1804a4b998b69224961b3fc8a,0.007889546351084813,1014,first-aid_kit,0.8448138089176351,0.0115,2000,-0.003610453648915187,robotiq,0.0115
712dfa3d9bb24d55bf5daa02929473db,0.8275,2000,bookcase,0.031240418334087337,0.6835,2000,0.14400000000000002,franka,0.8275
596c71a7e55d4909b22514f3c018f15b,0.7245,2000,chandelier,0.0024978626212216817,0.536,2000,0.1885,franka,0.7245
f98c3e7ff9da48989d743e718c69f335,0.9715,2000,monitor_(computer_equipment) computer_monitor,0.030281314940424187,0.0915,2000,0.88,franka,0.9715
48b86820a1aa48ec962d45d7590e79f9,0.647,2000,lampshade,0.22353448532113762,0.5895,2000,0.057499999999999996,franka,0.647
ba2dccb476b64730a0bf997855245d22,0.5775,2000,bread,0.07488138416833479,0.3785,2000,0.199,franka,0.5775
5e5eb72eb4904dc0889971d97d6661e1,0.5355,2000,space_shuttle,0.00046259670252931067,0.315,2000,0.22049999999999997,franka,0.5355
01fd75058b974750a799ed5a9069527b,0.8395,2000,pocket_watch,0.00023607685332766455,0.256,2000,0.5835,franka,0.8395
b0df131669d44aa0859f4a0950cd81c1,0.5055,2000,spear,0.0019013104794047236,0.205,2000,0.3005,franka,0.5055
985466172dd34d4ca3a9b555a09ef1e2,0.0715,2000,burrito,1.1632171665541953,0.334,2000,-0.2625,robotiq,0.334
65e61bb61a904da8b7688c55ac427825,0.9385,2000,mallet,0.03720091117992944,0.4365,2000,0.502,franka,0.9385
7160a9958a5e4f2cb3f6573c37d6b558,0.0155,2000,giant_panda,0.015273932233466665,0.39,2000,-0.3745,robotiq,0.39
06f2017fee444e5f923826913a862d1c,0.689,2000,starfish,0.016588386449001628,0.354,2000,0.33499999999999996,franka,0.689
e19ccf3c45a94abe9bfcb2bdc4950ca2,0.4965,2000,necklace,0.010803043430018063,0.46,2000,0.03649999999999998,franka,0.4965
473d3302496d4c62b86a5ad31f7aa374,0.791,2000,ring,4.538239627916808,0.709,2000,0.08200000000000007,franka,0.791
4fa7ebf1f33e4631963f98224531c661,0.2475,2000,pigeon,0.025808233514214792,0.4335,2000,-0.186,robotiq,0.4335
c1b832e8778a4ff695e51b7caa8a1649,0.348,2000,mascot,0.03520515759073894,0.6225,2000,-0.2745000000000001,robotiq,0.6225
29e24da317c34d639175f6966b7d310b,0.7725,2000,gravestone,9.539738824190695e-05,0.2855,2000,0.487,franka,0.7725
07ccaa32f2ec4cd299329524e2c408a7,0.696,2000,parka,0.014503911355908675,0.312,2000,0.38399999999999995,franka,0.696
72826cd5c17a42798a8e8e36c05c5035,0.742,2000,clock,0.0021835052889009406,0.6555,2000,0.08650000000000002,franka,0.742
5b07b536c93849ed875a837ed8bcbd6a,0.763,2000,violin,0.1625292557423212,0.2975,2000,0.4655,franka,0.763
313f70c3d2664b768c16c22c2cf83ed5,0.767,2000,sportswear,0.0513192383564391,0.6525,2000,0.11450000000000005,franka,0.767
737126c497f048e388935ffad2355f35,0.3475,2000,bullhorn,0.009333861327874417,0.1775,2000,0.16999999999999998,franka,0.3475
e2aa3e4cc7b64408b453fed0d9732a51,0.2505,2000,cap_(headwear),0.566273890366572,0.128,2000,0.1225,franka,0.2505
66ac28410f5c4b1b9ba1bf2f4fd284a9,0.5725,2000,chessboard,0.0010825063720010753,0.2895,2000,0.28300000000000003,franka,0.5725
0e337f3fb21743dc9b9d58282cf940e2,0.933,2000,fire_hose,0.004703421285673592,0.596,2000,0.3370000000000001,franka,0.933
1cd383e97d304d509109fe737a994e2b,0.909,2000,shield,0.0003922148100791346,0.627,2000,0.28200000000000003,franka,0.909
e890caa3313b407496d1e28f8f386baf,0.8355,2000,rhinoceros,0.035114913716544495,0.783,2000,0.05249999999999999,franka,0.8355
2819c6fae8ac438eba43a35c2347d097,0.1385,2000,tachometer,0.06132864048166615,0.704,2000,-0.5654999999999999,robotiq,0.704
37a8bb139b3f42978c8cfec280df3019,0.7135,2000,corset,0.16139075940931483,0.269,2000,0.4445,franka,0.7135
ace99cbf2a6f42e2bfe48bad03b92199,0.62,2000,cup,0.0010452441842289525,0.0375,2000,0.5825,franka,0.62
b791d1a470ab43f3b3b310c7e8451e1c,0.9215,2000,padlock,0.0038232804565032155,0.364,2000,0.5575,franka,0.9215
50cf31ce7c5f4fecae378df7a0835a20,0.7345,2000,pet,0.35968870294981364,0.784,2000,-0.04949999999999999,robotiq,0.784
dc0325eeec364e89af485821637bb03f,0.9375,2000,solar_array,5.301205532291403e-05,0.7065,2000,0.23099999999999998,franka,0.9375
9586b39b49324d4ca045bcbc795d4ecc,0.911,2000,goggles,0.6722048281429416,0.1995,2000,0.7115,franka,0.911
de32ba1d09be48858e22ee9395fcd814,0.4025,2000,typewriter,0.43427877560988043,0.254,2000,0.14850000000000002,franka,0.4025
b9cbffb2c34f4771a6490c65886667a1,0.1975,2000,beef_(food),0.14498195971502928,0.4105,2000,-0.21299999999999997,robotiq,0.4105
c5ca1266a2c740a6aa3dc49ee33db56e,0.9295,2000,stirrup,0.0017506297448451195,0.2945,2000,0.635,franka,0.9295
353a648db4034239b131b77c5d55186f,0.611,2000,monkey,0.013728405717654674,0.4695,2000,0.14150000000000001,franka,0.611
9f38cf569e584667aca4c86c31e06711,0.805,2000,pizza,0.0011627168277309101,0.2285,2000,0.5765,franka,0.805
c8db5a6b6e0947c38888f476b7e4bd23,0.936,2000,keycard,0.011302879006925557,0.1085,2000,0.8275,franka,0.936
a503ae2a7bdd43ada7f3bea3ae0a523f,0.764,2000,cat,0.0014644823349065175,0.511,2000,0.253,franka,0.764
deedab89816e4c31abefb1144c2b3c4d,0.7095,2000,boom_microphone,0.007672138647383471,0.5715,2000,0.138,franka,0.7095
7cedf5cdd7894f58bf4cae7f5be9d6ca,0.587,2000,tobacco_pipe,2.02343351320804,0.574,2000,0.013000000000000012,franka,0.587
f510996f662447d597cfd9b891ec4710,0.1975,2000,piggy_bank,0.0036553134053774806,0.635,2000,-0.4375,robotiq,0.635
a205bd471e74481090e3c903070834af,0.671,2000,lamb_(animal),0.07349574996475458,0.643,2000,0.028000000000000025,franka,0.671
5b9e03a46de84bd58d3894cab9f40a78,0.8415,2000,curtain,0.002979376669178514,0.3765,2000,0.465,franka,0.8415
e8b1fb98c62d4e6ebdc48e70e633e6e3,0.402,2000,toaster_oven,0.0025213429064558216,0.292,2000,0.11000000000000004,franka,0.402
ac8332be15f345eab8849f957420e424,0.26,2000,wagon,3.4598758648259715e-05,0.096,2000,0.164,franka,0.26
1ed898c9179d469a96379c958f4267fd,0.6745,2000,crescent_roll,0.03751072529887819,0.607,2000,0.0675,franka,0.6745
42ef95c945084551b92ae7f63ef34f4c,0.6715,2000,jewel,0.043356400616755365,0.9155,2000,-0.244,robotiq,0.9155
02bd26e1454448e7b58964bc2d702418,0.0735,2000,mammoth,0.032129881099277065,0.016,2000,0.057499999999999996,franka,0.0735
c9433cb2268f497491a3dfb5bab1870e,0.323,2000,hamster,0.1263277767672317,0.654,2000,-0.331,robotiq,0.654
594d34137d004e7291bf79331d6bb459,0.136,2000,dress_suit,0.12228952059772687,0.2745,2000,-0.1385,robotiq,0.2745
304bcb95e181499d93e1fd75551f59f3,0.747,2000,forklift,0.028262170024159126,0.6445,2000,0.10250000000000004,franka,0.747
d7afff23c741411c82a5994ae9940669,0.923,2000,dining_table,0.020367846595588317,0.394,2000,0.529,franka,0.923
56573d84343b490785942284d102807b,0.972,2000,monitor_(computer_equipment) computer_monitor,0.11684766055305039,0.142,2000,0.83,franka,0.972
b85428f387ec440eb3876ea47ceae7fd,0.711,2000,motor_scooter,0.12330971707866804,0.58,2000,0.131,franka,0.711
fa0021e12f9f4ec1971345c7c9434685,0.9395,2000,clock,0.001275143271478491,0.515,2000,0.4245,franka,0.9395
68146b83617743b69060020d5882017c,0.595,2000,saddle_(on_an_animal),0.25259183836669336,0.441,2000,0.15399999999999997,franka,0.595
91366449ce6842f784748a914e29d641,0.733,2000,helicopter,0.00018373507656808364,0.5265,2000,0.20650000000000002,franka,0.733
553b2499edee48c18089c730d72624ed,0.907,2000,snake,0.002907053870458157,0.502,2000,0.405,franka,0.907
2d92be54d86b4e6295a6b2234f184830,0.6815,2000,tricycle,0.0003723650105732798,0.5135,2000,0.16800000000000004,franka,0.6815
d2474396006f4ba6aa84ff27e6475b45,0.9225,2000,anklet,0.006631822625124685,0.601,2000,0.3215,franka,0.9225
bf495d4fd93d461ebaa241f8613b777d,0.461,2000,hamper,0.19682845047460415,0.1135,2000,0.34750000000000003,franka,0.461
c4f2c045d106453980b704a2fc84e68d,0.6115,2000,guitar,0.30990046952977707,0.4675,2000,0.14400000000000002,franka,0.6115
43ca47cd6473442cbaed866fa3633278,0.0,2000,dishwasher,0.13213881990570958,0.0955,2000,-0.0955,robotiq,0.0955
7112ff509d064ad0a23d13553b5d558e,0.412,2000,teapot,0.08659356895876058,0.509,2000,-0.09700000000000003,robotiq,0.509
3eff5591f80e4b2d8ad15893a7d52ed8,0.5445,2000,earphone,1.6254188786025745,0.467,2000,0.07749999999999996,franka,0.5445
209c56eb6c36418abafafca259a8b818,0.8405,2000,helicopter,0.10129423910226427,0.5685,2000,0.272,franka,0.8405
8ae6080d8a0943e8b6316148a7fe61d1,0.404,2000,pigeon,0.07047324411557332,0.437,2000,-0.032999999999999974,robotiq,0.437
2e778682f8584353bc78e95e91ce8530,0.646,2000,wardrobe,0.0008085653846512309,0.344,2000,0.30200000000000005,franka,0.646
2258ad546c434096aab2822b8cf4cf27,0.8875,2000,loveseat,0.012621558307319956,0.8765,2000,0.01100000000000001,franka,0.8875
2553bf20c22f4400a827ef008cbe8233,0.038,2000,telephoto_lens,0.3213572082223956,0.112,2000,-0.07400000000000001,robotiq,0.112
6696691cb494481192452f4c255e97b5,0.225,2000,wine_bucket,0.051554349080875216,0.298,2000,-0.07299999999999998,robotiq,0.298
e89af135f53e470ba5f2bb2f056c3952,0.777,2000,fan,0.011035024814821756,0.3015,2000,0.47550000000000003,franka,0.777
0ec4ea7401f74d1194f75c9dcc5f42d0,0.1769815418023887,921,lampshade,0.6720470269030642,0.6825,2000,-0.5055184581976113,robotiq,0.6825
0539e6b913864b389261ccc8c3076c81,0.9595,2000,cornice,0.18178029738559168,0.3635,2000,0.5960000000000001,franka,0.9595
04e19437a0464cffae8872a725d3bc9b,0.976,2000,popsicle,0.8280465858249869,0.8165,2000,0.15949999999999998,franka,0.976
640c89d8bd9a43839fc9b696bd3c85e1,0.818,2000,pipe,0.0017673772322630752,0.348,2000,0.47,franka,0.818
aaa2eea8e09b433bb4df528361c18e30,0.625,2000,bowler_hat,0.016385528269321527,0.598,2000,0.027000000000000024,franka,0.625
f873d34a30784bd6b64176e3111e4fac,0.149,2000,hot-air_balloon,0.019595822719833508,0.3415,2000,-0.19250000000000003,robotiq,0.3415
91fb64afeb0f4799974ef8fb628f9407,0.4975,2000,dress_suit,0.05409481264713984,0.3485,2000,0.14900000000000002,franka,0.4975
4b7a4d43ef5a4e8ea5d5daf709ed655a,0.814,2000,tiger,0.03214023452619898,0.2165,2000,0.5974999999999999,franka,0.814
978f0d98d6474618a4f9047d6d9fd377,0.8555,2000,crown,0.06343765728389478,0.6005,2000,0.255,franka,0.8555
2f99e5323a204202a4533267cce06d8e,0.5025,2000,fish,0.28436198556229075,0.414,2000,0.08849999999999997,franka,0.5025
b39b032769ee4bdfbf42c137d5783806,0.322,2000,bouquet,0.10114055083975476,0.5305,2000,-0.20849999999999996,robotiq,0.5305
ffbe6bc8412b419c826ac9a3248f5c89,0.8445,2000,table,0.0010888303098757451,0.61,2000,0.23450000000000004,franka,0.8445
fc28c7110c15496dbe05d9cff4ba6a21,0.4855,2000,crabmeat,0.050505696902995764,0.321,2000,0.16449999999999998,franka,0.4855
cfbfcd7142444471888e172b2a4098f8,0.7665,2000,chocolate_milk,0.1390999325453185,0.4765,2000,0.29,franka,0.7665
9c8b2bb36dd046aa8c88fbbcd34f6e6e,0.8945,2000,cock,0.0035776244162819275,0.4605,2000,0.43399999999999994,franka,0.8945
b56be27d1f674349aacbb1352c6f914f,0.2545,2000,briefcase,0.0015525336134576432,0.1005,2000,0.154,franka,0.2545
776d44b2465f4c2c856fbe74c21d5927,0.3,2000,calculator,0.002251947801149454,0.1295,2000,0.17049999999999998,franka,0.3
a261df98b73740aeb8b93caed543f730,0.4865,2000,martini,0.028904627520667393,0.2785,2000,0.20799999999999996,franka,0.4865
75f06f19c7ff43368034cf736bcb110a,0.6385,2000,snowman,0.11271770764951396,0.6595,2000,-0.02100000000000002,robotiq,0.6595
6441b7f2164b4891889cbf627e0d9da7,0.8485,2000,wardrobe,0.0014397504343521838,0.1515,2000,0.6970000000000001,franka,0.8485
4e1a4eb6b9854983b66098d989dfc91a,0.028871391076115485,381,pumpkin,0.16338785154400973,0.386493083807974,1229,-0.3576216927318585,robotiq,0.386493083807974
ef020a491f8d4cebb2ba7d0c18e5cdb3,0.9835,2000,cigarette,0.0005267301728198472,0.2495,2000,0.734,franka,0.9835
a22031e23f5d44258962759ab530d1fa,0.7005,2000,thermos_bottle,0.6221919602806878,0.3145,2000,0.386,franka,0.7005
179b4438edfc4a43a27a83784f38ff4b,0.2945,2000,lion,0.1129681631247813,0.3245,2000,-0.030000000000000027,robotiq,0.3245
3d29c0ca23734c28954c1ec0c4d8f1ed,0.441,2000,teapot,0.04729237300053162,0.8945,2000,-0.45349999999999996,robotiq,0.8945
9be9e102cd6b45de81f15aeb21a6c00e,0.525,2000,birthday_cake,0.06218755151007738,0.7095,2000,-0.1845,robotiq,0.7095
db6bed238e6f49c498c1e6e0c2d06224,0.7955,2000,cupboard,0.021947320746533546,0.4795,2000,0.316,franka,0.7955
86b0c9fff81e452cb67e10f4bf5833dc,0.8495,2000,candle_holder,0.03255134776849885,0.8245,2000,0.025000000000000022,franka,0.8495
59d2b73fd057449ba5d137e59d4fac6e,0.7965,2000,chicken_(animal),0.0031501382695737433,0.5615,2000,0.235,franka,0.7965
7accf73c2b754ec1a969af691368c270,0.0415,2000,salmon_(fish),0.00707147244152783,0.4165,2000,-0.375,robotiq,0.4165
720f9de6144448fb834d12ddcfa40352,0.402,2000,control,0.0002607888489607032,0.4695,2000,-0.06749999999999995,robotiq,0.4695
7ede9c8eca704635a6649eeb53a6044a,0.4695,2000,turtle,0.006350885261490387,0.5165,2000,-0.046999999999999986,robotiq,0.5165
2aaf15a6bd6142aeadd3897bc30e39b4,0.912,2000,computer_keyboard,0.0009668265346181865,0.2735,2000,0.6385000000000001,franka,0.912
e74e2e3d22a744dcad7c944118ed76cc,0.9465,2000,egg_yolk,0.7783507329970903,0.1185,2000,0.8280000000000001,franka,0.9465
35902d53a7504dde83dd097f05696818,0.0,558,jewel,0.1747918396415152,0.305,2000,-0.305,robotiq,0.305
bb0a8ec8d00444d8a9956e0b1aa1913d,0.6525,2000,ostrich,0.00020450881470981453,0.4815,2000,0.17099999999999999,franka,0.6525
e1d0173f94b841919b1d5fb6b0409abc,0.002,2000,heart,0.0016868043819179455,0.331,2000,-0.329,robotiq,0.331
fadf9b71585446309544fa2701502627,0.0,888,keg,0.08770005344167973,0.0,2000,0.0,robotiq,0.0
62805680de084214b42b4a966076dfc7,0.361,2000,rabbit,0.00411247218164043,0.2525,2000,0.10849999999999999,franka,0.361
b547d81073b64d3e97200fd3ae9a74af,0.786,2000,bed,0.0012845047929773922,0.2565,2000,0.5295000000000001,franka,0.786
acdebb423f374ed8ba161b1c9d7ee168,0.043,2000,thermos_bottle,0.020768476139589497,0.382,2000,-0.339,robotiq,0.382
2651a32fb4dc441dab773b8b534b851f,0.652,2000,teddy_bear,0.019554196454605093,0.935,2000,-0.28300000000000003,robotiq,0.935
be40b822f50344c2a8bf84b68f56d991,0.126,2000,figurine,0.11039634321283076,0.3315,2000,-0.20550000000000002,robotiq,0.3315
090772a1894b45f6813ca2a04ae0857c,0.303,2000,tractor_(farm_equipment),0.03271373450950137,0.609,2000,-0.306,robotiq,0.609
3bcf2e379f0b48bab7969c6aa4f038f0,0.385,2000,pot,0.09145230732774333,0.5595,2000,-0.1745,robotiq,0.5595
5c55a08f18954902932b17c83b9c1418,0.962,2000,computer_keyboard,0.539383533218581,0.187,2000,0.7749999999999999,franka,0.962
ef272b3001574c62846750f11ac8ac59,0.831,2000,lampshade,0.35319925100083543,0.6125,2000,0.21849999999999992,franka,0.831
710ed30db285407c9aa1dd56421e6f87,0.7925,2000,alligator,0.08585928311928075,0.615,2000,0.1775,franka,0.7925
15054c624ab34530a6e7422af81123ce,0.898,2000,police_cruiser,0.0024098280889279923,0.9145,2000,-0.01649999999999996,robotiq,0.9145
bf5e6c6adf3346fe9b8425be4e200c26,0.6495,2000,figurine,1.0845735937371617,0.5145,2000,0.135,franka,0.6495
b07dba0b816d4e94814c66e9e34822f7,0.4735,2000,pot,0.001936320539956695,0.355,2000,0.1185,franka,0.4735
5128c71a17af4bac879807ace1e82bd6,0.947,2000,candy_cane,0.007639672514586854,0.5135,2000,0.4335,franka,0.947
a2318552b2e1404fb2e875421c841c6c,0.8995,2000,easel,0.0009252608011202085,0.4975,2000,0.40199999999999997,franka,0.8995
ccfd5c3f62a34c83b0e5d84fe2961d9c,0.977,2000,card,0.05139645153499286,0.108,2000,0.869,franka,0.977
5aacdd08e4f649dba15402e546c41614,0.7035,2000,sweat_pants,0.05245353089543312,0.6285,2000,0.07500000000000007,franka,0.7035
462ed0b290e94690a19238eaa63d7852,0.168,375,beachball,0.0004015288122548994,0.057,2000,0.11100000000000002,franka,0.168
512ab078829648bd9019da7d7ab3e0c7,0.794,2000,hummingbird,0.12527339497460505,0.391,2000,0.403,franka,0.794
0297ffd148ff48c1b02d32457be0387d,0.927,2000,ottoman,0.0001312753582943034,0.307,2000,0.6200000000000001,franka,0.927
c22a351375084f79a47ecec4b3d78ba7,0.8075,2000,elk,0.08362846612563513,0.4855,2000,0.322,franka,0.8075
6738d574614545bfb25cef43185b847c,0.5935,2000,headset,0.15534376232713862,0.1505,2000,0.44300000000000006,franka,0.5935
33ed1e7b5e07417180bc2055e57e7d98,0.939,2000,liquor,0.02185833007137499,0.249,2000,0.69,franka,0.939
6b46b33bdff44269bf9391774bb8dd63,0.7225,2000,blanket,0.016431906504052705,0.8115,2000,-0.08899999999999997,robotiq,0.8115
572ff4b067a247f18c176599ad45c67b,0.487,2000,skirt,0.12106909310270629,0.598,2000,-0.11099999999999999,robotiq,0.598
c7f79fbc547b4b85826624566739d85a,0.3285,2000,armor,0.18633227878233669,0.1675,2000,0.161,franka,0.3285
771e62e4f43d4c3c81f7d35a8884578c,0.954,2000,plume,0.24967313095870156,0.2375,2000,0.7164999999999999,franka,0.954
4e5afd0f0c5a424a88e5391f73402548,0.894,2000,wedding_ring,0.003644336964659545,0.715,2000,0.17900000000000005,franka,0.894
4253ed4b9fc6484293ecb0be4aca26d7,0.799,2000,toilet,0.0007808913124059453,0.7895,2000,0.009500000000000064,franka,0.799
639a0f42e3a6400999ec884356bcc0c7,0.939,2000,cleansing_agent,0.0028199446914336443,0.2365,2000,0.7024999999999999,franka,0.939
5822d8d5d7c542368bbfad252b0c26cb,0.7725,2000,drill,0.06903809045710645,0.579,2000,0.1935,franka,0.7725
8a8b0cefe5bf45b981b30f7a4a11d082,0.927,2000,spectacles,0.0017670966633014506,0.385,2000,0.542,franka,0.927
1f9108d505b245bfa225a44af41e554e,0.874,2000,projectile_(weapon),0.052039233297750676,0.362,2000,0.512,franka,0.874
cab6cdc695df438ba893954bf6277c1a,0.8765,2000,pew_(church_bench),0.09969964035013772,0.463,2000,0.4134999999999999,franka,0.8765
1320bf0fd1b242cd8cfda77d381a147f,0.925,2000,projectile_(weapon),0.0043667135947900336,0.435,2000,0.49000000000000005,franka,0.925
6bce2a4bf6f54ebd9502823a453db665,0.956,2000,identity_card,0.20905321450440081,0.149,2000,0.8069999999999999,franka,0.956
332831127f724ae8b55245abafe1306e,0.1115,2000,mask,0.06915777208941966,0.635,2000,-0.5235,robotiq,0.635
ef64ff2b81b446d488243d48c3d2871d,0.0125,2000,pinecone,339.93519568316066,0.2595,2000,-0.247,robotiq,0.2595
df59ac5e13844fd28c84c0c279015cda,0.908,2000,hippopotamus,0.0001316959078361422,0.9765,2000,-0.0685,robotiq,0.9765
4033e836df22474a9df4664de00122e1,0.635,2000,trench_coat,0.015514894860773095,0.573,2000,0.062000000000000055,franka,0.635
4f2d897023894715a44f40c568dfc755,0.526,2000,awning,0.01991453655274361,0.482,2000,0.04400000000000004,franka,0.526
0e2dd2889082479d9b323a6cddfd8018,0.79,2000,dress_hat,0.005779860270122744,0.6565,2000,0.13350000000000006,franka,0.79
9e1aa2ff2b5c47c2aeca457a3f6b2f53,0.9205,2000,broom,0.0009527126102563729,0.574,2000,0.34650000000000003,franka,0.9205
57b086a9447f44fa9f31acd3e8c37de1,0.6115,2000,antenna,0.005720734226349349,0.4955,2000,0.11600000000000005,franka,0.6115
af958c82c89e4d3b96b40188757fe924,0.202,2000,flag,0.025986587921529195,0.177,2000,0.025000000000000022,franka,0.202
a4795c3b0fa0431295e56eee903d82e2,0.9335,2000,stapler_(stapling_machine),0.0006961651707950875,0.578,2000,0.35550000000000004,franka,0.9335
e66bbf01dbd14d15999296d8355f985f,0.3745,2000,elephant,0.5672139235710613,0.4,2000,-0.025500000000000023,robotiq,0.4
34fe6d9dd0d340ec99489705eb145fcf,0.911,2000,telephone_booth,0.04190539353915933,0.271,2000,0.64,franka,0.911
2556bb64f1414de7afb8a299097ef279,0.0,583,refrigerator,0.035664036075771934,0.2215,2000,-0.2215,robotiq,0.2215
ea91bdbd359843df936ce40f63c1e40e,0.0006157635467980296,1624,coffee_maker,0.4372305351591779,0.099,2000,-0.09838423645320198,robotiq,0.099
aa9013a57c4e4cb787c037b5687e0bcc,0.7885,2000,cupcake,0.0007161539258861356,0.234,2000,0.5545,franka,0.7885
26409dc84ff248f0b59ae125389756ba,0.0,2000,barrel,0.0006400060154451953,0.6465,2000,-0.6465,robotiq,0.6465
70c5fe31e48743e5b36d739d6789ce2c,0.736,2000,motor_scooter,0.02082167132293101,0.779,2000,-0.04300000000000004,robotiq,0.779
5f9716bc030b467181e2470499df706a,0.9385,2000,runner_(carpet),0.000491315314557072,0.1785,2000,0.76,franka,0.9385
1a098ec926f544e9811a7a0b45e57e96,0.857,2000,rabbit,0.04938224652125249,0.6945,2000,0.16249999999999998,franka,0.857
91b66666487140f586dcf16de0ac54b4,0.2365,2000,frog,0.03924147606725162,0.243,2000,-0.006500000000000006,robotiq,0.243
70383e60cf2649cf93149b235e971595,0.897,2000,coat_hanger,0.46539350487668835,0.47,2000,0.42700000000000005,franka,0.897
ec880a582a77461e9c95c639a06cc376,0.907,2000,earphone,0.3619827600939659,0.7755,2000,0.13150000000000006,franka,0.907
33fb9c9dbb9b498f873841e5010eb603,0.952,2000,straw_(for_drinking),0.0027290281487540595,0.4355,2000,0.5165,franka,0.952
6ed3b867c9d647f8b5cc3d290eec7887,0.639,2000,gargoyle,0.005326893416074474,0.4945,2000,0.14450000000000002,franka,0.639
77f00280d56b468381d75bf9392496be,0.878,2000,mug,0.0015139567758920209,0.7,2000,0.17800000000000005,franka,0.878
0883b71d23d74ea6a3f0d6c9bce4d09f,0.18,2000,fighter_jet,8.489449468796898e-07,0.0825,2000,0.09749999999999999,franka,0.18
e2bf3efb91f545de9e9b5d0926ecaa5e,0.8925,2000,leather,0.06374749061562872,0.585,2000,0.3075,franka,0.8925
8a4fa265227e46489bca9739d71e8542,0.319,2000,seashell,0.17708440625067848,0.0565,2000,0.2625,franka,0.319
73003cee6e3645ce827fc168583bdab0,0.5245,2000,shoe,0.1173567668617769,0.3065,2000,0.21799999999999997,franka,0.5245
da436f5030ed493a863900b5f157b3b4,0.7785,2000,ambulance,0.002473458275100757,0.67,2000,0.10849999999999993,franka,0.7785
3d97ddac9bfd4a7895e9ae5fbf7667fb,0.818,2000,step_stool,0.07679962432691338,0.624,2000,0.19399999999999995,franka,0.818
ba86c6600e824089b0756d7eb2162e97,0.327,2000,flagpole,0.012151628284142034,0.12,2000,0.20700000000000002,franka,0.327
370fc716c1bb422288646a630ba6d9ec,0.8825,2000,crow,0.007973489155750491,0.261,2000,0.6214999999999999,franka,0.8825
e82ccc11cc1d423385f84ccfedb79652,0.7075,2000,dollhouse,0.0009488042703524893,0.5545,2000,0.15300000000000002,franka,0.7075
55eb947c070149288fe0ac2dcdde9f9e,0.299,2000,horse,0.0017543202195617882,0.2635,2000,0.035499999999999976,franka,0.299
03400f3a6ecd45b6aace4a36174ffd10,0.3825,2000,ram_(animal),0.003178614370166906,0.198,2000,0.1845,franka,0.3825
26bb5c1b06ca4825ba2bb387aa1aaae2,0.913,2000,puncher,0.04155430262007842,0.377,2000,0.536,franka,0.913
74383f15d59540d8a063bf456b81f307,0.0015,2000,fishbowl,0.04332795812674346,0.946,2000,-0.9445,robotiq,0.946
e886ef51f2e844ca8df77d041151068b,0.5595,2000,lamp,0.003625481701980517,0.189,2000,0.3705,franka,0.5595
8c7822746cd04e348bd9471a63206f66,0.9215,2000,dustpan,0.19995613091779027,0.501,2000,0.4205,franka,0.9215
539875c4f92f4a13a8e215eb460eb68d,0.6375,2000,gorilla,0.006774528327311617,0.674,2000,-0.03650000000000009,robotiq,0.674
e20d0d51217a4536b9e3d7a5c1d79551,0.673,2000,car_(automobile),0.0013346267375674021,0.592,2000,0.08100000000000007,franka,0.673
5df89d991d3d469b9ee6d1f35ffaf554,0.347,2000,teddy_bear,0.12240591603952149,0.4685,2000,-0.12150000000000005,robotiq,0.4685
cb34dbb8bd17433d94b916d7023e0d52,0.9485,2000,foal,0.003457920541078164,0.7075,2000,0.241,franka,0.9485
f676081ce3a44b42b7dd7cffce96bc66,0.843,2000,towel,0.049641870811389446,0.302,2000,0.5409999999999999,franka,0.843
596c1e4851a240dba38b6291aa978e70,0.9865,2000,orange_juice,0.10149628503880317,0.2595,2000,0.7270000000000001,franka,0.9865
0c22c62d84304528a7afed0ac9e81f1d,0.619,2000,cone,0.00023350704616169349,0.115,2000,0.504,franka,0.619
056cfd8c9b984719b1f96fd7829c981d,0.7945,2000,airplane,0.0001123863729705411,0.3855,2000,0.409,franka,0.7945
a01b7fc797654102a84e3e17ae01c057,0.0,1308,toaster_oven,0.09200800052362477,0.0275,2000,-0.0275,robotiq,0.0275
b882cb6e4e7645c783ab856650c4df8f,0.014,2000,wolf,0.18505082384579663,0.3705,2000,-0.3565,robotiq,0.3705
6b96570d62fd4173aeeb9314ece38374,0.8195,2000,glove,0.00018872674440862636,0.758,2000,0.0615,franka,0.8195
40d37300b3fe400fa56c2a8d1b3f576e,0.397,2000,blazer,9.443515273785093e-05,0.5435,2000,-0.14649999999999996,robotiq,0.5435
3791ba4746354cb2a854c6a54b8f677c,0.821,2000,freight_car,0.03364009606968942,0.397,2000,0.42399999999999993,franka,0.821
a914a855633a4185bab8f37b996bc690,0.7425,2000,gemstone,0.0009131190282509385,0.96,2000,-0.21749999999999992,robotiq,0.96
ec4cada0aad64e2c995000f6aadb4c0a,0.5825,2000,puppet,0.04300779328647053,0.684,2000,-0.10150000000000003,robotiq,0.684
e144f6659eab44f887fc562b694714ae,0.886,2000,seashell,0.0932364180049781,0.119,2000,0.767,franka,0.886
6dfba42794e445719010caf0a1ceca7c,0.0,1571,trash_can,0.018028206913489258,0.05,2000,-0.05,robotiq,0.05
3fb4b128ec7646c08ebb5623aee58d86,0.47,2000,bicycle,0.0067150443665834735,0.73,2000,-0.26,robotiq,0.73
051c3db9337c412e947887477a28bb27,0.854,2000,violin,0.1625732793213355,0.3715,2000,0.4825,franka,0.854
e67e1b3c67804122b70eef386ebdc0be,0.6195,2000,backpack,0.004858995003427088,0.5055,2000,0.1140000000000001,franka,0.6195
7823190220bf43c5a4a9ee28e07b19f1,0.572,2000,telephone,0.00022715677007198882,0.215,2000,0.357,franka,0.572
68fbfcf86cd042ecbba518e2d8c83cc1,0.0115,2000,coffee_maker,0.0014193969106812965,0.627,2000,-0.6155,robotiq,0.627
95966053ee514557ac7155ac99ea9a5d,0.9875,2000,stereo_(sound_system),0.41056743639128335,0.0485,2000,0.9390000000000001,franka,0.9875
011f2cd821e94596863378daa134cf0e,0.92,2000,monitor_(computer_equipment) computer_monitor,0.19936389748391087,0.219,2000,0.7010000000000001,franka,0.92
b86531d3096d4d32af2fe6467ff7e810,0.857,2000,pirate_flag,0.10055129968101886,0.197,2000,0.6599999999999999,franka,0.857
dbb3f5bcf7914454b283184c2b3c1571,0.672,2000,goose,0.46235835843228495,0.518,2000,0.15400000000000003,franka,0.672
f57bb579c5da4b9c95f1cb874ec558f7,0.104,2000,refrigerator,0.159397603859197,0.2475,2000,-0.14350000000000002,robotiq,0.2475
ab37bb2a24c8485a8061fe8a3bb4debe,0.8565,2000,swimsuit,0.00010255192140454929,0.6055,2000,0.251,franka,0.8565
2e24c83d4d354f90abf93148ce57914d,0.763,2000,cabinet,0.0026497327465448994,0.5695,2000,0.1935,franka,0.763
21b09159464244b9a6f620ed4ef82d27,0.9685,2000,stepladder,0.026890252696465448,0.247,2000,0.7215,franka,0.9685
2ad083f232464b1186df4e752e586e3e,0.7765,2000,bowler_hat,0.05367696242223511,0.4515,2000,0.32499999999999996,franka,0.7765
bd5d65e9b19c429aa5e4c53504959d7e,0.755,2000,mop,0.04483837514241582,0.356,2000,0.399,franka,0.755
42f0a41639a14d62ba6ccd77846ba7f1,0.9795,2000,thermos_bottle,0.004031827272856237,0.9525,2000,0.027000000000000024,franka,0.9795
f1470058877b422a8bf4d9ba0bd6a23e,0.51,2000,sunhat,0.012909000062768902,0.471,2000,0.039000000000000035,franka,0.51
ffd5e10812564f47abb94901be99d1be,0.9205,2000,crucifix,0.19208503370890004,0.448,2000,0.4725,franka,0.9205
7c2a12eee81f4e81a3399f7777b427e4,0.7905,2000,dress_hat,0.6237582274285846,0.072,2000,0.7185,franka,0.7905
9b85b776a5c84729b797b70614064e8a,0.923,2000,dining_table,0.005124745594296888,0.034,2000,0.889,franka,0.923
67dfbea6a58346809116be2fefb50680,0.574,2000,Christmas_tree,0.0686574417437804,0.51,2000,0.06399999999999995,franka,0.574
efa2f1f33966447e8d21d605fecf5231,0.6385,2000,shoe,0.031395297666251154,0.316,2000,0.32249999999999995,franka,0.6385
557971d30f8f4e5a889810edcc85cef5,0.392,2000,cantaloup,0.4961347996005534,0.8495,2000,-0.4575,robotiq,0.8495
2e0e34afe2fb4980ad4185e05c1fa742,0.004,2000,dishwasher_detergent,0.04224466757433891,0.7575,2000,-0.7535,robotiq,0.7575
38dd2481ebbe4ed6b9d494cd2d1cfe30,0.8965,2000,frying_pan,0.0009614547014222573,0.3955,2000,0.5009999999999999,franka,0.8965
8a092cc5c02042318891092cb531f5f6,0.549,2000,seabird,0.005275003312607741,0.3945,2000,0.15450000000000003,franka,0.549
4a1267b0e6504829bedc74c7ba0a7e98,0.464,2000,corkscrew,0.006360098026586537,0.8665,2000,-0.4025,robotiq,0.8665
0723d6edc23d496e871e417ecc0e0aef,0.23795871559633028,1744,pitcher_(vessel_for_liquid),0.01738392047785267,0.4725,2000,-0.2345412844036697,robotiq,0.4725
b08b925ad711464098f609887167f507,0.53,2000,cistern,0.0003926113502228047,0.631,2000,-0.10099999999999998,robotiq,0.631
fc1d01c96aeb48e48e4b9048f4a811a5,0.001,2000,tachometer,0.015177161418104273,0.0915,2000,-0.0905,robotiq,0.0915
319fe609a7044bae88ba343bec58a4d9,0.959,2000,earphone,0.00028887256588467855,0.6005,2000,0.35849999999999993,franka,0.959
9b47c3ded5bc420daed5a76d245720f6,0.9535,2000,crucifix,0.0003797169612260688,0.5905,2000,0.363,franka,0.9535
56eb4dae6885444c8e4390411d902811,0.819,2000,corkscrew,0.0020939472140318323,0.7365,2000,0.0824999999999999,franka,0.819
b6917ef452364b67b23b2ffc0d213667,0.9295,2000,dress,0.06605054326230139,0.719,2000,0.21050000000000002,franka,0.9295
018b358c037f43489f1f2354685f6764,0.6045,2000,deer,0.023261360970794,0.479,2000,0.12550000000000006,franka,0.6045
e3467ea791e24a86a1349d25cf98a1c8,0.9465,2000,computer_keyboard,0.061661528374282265,0.5265,2000,0.42000000000000004,franka,0.9465
8357ac3f3b1e4483bf75acf0cd291742,0.7255,2000,cape,0.01742001798468082,0.3985,2000,0.327,franka,0.7255
72d3fecdf1a44c5baf43d0d90532f873,0.816,2000,sink,0.008368865478714994,0.6685,2000,0.14749999999999996,franka,0.816
a44930f9c14544a6ae6967d5544417e8,0.893,2000,guitar,0.02644619997194161,0.3955,2000,0.4975,franka,0.893
f405dd5b3e304f66bb4502467ca7fec2,0.9595,2000,shield,0.11966887272644826,0.065,2000,0.8945000000000001,franka,0.9595
777e9e284d504b939281e927745b7f69,0.249,2000,kettle,0.12956691047354027,0.3275,2000,-0.07850000000000001,robotiq,0.3275
0beaa1b3ce4e4e10b5a9923dbb6cc4e5,0.9015,2000,dishwasher_detergent,0.021293868487279898,0.218,2000,0.6835,franka,0.9015
187d6eab4f1a469eb506d1d53ecd09da,0.8595,2000,asparagus,0.017015406838976038,0.5895,2000,0.27,franka,0.8595
4182dd9459994e22a883069bc41fea68,0.988,2000,painting,0.1388802559537956,0.1135,2000,0.8744999999999999,franka,0.988
38c6d1391e2d41e390c9f8d8d0ec36dd,0.508,2000,motorcycle,0.0002765940439694755,0.407,2000,0.10100000000000003,franka,0.508
c33dfff904d44f4cbca526186aaa3fc9,0.612,2000,poncho,0.020201998851818743,0.6515,2000,-0.03949999999999998,robotiq,0.6515
91a9a29597594a02aa4086dbfeefb1fe,0.917,2000,tassel,8.571984059872666e-05,0.4595,2000,0.4575,franka,0.917
c6483785fb2f46b7bb323704cd799ea0,0.8065,2000,sombrero,2.8724077286953937e-07,0.203,2000,0.6034999999999999,franka,0.8065
a802ecd67cfc459f9f1060f188ff6fc8,0.7685,2000,drone,0.017665725533630293,0.486,2000,0.2825,franka,0.7685
f5f729f957584d10b962e40e81b98393,0.715,2000,wedding_cake,0.08458669601323164,0.6155,2000,0.09949999999999992,franka,0.715
ca725657da624228b3f0c483dd4fba9d,0.38,2000,bedspread,0.04781785388118946,0.202,2000,0.178,franka,0.38
430caf0e795d47ce8e55e845bcdd9588,0.008,2000,triangle_(musical_instrument),1.4239904525455673,0.209,2000,-0.20099999999999998,robotiq,0.209
741f01b969da4f1da568b2744aafa3ca,0.8505,2000,shoe,0.0004607065568721653,0.616,2000,0.23450000000000004,franka,0.8505
7506e9731f214d37a2498115de8f7623,0.698,2000,bunk_bed,0.03391403323465017,0.819,2000,-0.121,robotiq,0.819
f3e7a26d3c144d0894658a7a33893fbe,0.0365,2000,owl,0.08303791579056946,0.273,2000,-0.23650000000000002,robotiq,0.273
48e999874aa94429b31412c9d8f8e6b7,0.496,2000,Christmas_tree,0.007149974144794141,0.476,2000,0.020000000000000018,franka,0.496
1c195eaf90b441089c46c1116cdd62b3,0.6775,2000,watermelon,7.449000183940193e-07,0.823,2000,-0.14549999999999996,robotiq,0.823
e0ee9a93c85b4ebbb6fdb771a378c149,0.714,2000,walrus,8.119381324890948e-05,0.892,2000,-0.17800000000000005,robotiq,0.892
7342b56116334f0c8289b7ba497050df,0.852,2000,calculator,0.036651014557079815,0.797,2000,0.05499999999999994,franka,0.852
14fa34e16090452f88098c29e1ceca32,0.846,2000,toilet,0.039766152750056974,0.769,2000,0.07699999999999996,franka,0.846
ced850c3f651463b8c3d3ef08bf6db02,0.1565,2000,costume,0.003838081216509661,0.5295,2000,-0.373,robotiq,0.5295
16d741cdfb544c4ebe1303151a6d5ddc,0.3045,2000,cap_(headwear),0.13182994820988705,0.03,2000,0.27449999999999997,franka,0.3045
6c18505bd6be4ae9b1fc8b04fe96f026,0.929,2000,goggles,0.7492430735398994,0.4775,2000,0.45150000000000007,franka,0.929
85842981b24940ba8f9c3a973ae73b6f,0.269,2000,trash_can,0.02276101028484652,0.6005,2000,-0.3315,robotiq,0.6005
82c6768ddd1e4617831063223a7f1246,0.644,2000,cash_register,0.008894846718168412,0.617,2000,0.027000000000000024,franka,0.644
414589ca777643ff9037857760f9ea92,0.754,2000,trophy_cup,0.041021546128172104,0.5,2000,0.254,franka,0.754
259f7cd8c86b469bbceaa81aae533aa6,0.5295,2000,grizzly,0.041637843332095734,0.5505,2000,-0.02100000000000002,robotiq,0.5505
472d646ce4a8402695ce79ae5cfff82a,0.0,2000,frog,0.06707699160466644,0.4515,2000,-0.4515,robotiq,0.4515
ce17aabc51ba47bfbc7342a963b095e9,0.537,2000,chicken_(animal),0.30221065542370723,0.869,2000,-0.33199999999999996,robotiq,0.869
63e73114fca2471781bbd685546b4d6b,0.6185,2000,seahorse,0.0011839583964826802,0.461,2000,0.15750000000000003,franka,0.6185
0e5451ae286d40088fcaefa2b6fb5e97,0.9385,2000,bedpan,0.09568085813224518,0.1555,2000,0.783,franka,0.9385
aefebe80487042a8811040e71ed91599,0.6685,2000,figurine,0.020727317711224665,0.48,2000,0.1885,franka,0.6685
1e0630e55c4b4e37a0667e7f1fcc9eb8,0.008,2000,piggy_bank,0.00025549103429736274,0.3025,2000,-0.2945,robotiq,0.3025
18f409c293094545ad3b569ac9088995,0.926,2000,vending_machine,0.04178732633611043,0.3865,2000,0.5395000000000001,franka,0.926
1389004d1eb945078e9176a4b1818b99,0.6445,2000,shoe,0.002909136710574729,0.7745,2000,-0.13,robotiq,0.7745
e7925af708214cacbc776142e31e274d,0.7305,2000,lantern,0.076457001706791,0.782,2000,-0.05149999999999999,robotiq,0.782
d4b1bdd4467d43f4b4a9f59aed18ff1d,0.465,2000,pet,0.7141715077021288,0.4135,2000,0.051500000000000046,franka,0.465
87fe870bd8e04dceabaed89bb2cd6e14,0.459,2000,mask,0.27239965994476156,0.6215,2000,-0.16250000000000003,robotiq,0.6215
b40ad937675341e190dc39168f5ee8d7,0.724,2000,deer,0.016746803294071105,0.659,2000,0.06499999999999995,franka,0.724
6e127bf8350c4ceb90bbc5eefe4d3e4c,0.97,2000,doormat,0.030910070992553308,0.0195,2000,0.9505,franka,0.97
b49dc1778b0b430cabdbad327d6e2e0d,0.5365,2000,bedspread,0.0010657734635571945,0.1805,2000,0.356,franka,0.5365
d9c2a4e2a88e496289934f63e2968c40,0.9225,2000,stereo_(sound_system),0.004260431604216435,0.2225,2000,0.7,franka,0.9225
a5923998c60547c7a7887f11f2f2088d,0.6195,2000,ginger,0.03397541278093926,0.803,2000,-0.1835,robotiq,0.803
78ce9fcb771a4187a61a08492338f543,0.486,2000,streetlight,0.0003932010016258545,0.482,2000,0.0040000000000000036,franka,0.486
6cc2442301a14ff0ba5ab13ce67b0a8b,0.307,2000,sandwich,0.03614682961407842,0.8935,2000,-0.5865,robotiq,0.8935
9926c2a955ce4529858a57fd0f9d60d4,0.8165,2000,pitcher_(vessel_for_liquid),0.0003281272566076279,0.7515,2000,0.06500000000000006,franka,0.8165
68cce42515f04a289071c2474f2b1652,0.4655,2000,Christmas_tree,0.0024880961090796207,0.6645,2000,-0.19899999999999995,robotiq,0.6645
6c6a1f5757b34f7485133a91bb85cabe,0.5785,2000,bathtub,0.0002570106699103147,0.5765,2000,0.0020000000000000018,franka,0.5785
0e541713f1144f039ec8e566e2cb9b56,0.9515,2000,gourd,0.00423785351020349,1.0,2000,-0.04849999999999999,robotiq,1.0
c78071fe7eba49798a751fa07d0ee0fa,0.524,2000,motorcycle,0.0002975771644046493,0.4425,2000,0.08150000000000002,franka,0.524
9817b60dcd404fddb5ce16112fec2fe4,0.939,2000,boom_microphone,0.00013597913367512505,0.4995,2000,0.43949999999999995,franka,0.939
479082003e3e4f99bf5d36039164a7a7,0.777,2000,lawn_mower,0.11984865307017065,0.5635,2000,0.21350000000000002,franka,0.777
20c3b63daa1944d2bb209fc21abc58da,0.849,2000,pliers,0.14715860759406388,0.5185,2000,0.3305,franka,0.849
efe65b3c28054f2399bd577d19c3e9c9,0.794,2000,glove,0.12938814210756014,0.845,2000,-0.050999999999999934,robotiq,0.845
9abc650d6e644236b998ddc3c090984b,0.613,2000,coloring_material,0.005640903484838475,0.653,2000,-0.040000000000000036,robotiq,0.653
9d53c4f8a4394a9ca333da20138cd897,0.6395,2000,chair,0.1846841486040841,0.2315,2000,0.4079999999999999,franka,0.6395
b0f168b52efd4644a34ab13365ac4a26,0.9575,2000,sword,0.23333276006486106,0.3865,2000,0.571,franka,0.9575
5350e6ec2afa48ca864cc216fa4af76e,0.834,2000,salami,0.7387146863066266,0.2305,2000,0.6034999999999999,franka,0.834
990c417836e44d0bb0001bcd1c851e55,0.822,2000,cylinder,0.0005497030761737639,0.213,2000,0.609,franka,0.822
d01852b9ab9249748b6ddd102bfdcda0,0.489,2000,figurine,0.08700581220872787,0.2455,2000,0.2435,franka,0.489
13b9b033c35247209bf07ed158a50a1b,0.6105,2000,mascot,0.033718208429981224,0.54,2000,0.07050000000000001,franka,0.6105
e73fc978a3d94d0985593f5393103e94,0.424,2000,bulldog,0.3063890165948736,0.6015,2000,-0.17750000000000005,robotiq,0.6015
33ad082fda9e4d07a0889ebe8d841c6b,0.8145,2000,dragonfly,0.0001735223789971082,0.434,2000,0.3805,franka,0.8145
6cd9d9f74d614123aa9c10e85ec9408e,0.9005,2000,chair,0.14739881926930165,0.428,2000,0.4725,franka,0.9005
22398cff046149a29651be0fc3cf39ea,0.8635,2000,sparkler_(fireworks),0.03952605231819682,0.596,2000,0.26750000000000007,franka,0.8635
ab51eebd3c3d447d9e2968efd3085bce,0.9015,2000,salmon_(food),0.00043107231510290553,0.7545,2000,0.14700000000000002,franka,0.9015
716a867e38c94d9dad278c1befe1aaeb,0.7605,2000,dog,0.029530902588997363,0.6595,2000,0.10099999999999998,franka,0.7605
e6dbdb8aa5174be78fd944c21ec72e5d,0.639,2000,fireplug,0.01569781492121401,0.6655,2000,-0.026499999999999968,robotiq,0.6655
eba77c4126d2458a93481231c4831b3b,0.8425,2000,broccoli,0.1576091820995645,0.5305,2000,0.31200000000000006,franka,0.8425
aad866316e0e4af7928dfe38b465c858,0.974,2000,space_shuttle,0.01106351326978447,0.913,2000,0.06099999999999994,franka,0.974
216b2f1ead574acb80f47c3f5d31288e,0.646,2000,hog,0.18253684277398632,0.596,2000,0.050000000000000044,franka,0.646
45a0272235cc4f4a95d18905df3a3972,0.881,2000,shopping_bag,0.005684049972033638,0.2785,2000,0.6025,franka,0.881
75afd2f8e5ef496ab0d18cd0ad4ad190,0.032,2000,mushroom,0.12758402108996936,0.3645,2000,-0.3325,robotiq,0.3645
436f6844fdf64364bb96ccdf6703fb2f,0.834,2000,cassette,0.02772950185755375,0.6275,2000,0.20650000000000002,franka,0.834
9a7cf8a3f2174c5581506527fa2b17d9,0.823,2000,drill,0.001351960471329852,0.5475,2000,0.27549999999999997,franka,0.823
65ab98889be840c28be9f07a5f03427c,0.7725,2000,coloring_material,0.0006049119676505081,0.2885,2000,0.484,franka,0.7725
538b7ec077a4488c9e1151980f7064a3,0.44,2000,belt,0.15459407726361316,0.088,2000,0.352,franka,0.44
945c394dd4a24602af03d75d5b762932,0.68,2000,shopping_cart,0.000178534118060629,0.374,2000,0.30600000000000005,franka,0.68
7e6a9d9d648a448da4caef0e29c814f3,0.901,2000,postbox_(public),0.029050071410056333,0.7025,2000,0.1985,franka,0.901
25d2e4dd016640139562a1ad23828ad3,0.0007980845969672786,1253,orange_juice,0.5161073572138557,0.6475,2000,-0.6467019154030327,robotiq,0.6475
fe43d109c4394cdb88e620a3c30fcd3d,0.6493927125506073,1235,pumpkin,0.0016114905321329579,0.4580265095729013,1358,0.19136620297770596,franka,0.6493927125506073
8870b9e07f7c41fe9f4ff44d27b95cbe,0.91,2000,control,0.8965170686051844,0.3395,2000,0.5705,franka,0.91
130ad85e76a2451599b0962e49f91ca7,0.0,224,hamper,0.00787483656588551,0.004,2000,-0.004,robotiq,0.004
e5c6cae2c71b45fe8fee9657af246c2c,0.0415,2000,bowl,3.103180267387053,0.022,2000,0.019500000000000003,franka,0.0415
8d835a1ccaa34a10ab52e907dde7a9b2,0.808,2000,canoe,0.01593631993964256,0.3615,2000,0.44650000000000006,franka,0.808
9f61bfa2cee94cb8a63fd4d78b876ebe,0.8735,2000,wrench,0.6591491834527264,0.4175,2000,0.45600000000000007,franka,0.8735
805083c159f14cd189a37ad28c87e545,0.7065,2000,forklift,8.978422011545321e-05,0.7325,2000,-0.026000000000000023,robotiq,0.7325
4631e22e938940caa841d632246b3f66,0.6495,2000,mushroom,0.6093901538564127,0.6405,2000,0.009000000000000008,franka,0.6495
8298dabcec59406f9dca8eff370e2f7b,0.074,2000,telephoto_lens,0.00046648719276491375,0.8885,2000,-0.8145,robotiq,0.8885
58874dc37c2e46088cfc1c0601c7e4a1,0.919,2000,guitar,0.0015576583574187176,0.3565,2000,0.5625,franka,0.919
907a4dcea6b04b4c920936860c308323,0.471,2000,mascot,0.05162156048707507,0.436,2000,0.034999999999999976,franka,0.471
b7aa7644a6f9481b89da16eb2b9ca39b,0.0045,2000,sandwich,0.01372994132193696,0.303,2000,-0.2985,robotiq,0.303
0efbc54a5a584494bf60f77698197f75,0.691,2000,sweatband,0.8961193387738121,0.489,2000,0.20199999999999996,franka,0.691
0e768df9f0b34fd7aa742fe675427e23,0.622,2000,binoculars,0.017936322473326927,0.77,2000,-0.14800000000000002,robotiq,0.77
4d2f4fc53bbf4c4bb9a1fed821e0dbf3,0.956,2000,boom_microphone,0.018099135335008034,0.616,2000,0.33999999999999997,franka,0.956
bfde241c93014269928af8191f831224,0.935,2000,onion,0.06627561678787998,0.9515,2000,-0.01649999999999996,robotiq,0.9515
359a17121a744e1cb1e9b5cee7b8161d,0.1285,2000,money,0.20148485817929668,0.427,2000,-0.2985,robotiq,0.427
c6bae6042551416790ca7af87f501eb0,0.7795,2000,carrot,0.012446508804449667,0.945,2000,-0.16549999999999998,robotiq,0.945
8485da1a3ce94f4b91b627d5e4e53a9a,0.959,2000,screwdriver,0.19909255911190485,0.7275,2000,0.23149999999999993,franka,0.959
dfda6e71d079425ea07a55ea47b94da2,0.8905,2000,bottle,0.0367272767522958,0.471,2000,0.4195,franka,0.8905
49617ebcf2824de3856d4fa59d402538,0.876,2000,fire_extinguisher,0.0008572925274570111,0.718,2000,0.15800000000000003,franka,0.876
ff993f2a369240ec94bf52612c964bb8,0.6205571565802114,1041,pumpkin,0.14233802019706362,0.34222919937205654,1274,0.27832795720815484,franka,0.6205571565802114
bb2e9ed896914999b8a5ba1ef99127bc,0.795,2000,leather,0.012090938248523104,0.6355,2000,0.1595000000000001,franka,0.795
5eb529ca7d8a46f5832c584c80b15f00,0.113,2000,coffeepot,0.14700516351028858,0.3475,2000,-0.2345,robotiq,0.3475
eef2f5ce5d2a42a5898fc5ddb3b6d536,0.932,2000,candy_cane,0.006615816872730828,0.6615,2000,0.2705000000000001,franka,0.932
f4fee954475a46a5bfa98cf3f4f0d0d9,0.748,2000,Dixie_cup,0.22436700711095467,0.6375,2000,0.11050000000000004,franka,0.748
222ba81cc5f1494bbc052b87df829f49,0.4915,2000,alligator,0.022732054073214828,0.538,2000,-0.04650000000000004,robotiq,0.538
9c4f6493ccdd430db378b84b0702fe81,0.652,2000,mascot,0.010979254231929365,0.5565,2000,0.09550000000000003,franka,0.652
236df1e91d6c4a33b4efa0502e50fa98,0.749,2000,owl,0.041995433854791916,0.9455,2000,-0.1965,robotiq,0.9455
9544dc9d7f064c1c993f2cf17e858334,0.361,2000,swimsuit,0.03118162771930084,0.122,2000,0.239,franka,0.361
f6d6a80c25ca4b8aa7da66763275d0d5,0.6135,2000,chinaware,0.7617726619370975,0.455,2000,0.15850000000000003,franka,0.6135
2f720ea69cb2407ba8598c02305ce524,0.888,2000,pole,0.0005135057057297224,0.39,2000,0.498,franka,0.888
78c531b540c84e9db17e095dd4dbe9a6,0.2205,2000,bicycle,0.004161497962647858,0.192,2000,0.028499999999999998,franka,0.2205
5f98f66cc39343909370bd8f70aa1e82,0.932,2000,table,3.3819938744978794e-05,0.235,2000,0.6970000000000001,franka,0.932
6d14266b35f14468892123ae4122ab72,0.4945,2000,tablecloth,0.14109529277612062,0.3515,2000,0.14300000000000002,franka,0.4945
b4492758da7b45108e1591c28cf95023,0.931,2000,coatrack,0.0025456212240279495,0.442,2000,0.48900000000000005,franka,0.931
60b52dd19079404386acac0c3bc33d7c,0.7305,2000,telephone,0.044538856371578346,0.754,2000,-0.023499999999999965,robotiq,0.754
9f9055b7bd2349b899f7dd87d5a1922d,0.102,2000,bus_(vehicle),0.10334997091436421,0.5815,2000,-0.47950000000000004,robotiq,0.5815
10ab0817519343ecb21748b0a8e3542e,0.5285,2000,chalice,1.3269995828119465,0.298,2000,0.23049999999999998,franka,0.5285
e3e30694cd504b38aa01c01b918f2e3b,0.562,2000,army_tank,0.020242442524995262,0.5505,2000,0.011500000000000066,franka,0.562
43930e0b791d4359b293891c700d42c3,0.671,2000,rifle,0.0007380842275822388,0.403,2000,0.268,franka,0.671
7adcc8376d0c43ee87c40a3b70b9b1d5,0.924,2000,glass_(drink_container),0.0029830178858941594,0.4295,2000,0.49450000000000005,franka,0.924
99de0cf15c0046a9afa3d3de35cfda38,0.6985,2000,cooking_utensil,0.0005458259418592368,0.3715,2000,0.327,franka,0.6985
68b7d018f43f4c47922d5059bac9ab8c,0.41,2000,bear,0.002459019454042982,0.521,2000,-0.11100000000000004,robotiq,0.521
512158da5f394bc79a844acf8fa972ab,0.4285,2000,pizza,0.17385060517931775,0.0715,2000,0.357,franka,0.4285
b72411a8065e4c5688fe27e98f1bf497,0.859,2000,monitor_(computer_equipment) computer_monitor,0.00021798435393636842,0.289,2000,0.5700000000000001,franka,0.859
5c093f791e1645028e11f8cca609743e,0.52,2000,kitten,0.002833563467850857,0.475,2000,0.04500000000000004,franka,0.52
f0296ef0a4604b8195f7361320bfaa7a,0.3985,2000,milk,0.011234017127212321,0.3095,2000,0.08900000000000002,franka,0.3985
0a597869a5fe4d07b20034a440384fc3,0.9425,2000,dispenser,0.020047806195373528,0.862,2000,0.08050000000000002,franka,0.9425
3dc9f840d2d648118551670bb9a5f0cc,0.8145,2000,teakettle,0.03134067974697683,0.9805,2000,-0.16600000000000004,robotiq,0.9805
dee110d229e54d59a9e084173b18fd26,0.6915,2000,bear,0.0008140343383182218,0.927,2000,-0.23550000000000004,robotiq,0.927
7f48874e62ec41a4beafbb6c92fce097,0.9925,2000,comic_book,0.13448364238537186,0.012,2000,0.9805,franka,0.9925
f89e397029064849be915b087f7745ef,0.0,1340,wedding_cake,0.033980369431746434,0.4205,2000,-0.4205,robotiq,0.4205
5fcf6ddd66804fe190389f0ae1585ccb,0.8685,2000,sportswear,0.07793474200336602,0.632,2000,0.23650000000000004,franka,0.8685
1e31404f5c7246fcb99d53884dd52503,0.1535,2000,awning,0.00023911208591765004,0.2555,2000,-0.10200000000000001,robotiq,0.2555
215542a03c634080b302875ccf66f956,0.0,1262,egg,0.048359000313466835,0.812,2000,-0.812,robotiq,0.812
6467eae771d94f4e8224f57f83a2a8c3,0.9665,2000,doorknob,0.08608226478855684,0.25,2000,0.7165,franka,0.9665
594556459b204019996e1e2c2b0a97d8,0.672,2000,chessboard,0.023766291090581534,0.2215,2000,0.4505,franka,0.672
0846167f9302450cba1926c6fc5d6d42,0.641,2000,crab_(animal),0.00884634914743516,0.4765,2000,0.16450000000000004,franka,0.641
21af1e278bbe4fbaa5aade6295d45c7f,0.8415,2000,starfish,0.00029442402487071356,0.2105,2000,0.631,franka,0.8415
74a5d1da231d464b85dc51d63493c1aa,0.7445,2000,drone,0.00047528387633251817,0.423,2000,0.32150000000000006,franka,0.7445
31293307f7a947a28a4ebbbd1e0a81f5,0.604,2000,control,0.00014711117401853605,0.3925,2000,0.21149999999999997,franka,0.604
98bf55f327e1412382b80a42b1116b67,0.5315,2000,armor,0.0043082644892129965,0.326,2000,0.20549999999999996,franka,0.5315
5c1723090dd3487aabcb2b2d5bc35c07,0.0,2000,wall_clock,0.6208167194996885,0.131,2000,-0.131,robotiq,0.131
f84c35be43aa423585da752baae0d6ec,0.963,2000,dustpan,4.135974193593286e-07,0.193,2000,0.77,franka,0.963
92a1f382f1564f199e954a05ed2dc349,0.7915,2000,motor_scooter,0.0003574827457965012,0.4925,2000,0.299,franka,0.7915
1fdb702ad88e41e2b90a5af4037bbfd3,0.7665,2000,sink,0.09797590011765536,0.2955,2000,0.471,franka,0.7665
8926f6be27704713980076253a78e057,0.042,2000,headboard,0.0011299490055183667,0.209,2000,-0.16699999999999998,robotiq,0.209
59af3ba10d034484b710348dcfa319d2,0.9255,2000,fighter_jet,0.010377880261067582,0.415,2000,0.5105,franka,0.9255
c34b893d6e7c4267abad4b4fc79ff01a,0.8935,2000,popsicle,0.7592690269726002,0.221,2000,0.6725,franka,0.8935
bf346177ad9b43fe8226c473ca13eec1,0.7625,2000,sheep,0.007964933862060675,0.7225,2000,0.039999999999999925,franka,0.7625
83eadd4f930e44728757b2cbeb56e92e,0.4075,2000,bunk_bed,0.001684023650278128,0.2765,2000,0.13099999999999995,franka,0.4075
04c91ce29a4d475882fb74b611fea099,0.001,2000,crate,0.08423377915346618,0.0005,2000,0.0005,franka,0.001
99de8bd7fb8d40c39989ddac0f98214a,0.9375,2000,computer_keyboard,0.01300584260747292,0.1455,2000,0.792,franka,0.9375
90fbd4f247b444049b5bc64be3200678,0.903,2000,coffee_table,7.868108264567656e-05,0.1905,2000,0.7125,franka,0.903
e8be6d9e97b14e12a489d4b312a4bd68,0.573,2000,futon,0.005801499322277097,0.231,2000,0.34199999999999997,franka,0.573
c9e23e65e1824d57a3a97048d11f0b54,0.882,2000,helicopter,0.05112590578291884,0.503,2000,0.379,franka,0.882
0ec729037b4e4eb7a9df8e865ee40b09,0.5065,2000,corset,0.06822359830360147,0.558,2000,-0.0515000000000001,robotiq,0.558
46240f7b97a1467fa42532490a58e0b8,0.8125,2000,ladder,0.00961507952536928,0.944,2000,-0.13149999999999995,robotiq,0.944
97c9143a092b4ef5af551305bf2e1c51,0.0,518,die,0.013590917792769894,0.0025,2000,-0.0025,robotiq,0.0025
cc0dcccd616c4d00a20a265803dd8c76,0.3515,2000,butterfly,0.0001551493322491183,0.2775,2000,0.07399999999999995,franka,0.3515
70db1c37b96c4c50811b68a446c0de01,0.7775,2000,slipper_(footwear),0.37888452110814946,0.8115,2000,-0.03400000000000003,robotiq,0.8115
9a3632e29a3e4ad3a4e1a15a7d380bcc,0.8485,2000,suspenders,0.002848039592552241,0.5425,2000,0.30600000000000005,franka,0.8485
256356dca0b14822bf0c0dc41a7d0a0d,0.879,2000,passenger_car_(part_of_a_train),0.0014301731514038464,0.472,2000,0.40700000000000003,franka,0.879
78440f26dbb64b9ea0edf1a218ab8090,0.945,2000,carton,1.19660785011936,0.131,2000,0.814,franka,0.945
0334d2d16bdb4310b84a973b9a696b13,0.7685,2000,jar,0.016232099846219556,0.531,2000,0.23749999999999993,franka,0.7685
7953cf2a6bdc4e6a9eefca86ce5900dd,0.928,2000,log,0.05587051055299505,0.944,2000,-0.015999999999999903,robotiq,0.944
fac6cb6cadef4ebf962a772feeeae7c3,0.8755,2000,flamingo,0.006825277256217673,0.5815,2000,0.29399999999999993,franka,0.8755
852a943086684f03b6c3157eed78bb08,0.834,2000,marker,0.1233685019005542,0.2885,2000,0.5455,franka,0.834
3c0a4febce5f4c189b25e3463ac18c66,0.6185,2000,spider,0.03370184982833387,0.5105,2000,0.1080000000000001,franka,0.6185
0135d63c4b1c499d9f7bfe103e1cd2d0,0.7575,2000,heron,0.02575769766796259,0.4915,2000,0.26599999999999996,franka,0.7575
19376ab6ef9e4a3aa33d465614cac27d,0.191,2000,piggy_bank,0.0015044415275028689,0.897,2000,-0.706,robotiq,0.897
42cbfc14c40b468db869bd1ac032ab75,0.171,2000,sportswear,0.000525734747255199,0.08,2000,0.09100000000000001,franka,0.171
d498651cd446456793ad3475ab16f12e,0.451,2000,cornice,0.0009878679028269633,0.1395,2000,0.3115,franka,0.451
dd2d5c0ede1e49738b616b1c6b6e8c25,0.734,2000,newspaper,0.007883037648564607,0.76,2000,-0.026000000000000023,robotiq,0.76
8c8141711ab84308950de9054ad498d2,0.0,1470,pumpkin,0.12150491211001065,0.0,2000,0.0,robotiq,0.0
a5083e2fe9ac4685a129df3eefbfde1d,0.307,2000,jacket,0.017090421121468174,0.281,2000,0.025999999999999968,franka,0.307
41a0813f4ed04559a532a3956c5ae64c,0.8385,2000,drone,0.10890084574946261,0.4665,2000,0.372,franka,0.8385
7dc8c30e10cc46a1a052e7a30cab8a83,0.756,2000,hot-air_balloon,0.0010257752882053203,0.534,2000,0.22199999999999998,franka,0.756
6d64aec1c7434acfa04df8d11de67a7c,0.8505,2000,bucket,0.0012940668903553287,0.126,2000,0.7245,franka,0.8505
887ca82b3c2f4f5ba0bc30c45148a84b,0.9115,2000,popsicle,0.009368085467637078,0.9185,2000,-0.007000000000000006,robotiq,0.9185
41b460fb56df49b88dee6d20da01ce99,0.8095,2000,chalice,0.04921768150574465,0.417,2000,0.3925,franka,0.8095
1893382c7fa24b78a0d464d62310ab7a,0.7715,2000,cistern,0.0004392178062328865,0.5675,2000,0.20399999999999996,franka,0.7715
d33522b94a11432fb8a43364e684207e,0.681,2000,microscope,0.0016681348471708124,0.5335,2000,0.14750000000000008,franka,0.681
2dffea891a8a4121af4ccd29ae9aed18,0.239,2000,pan_(metal_container),0.1591862152003551,0.1475,2000,0.0915,franka,0.239
bd1e4a2c1d884ea59b16181ccab37573,0.8115,2000,calculator,0.05603823519635493,0.198,2000,0.6134999999999999,franka,0.8115
77e34b5b67b64963a67f0d8d5e4eacae,0.597,2000,cracker,0.031231239202863095,0.234,2000,0.363,franka,0.597
70442fa7ab914e7e97cc2974ce47bb9d,0.369,2000,boiled_egg,0.0290654912033938,0.6295,2000,-0.26049999999999995,robotiq,0.6295
022f2092ded7436ca793f1948d7db12f,0.0,3,pillow,0.20968934813738774,0.0012391573729863693,807,-0.0012391573729863693,robotiq,0.0012391573729863693
79a43c562fd1402b8acd2984eda5d260,0.733,2000,seashell,0.002391922230569483,0.136,2000,0.597,franka,0.733
8c094187ab104c83a5aa27454063c15a,0.979,2000,water_bottle,0.013716045352815495,0.878,2000,0.10099999999999998,franka,0.979
f32e2f4ae4a348e3bbb3c97753632e6a,0.004,2000,cooker,0.0722493473875512,0.115,2000,-0.111,robotiq,0.115
8c70d3ed793f43a495eb32f5294aaaad,0.906,2000,monitor_(computer_equipment) computer_monitor,0.10311677328590427,0.816,2000,0.09000000000000008,franka,0.906
66b40aabfe7447128fbe4126530e7e96,0.002,2000,milk_can,0.0005389912246684549,0.42,2000,-0.418,robotiq,0.42
339b8902625e4f458882aeb764ecfb0c,0.8,2000,deer,0.0195317030459951,0.4745,2000,0.32550000000000007,franka,0.8
6a102f4e252648ba9f868dd9e3d8ad0d,0.8605,2000,hog,0.028833587263545245,0.874,2000,-0.013499999999999956,robotiq,0.874
6c5bd43da4164deb983a78d87281cfbb,0.894,2000,snowman,0.00020436408012531327,0.8735,2000,0.020499999999999963,franka,0.894
c91c976f9ac14fddb902f9d655a8b2bf,0.312,500,cantaloup,1.6291769045350244,0.312,2000,0.0,robotiq,0.312
683e2043a99d4bddb750098a934e3533,0.0,2000,bouquet,0.04211587299235295,0.032,2000,-0.032,robotiq,0.032
3cdcea7b797346e1a072ba8456492b88,0.8935,2000,headstall_(for_horses),0.016128617473723954,0.974,2000,-0.08050000000000002,robotiq,0.974
bb20bbffdcc741b0b1513db659a9110a,0.7335,2000,water_jug,0.30344189363409496,0.9825,2000,-0.249,robotiq,0.9825
d96f74f0dc6f49559083c110fef37e2f,0.9385,2000,blazer,0.12497067213561831,0.5135,2000,0.42500000000000004,franka,0.9385
2df97bfe17f14cfe985053582cd67e81,0.0,1299,water_cooler,0.08766641332736774,0.012422360248447204,1932,-0.012422360248447204,robotiq,0.012422360248447204
c29dd1d11bf84417b9f69db247abf0b8,0.482,2000,bedpan,0.0019163783413458201,0.1335,2000,0.3485,franka,0.482
c230649ade1b475cbbe427c8d5a9b2dc,0.8265,2000,wristband,0.004189520294450673,0.261,2000,0.5655,franka,0.8265
04c5a12c37454230b58f2e3d8386bf9c,0.853,2000,chopstick,0.012455230776413825,0.728,2000,0.125,franka,0.853
627f8924e9e640d7be96f3e38c5c6330,0.9355,2000,monitor_(computer_equipment) computer_monitor,0.09135643661792091,0.128,2000,0.8075,franka,0.9355
9de3d9d0a7df4c85b5e90fb260a9938d,0.3985,2000,handcart,0.01711031717555494,0.4575,2000,-0.059,robotiq,0.4575
ded805f4810c4df4b0f9536cb70f0a08,0.953,2000,handle,0.026409231144777584,0.583,2000,0.37,franka,0.953
14d76cc31f824dce97295111161d4007,0.487,2000,soupspoon,0.1418208960085932,0.4185,2000,0.0685,franka,0.487
7f20a97a3250400aaccc9af3eeb7f155,0.9535,2000,globe,0.11087968494551316,0.9805,2000,-0.027000000000000024,robotiq,0.9805
8e30f525aa61481f8ec4ca22a3a5cc83,0.6625,2000,kitten,0.03502134714124922,0.759,2000,-0.09650000000000003,robotiq,0.759
861ceedf64914d849a429f5b49cbefb2,0.6105,2000,mushroom,0.06308006302744905,0.759,2000,-0.14849999999999997,robotiq,0.759
544714a813ec4050aab5db09e5afb17c,0.0,3,seashell,0.5827032329430905,1.0,2000,-1.0,robotiq,1.0
0b0228b5960f413da9234c42cd6e5a81,0.528,2000,phonograph_record,1.2395043007343476e-08,0.6335,2000,-0.10549999999999993,robotiq,0.6335
47f87e3d70f644289e34cbff91255d0c,0.5495,2000,motorcycle,0.06521337765346671,0.6555,2000,-0.10599999999999998,robotiq,0.6555
86de082f9fcb41dd8c9cca53e0a49c45,0.3715,2000,wind_chime,1.891223420865466,0.4075,2000,-0.035999999999999976,robotiq,0.4075
0b726db918f94fdb9e7a44048321472c,0.3625,2000,duffel_bag,0.010753009534808051,0.232,2000,0.13049999999999998,franka,0.3625
f4c59c3813a04a1bab8ca0e1e9ab7c35,0.758,2000,barrel,0.08384431071145682,0.88,2000,-0.122,robotiq,0.88
0eded1c2ca7a4cb0aca586a37451cbd6,0.761,2000,hat,0.0656828910813799,0.3285,2000,0.4325,franka,0.761
95335a4582e24288a32aaccf7364e933,0.0,640,toaster_oven,0.1681474727033698,0.0185,2000,-0.0185,robotiq,0.0185
f98b9b49be904dd0bc0af35564154542,0.853,2000,identity_card,0.002465664504533796,0.506,2000,0.347,franka,0.853
09986328dcba48cba717f4299ac928f4,0.9185,2000,puppet,0.001631578284659542,0.556,2000,0.36249999999999993,franka,0.9185
27ce91e2f2754ca8bb0b00fe2644ae39,0.6635,2000,grizzly,0.05408097887332236,0.5185,2000,0.14500000000000002,franka,0.6635
3bcc0c28ced04e3abf7f6cbf004d46b4,0.9725,2000,shield,0.00037178427170773563,0.31,2000,0.6625000000000001,franka,0.9725
8e7e458f80434b87961d563143f2baf4,0.9245,2000,truffle_(chocolate),0.003973832734020825,0.5385,2000,0.386,franka,0.9245
983fa8b23a084f5dacd157e6c9ceba97,0.7625,2000,pony,0.06345867044392771,0.7485,2000,0.013999999999999901,franka,0.7625
fcbdb78c20ad4c788f25090fbda8da48,0.4285,2000,log,0.04755839497936372,0.36,2000,0.0685,franka,0.4285
9b59afbf4a694e8cb6daa0e0235cff86,0.92,2000,seashell,0.0010059020963586482,0.2285,2000,0.6915,franka,0.92
82c003cd4d724fc4b21bc61cfe7168ec,0.0,2000,sweet_potato,1.0701081773081775,0.224,2000,-0.224,robotiq,0.224
d0bf0076e829471a8b7ea85dbc32b363,0.752,2000,lemonade,0.0017083809977637004,0.944,2000,-0.19199999999999995,robotiq,0.944
03eb535e459446aa8ee4c0022a248db9,0.66,2000,radiator,0.0015013959025120187,0.3285,2000,0.3315,franka,0.66
bbcd5ba505c541f59b3e286e9abf3f4e,0.0,180,keg,0.08713282326256329,0.13,2000,-0.13,robotiq,0.13
2d2382ed02db4b4e962981114fcad746,0.96,2000,mallet,0.07903048758590006,0.648,2000,0.31199999999999994,franka,0.96
82fa6ca1a23e41c4afdb93382ee5644e,0.4925,2000,sled,0.0016021211428795302,0.4115,2000,0.08100000000000002,franka,0.4925
03b69da8d2c94b5999bcf2605ee2ecd9,0.7065,2000,snowman,0.11249960192961306,0.638,2000,0.0685,franka,0.7065
2b59042166864c929c4d7134f5cad444,0.9795,2000,cushion,0.00010318239747928484,0.2405,2000,0.7390000000000001,franka,0.9795
49d81cd52df6422a81132835c2555b2f,0.7635,2000,motorcycle,0.007588947899290492,0.7625,2000,0.0010000000000000009,franka,0.7635
70dea595c5164a34959582a19c44e8f8,0.5445,2000,cornice,0.00015597524916183,0.2805,2000,0.26399999999999996,franka,0.5445
f078ec4957764c5daa43cc0105aaf064,0.0495,2000,guitar,0.003334258398265431,0.0525,2000,-0.0029999999999999957,robotiq,0.0525
4116b0b4583049d5bdf55daffb0693f3,0.038,2000,cylinder,0.0875217933184744,0.3265,2000,-0.28850000000000003,robotiq,0.3265
a7785ac7ce7f4ba79df661db33637ba9,0.169,2000,water_bottle,0.017881048364982444,0.159,2000,0.010000000000000009,franka,0.169
58190ee855394ca0beeb492b3d97791d,0.9365,2000,ax,0.0388593901010916,0.3345,2000,0.602,franka,0.9365
694ab0c46f874e1ba7e30d2f271b3546,0.6575,2000,mascot,0.02854131978157771,0.468,2000,0.18949999999999995,franka,0.6575
31b1d8a21fb44c1ca97fad867a5306fb,0.02512562814070352,199,pumpkin,0.9091327236069364,0.7705,2000,-0.7453743718592964,robotiq,0.7705
2ed0b409fb994018abf11a4dc2e83da9,0.908,2000,parasol,0.002886418520024125,0.3015,2000,0.6065,franka,0.908
7c8c94ed8c324cb6a7dfe6ce9fc084ca,0.843,2000,corset,0.35498677418720465,0.2145,2000,0.6285,franka,0.843
41dd506baf4c44bb9ba17f244f24c5f3,0.925,2000,newsstand,0.0007639092826825552,0.1305,2000,0.7945,franka,0.925
d3f5eb15cb42415fb180a3c389e91d7e,0.715,2000,bowling_ball,0.15010817918967392,0.7775,2000,-0.0625,robotiq,0.7775
8398765db21d4499920cac3f355d7e7c,0.875,2000,chocolate_bar,0.0018526453888595162,0.381,2000,0.494,franka,0.875
f3c2bc67d4a54f37b41433fd67c83aa8,0.5415,2000,gravy_boat,0.0005137115478200901,0.5405,2000,0.0010000000000000009,franka,0.5415
3a7f33f6a10c4a8bb36a053a203a4eea,0.728,2000,nightshirt,0.0010451860439649548,0.414,2000,0.314,franka,0.728
ed7707e79b774052845f90d12f44a729,0.4885,2000,giant_panda,0.09734683665311203,0.51,2000,-0.02150000000000002,robotiq,0.51
4b383818e58f48079a0a19a4add13637,0.6685,2000,horse,0.005056460771097525,0.4725,2000,0.196,franka,0.6685
ec6aefdb1c584976b047c95234be7807,0.2595,2000,rearview_mirror,0.009116938749890911,0.451,2000,-0.1915,robotiq,0.451
9645cd0a8e084a60bc86fbfff7862c34,0.6359807460890493,1662,toolbox,0.28619977643487715,0.184,2000,0.4519807460890493,franka,0.6359807460890493
2704a3eb44f349b3b2982580b08faa15,0.923,2000,cucumber,0.33023406599205823,0.925,2000,-0.0020000000000000018,robotiq,0.925
0a3fa07a6c244500941b2a747d290046,0.6605,2000,pitcher_(vessel_for_liquid),0.009536052827268753,0.6565,2000,0.0040000000000000036,franka,0.6605
092d998579834a32acc69cfe59cb4139,0.909,2000,sunglasses,0.0007747402073151561,0.2945,2000,0.6145,franka,0.909
de20a2592a2245a6bc94b3c10fd55a79,0.6025,2000,milkshake,0.014584406430303462,0.4125,2000,0.19000000000000006,franka,0.6025
0a1be4094d844d72b225de98da809b02,0.5265,2000,turtle,0.04856743598575302,0.4505,2000,0.07599999999999996,franka,0.5265
bd228f381ad443fa992358a030a1153a,0.795,2000,tiger,0.08002149034886949,0.143,2000,0.652,franka,0.795
17d4bd4b851c47c4b0c823b785aebc25,0.3755,2000,slipper_(footwear),0.48027919817574743,0.33,2000,0.045499999999999985,franka,0.3755
774bf1ec4c8f401d86c470010b04a855,0.8425,2000,halter_top,0.3702650605448355,0.096,2000,0.7465,franka,0.8425
6f054321e329476d859df23b608dc7f6,0.6475,2000,garden_hose,0.0005286820954985647,0.2835,2000,0.364,franka,0.6475
a8ad1bf89f6c43df8e4dca7237b306da,0.8435,2000,hat,1.2199314427776884,0.15,2000,0.6935,franka,0.8435
d83948efbf134624aa6533b62f095035,0.7235,2000,dove,0.0030026871320623697,0.5145,2000,0.20900000000000007,franka,0.7235
1ba5627725fe4d4782ad5ca6304defb8,0.8965,2000,wagon,0.07789241826172236,0.3555,2000,0.5409999999999999,franka,0.8965
db50a1f088e4437cbd68b0510d419721,0.068,2000,birthday_cake,0.0022813699818154203,0.475,2000,-0.407,robotiq,0.475
64af3c54db5a40e78d9ec93002b7c111,0.2335,2000,kitten,0.03612313088162967,0.6345,2000,-0.4009999999999999,robotiq,0.6345
7db8ad6ac71d4c0a8df13850d6d01338,0.888,2000,machine_gun,0.17230528556582164,0.477,2000,0.41100000000000003,franka,0.888
7698651d136d440b8a2de35a4ecc2ffe,0.8075,2000,blimp,0.07793807062031523,0.882,2000,-0.07450000000000001,robotiq,0.882
00642d469eaa4b8f9a86abd68e1cc769,0.6435,2000,notebook,0.0009275484447703538,0.0345,2000,0.609,franka,0.6435
190218e050fd471e9718a930f94628ea,0.252,2000,sword,0.0030284883757167053,0.193,2000,0.059,franka,0.252
ec82ac312c014bb2bdc5f17eddb96318,0.031,2000,wall_clock,0.4574042961129293,0.3385,2000,-0.3075,robotiq,0.3385
75c206e5f7854f169cc4013274e54c9f,0.815,2000,wardrobe,5.601096450955851e-05,0.288,2000,0.5269999999999999,franka,0.815
9d60e6185e46452fa5499b1d720552c8,0.0,1928,salad,3.106385085125305e-05,0.0,2000,0.0,robotiq,0.0
e8d4c95602a74ff09bc1c62da48dc788,0.7715,2000,pony,0.10540389793086313,0.565,2000,0.20650000000000002,franka,0.7715
eb4efe40bc60475ca7f7369925f00a16,0.913,2000,pistol,0.34368372534071084,0.4705,2000,0.44250000000000006,franka,0.913
dcb5d1114c094e2ea12c33e7286a287d,0.9635,2000,baguet,0.00894595863234174,0.622,2000,0.3415,franka,0.9635
a30cdc77fc894caba2aa578698b248b8,0.9675,2000,mousepad,0.4694994794740035,0.0455,2000,0.922,franka,0.9675
0a3da81bfa904cafa446ab97e7a62cad,0.0,2000,keg,0.015882559104894316,0.6475,2000,-0.6475,robotiq,0.6475
5844f16346f9439fa650e97432b24bc3,0.9025,2000,candle_holder,0.08334203489443787,0.6125,2000,0.2899999999999999,franka,0.9025
c6fef6b9a16c4599be66568c56f77b2c,0.698,2000,dolphin,1.220553036120807,0.573,2000,0.125,franka,0.698
dcf8545a20cf47ad88d6018f107a1700,0.787,2000,globe,0.1085722865759763,0.1625,2000,0.6245,franka,0.787
7c00eea07b004402ac5b63ace4b2b78f,0.93,2000,tapestry,0.20988610844887098,0.0665,2000,0.8635,franka,0.93
d5aa77e6835a44bb90a28cbd5ea64249,0.911,2000,coffee_table,0.07817468871025349,0.4485,2000,0.4625,franka,0.911
4caf1c2f332f4aee84246d626289b4d7,0.8965,2000,toy,0.021881325895107523,0.641,2000,0.25549999999999995,franka,0.8965
67bace5056304a4da95e9903d52650e0,0.2735,2000,lion,0.21228383456483102,0.198,2000,0.07550000000000001,franka,0.2735
f245dd2b1de342d188e5279020e84108,0.84,2000,television_set,0.03386429573736675,0.5975,2000,0.24249999999999994,franka,0.84
cedae25d954141089bc46d297970e46f,0.8865,2000,carton,0.04067551636795184,0.55,2000,0.3364999999999999,franka,0.8865
dc1fe22f12f94049849654973a833cd2,0.497,2000,seashell,0.03897116127485948,0.81,2000,-0.31300000000000006,robotiq,0.81
9d5c53fd0fb543e2afbcd4982ff4b893,0.0,1395,hog,0.21548362824686673,0.3155,2000,-0.3155,robotiq,0.3155
abfa2cf5257b499abfe717c24d49f81c,0.5605,2000,car_(automobile),0.010074041229970321,0.449,2000,0.11149999999999999,franka,0.5605
24ce2e678e714c35baacc8691a5d79cd,0.5835,2000,slide,0.019371465917160432,0.4435,2000,0.14,franka,0.5835
a4e2cd64e3244512a85e6753307570cb,0.795,2000,highchair,0.1198769424455939,0.5155,2000,0.2795000000000001,franka,0.795
7b6a036bf0164ca7ab809b1b3ddf4926,0.9575,2000,bicycle,0.0015482324790375129,0.3405,2000,0.617,franka,0.9575
48fd19eb272346a3b3c615e8d74758a2,0.9085,2000,bedspread,0.08158083183291366,0.921,2000,-0.012500000000000067,robotiq,0.921
4b92c2d96bf944a2b94a4cc27dea32b6,0.9405,2000,camera_lens,0.07320159902542653,0.829,2000,0.11150000000000004,franka,0.9405
641d827001434ad6b187b23bb348aa10,0.895,2000,handle,0.00022299150340534133,0.4815,2000,0.41350000000000003,franka,0.895
b4cd9d7ed4124531bf2c8511609a966d,0.955,2000,necklace,0.0008151013430635754,0.466,2000,0.48899999999999993,franka,0.955
2fb3c8c315474a6caaccc63ec00d0536,0.7295,2000,banana,0.5898873808650005,0.461,2000,0.2685,franka,0.7295
b68ca06a1edb4edaae1978fda36c6aa4,0.734,2000,eclair,1.2661516070811025,0.5395,2000,0.1945,franka,0.734
4204ebc430364660a336a3ba20d327af,0.8925,2000,fish_(food),1.345318539438125,0.749,2000,0.14349999999999996,franka,0.8925
6813826f9126436fa1248d7eeb792f66,0.332,2000,television_set,0.7327131890843078,0.2175,2000,0.11450000000000002,franka,0.332
4bd91490eb3943ffa9d7a639a55e19ec,0.783,2000,turban,0.17392691651104927,0.4575,2000,0.3255,franka,0.783
78e47fd0e12c4401aede24e4f70853f7,0.9575,2000,keycard,0.02194256791290086,0.5935,2000,0.364,franka,0.9575
1e439d130092410a9abb5c9822b39881,0.353,2000,baguet,0.6684088955212268,0.491,2000,-0.138,robotiq,0.491
a548ec65b43844fb90f570ba132a0391,0.4625,2000,basket,0.02709130226172275,0.1125,2000,0.35000000000000003,franka,0.4625
08fb109905b34d5fbcd715a68c5ab30c,0.8105,2000,wedding_ring,0.013464737800648524,0.341,2000,0.4695,franka,0.8105
4dfa90f069ba4eab8e23167919d63e02,0.4745,2000,tablecloth,0.0027638978137877307,0.3805,2000,0.09399999999999997,franka,0.4745
e2e82a222bf242a29b15e9aa6e8e7ecb,0.201,2000,snake,0.0035198087308804886,0.2455,2000,-0.044499999999999984,robotiq,0.2455
c11f517d18d4494c8907c5a8f78f45a7,0.9175,2000,sofa,0.03179227844605638,0.93,2000,-0.012500000000000067,robotiq,0.93
8503ebe843d6428183a340652e5c03b1,0.551,2000,drum_(musical_instrument),0.0006984114120167751,0.576,2000,-0.02499999999999991,robotiq,0.576
632257f11b80408d972346b1cbcf6790,0.0,579,crate,0.0026242281481802104,0.0425,2000,-0.0425,robotiq,0.0425
960f6126edcc45d08de4254dc08edf57,0.8955,2000,timer,1.0446304158433528,0.887,2000,0.008499999999999952,franka,0.8955
e61d16e2c1d94b3ab75dfcee75569502,0.3305,2000,chicken_(animal),6.598942879622051,0.496,2000,-0.16549999999999998,robotiq,0.496
93452f3774b4458499685fcbf8f549f0,0.2225,2000,gameboard,0.0028268145788747545,0.145,2000,0.07750000000000001,franka,0.2225
557bad085856482dadc14e430a49ac0f,0.05,20,heart,0.06894435976367423,0.677,2000,-0.627,robotiq,0.677
864c859e084b48b791e4b4ea7e229a7e,0.855,2000,tomato,0.02691501706525403,0.6895,2000,0.16549999999999998,franka,0.855
f3521f3c4769493ab4ef3758d779afde,0.938,2000,poster,0.0004595441567949122,0.1395,2000,0.7985,franka,0.938
6430a177632b42cb9531768831ddcbe6,0.8925,2000,fish,0.8594570752459444,0.242,2000,0.6505,franka,0.8925
22e7c6f3dc1b43eb84ce081db6567e85,0.926,2000,marker,0.15074782042551327,0.266,2000,0.66,franka,0.926
f794ec5130424adaa18d025d65aaac13,0.925,2000,clasp,0.003908216172113243,0.6575,2000,0.26750000000000007,franka,0.925
36e3ea657d3642adb7c1a05ecf6d4d62,0.328,2000,helicopter,0.0003897885689479501,0.3335,2000,-0.005500000000000005,robotiq,0.3335
ea60e33437f84341822c556805ea74c7,0.0,1033,keg,0.1320839974092155,0.0,2000,0.0,robotiq,0.0
de23895b6e9b4cfd870e30d14c2150dd,0.5235,2000,mug,0.00014914853125662185,0.2095,2000,0.31399999999999995,franka,0.5235
e8241c085a6841ef85ee6671c4c0bc5d,0.5985,2000,ostrich,0.26877130975533203,0.5885,2000,0.010000000000000009,franka,0.5985
1c56f9b18a3f459891f6f8b902d192a0,0.856,2000,machine_gun,0.02780041173545571,0.6675,2000,0.1885,franka,0.856
c83c09f67dd64617b816ae4053ca0be1,0.909,2000,gelatin,0.01445224783021917,0.833,2000,0.07600000000000007,franka,0.909
0e8fde91fdb5413494e878b0fef85cda,0.7185,2000,frying_pan,0.06424487912387929,0.39,2000,0.3285,franka,0.7185
f22902079b1a42979307e187505f22bc,0.712,2000,wheel,0.028753170828028154,0.4195,2000,0.2925,franka,0.712
8849c72d7f434483a88541f4e72bc065,0.5785,2000,armor,0.0019417025962428771,0.3995,2000,0.179,franka,0.5785
b9cbd98827dc48f48c0086f8f08f1c84,0.7515,2000,gravestone,0.026315765300251006,0.5745,2000,0.17699999999999994,franka,0.7515
91828a5058d9453cb088dbd97f25a29f,0.9655,2000,balloon,1.3411935250411891e-05,0.993,2000,-0.02749999999999997,robotiq,0.993
f085813c5d1446b0a65e1c734debf8b0,0.9435,2000,pole,0.2535584675254242,0.059,2000,0.8845000000000001,franka,0.9435
de79a920c48745ff95c0df7a7c300091,0.995,2000,notebook,0.01404871658529766,0.181,2000,0.8140000000000001,franka,0.995
a1de8398597a4575a9c9a9f0a6e4dd2b,0.763,2000,oil_lamp,0.04403495652135247,0.864,2000,-0.10099999999999998,robotiq,0.864
b7a6951c4864438b8f310d0fe01318d2,0.0,2000,beer_can,0.0006134317388626241,0.294,2000,-0.294,robotiq,0.294
ec0d3819a2644c27a538a2e1c2b38fcc,0.4815,2000,water_gun,0.003267142545777364,0.385,2000,0.09649999999999997,franka,0.4815
c920792a90484e3a88f61a03e077c001,0.552,2000,turkey_(food),0.23647561428055883,0.4,2000,0.15200000000000002,franka,0.552
56ab3ccae2c54a548bfce1244b840c2e,0.6535,2000,rag_doll,0.0060381384224615685,0.564,2000,0.08950000000000002,franka,0.6535
eeae214a963a4aaabf9d8ea5dc4c3c03,0.02932551319648094,341,doughnut,0.015213837339035186,0.175,2000,-0.14567448680351905,robotiq,0.175
b4c2a8dc099a4e02ac40cff7f6490c27,0.8125,2000,shovel,0.12718779728349722,0.41,2000,0.4025,franka,0.8125
81d01e6ce8f745778e2629bca80724af,0.905,2000,fish,0.0001586719906191581,0.633,2000,0.272,franka,0.905
5251c39ff8f6462faa49f14fcf5774ad,0.609,2000,fan,0.02048158680349496,0.6475,2000,-0.03849999999999998,robotiq,0.6475
27e7637ff9c84479967618e9fef5d082,0.8645,2000,skateboard,0.045466761836502015,0.559,2000,0.3055,franka,0.8645
a4e5a0d6c4dc44a98e4c15adf2e10435,0.8335,2000,fireplug,0.019114689753504544,0.794,2000,0.03949999999999998,franka,0.8335
cd9a5677626f4b648a4a3b1e0d9ca5b9,0.913,2000,truck,0.00013513930754597943,0.657,2000,0.256,franka,0.913
a97be34148a84d8d9aa51fcf7f9f46f4,0.5945,2000,sheep,4.726403389180576e-05,0.5165,2000,0.07800000000000007,franka,0.5945
85a79f745d484ec08d85b29992d7d576,0.9155,2000,monitor_(computer_equipment) computer_monitor,0.18521895649253245,0.3575,2000,0.558,franka,0.9155
44e30921ff5c476c883b8063d6c293c5,0.514,2000,pancake,0.029836506547484817,0.8405,2000,-0.3265,robotiq,0.8405
01e5cf82289e43758867faf1f56e8162,0.901,2000,remote_control,0.014532682248287182,0.841,2000,0.06000000000000005,franka,0.901
028404734f534a1885297aeeada997b1,0.7405,2000,monkey,0.04249031865965881,0.6745,2000,0.06600000000000006,franka,0.7405
cd04f34b278c41de9ff714d65e2cc2ce,0.5155,2000,shawl,0.039484180630282466,0.502,2000,0.013499999999999956,franka,0.5155
3f1667eef68f427dafdadf9902ba1f3d,0.632,2000,truck,0.006856582271748406,0.6,2000,0.03200000000000003,franka,0.632
76ce77a8c0a446dfab0459d390839f70,0.0,332,kitten,0.15180497036500132,0.0645,2000,-0.0645,robotiq,0.0645
f62e28287c594e19b501248aca1f3d14,0.0,1638,fire_engine,0.04198069515087274,0.252,2000,-0.252,robotiq,0.252
48ddd91aa4f44321867d9d991b77699e,0.1515,2000,puffer_(fish),0.00011348330549979328,0.2585,2000,-0.10700000000000001,robotiq,0.2585
a0a84e5e72c74a70af9c71f9302ce921,0.8805,2000,pizza,0.16166620049014685,0.0785,2000,0.8019999999999999,franka,0.8805
7d34909efb9f45d08b9d680837e76b8f,0.915,2000,goose,0.01486290618182149,0.9665,2000,-0.05149999999999999,robotiq,0.9665
31be7c8a61844c0796e96d6cf99e9776,0.863,2000,vest,0.16609288974998812,0.4145,2000,0.4485,franka,0.863
ecf7e409454d450cbde731259a51bbd5,0.8785,2000,bookcase,0.0006426585650608839,0.445,2000,0.43349999999999994,franka,0.8785
7003e0fffd0d408d804602af2adccac2,0.2355,2000,truffle_(chocolate),0.00011301146467516418,0.448,2000,-0.21250000000000002,robotiq,0.448
06a63364525442faa946780136b73ef2,0.1925,2000,ashtray,4.491611803564334,0.0825,2000,0.11,franka,0.1925
f8988e84a9a34aab9648dbd639f52e72,0.637,2000,chandelier,0.0002502466341479836,0.604,2000,0.03300000000000003,franka,0.637
a444496f15d143beaca6dd24bd0852bf,0.7895,2000,wedding_ring,10.748493516323814,0.2675,2000,0.522,franka,0.7895
837d98d8a77c43ea8ac1545fe022fa06,0.9475,2000,monitor_(computer_equipment) computer_monitor,0.0004610273617469911,0.3195,2000,0.628,franka,0.9475
3bb75665234c4e71ac52cd6411ffb935,0.639,2000,gift_wrap,1.3599044998020366,0.2195,2000,0.4195,franka,0.639
44c0231a2e07494e99a50037d1a0fb0b,0.9775,2000,dress_suit,0.00039636102461366996,0.467,2000,0.5105,franka,0.9775
5baa9f06289c4f3590a17cab212254fb,0.831,2000,bandanna,0.0006089556218176125,0.334,2000,0.49699999999999994,franka,0.831
52f826bd16024a33b300580fb5c5518d,0.864,2000,crucifix,0.012642220311247239,0.4295,2000,0.4345,franka,0.864
42f7f3cd4f5f4cc586097539bb13ccfc,0.953,2000,remote_control,0.0022504142169067452,0.189,2000,0.764,franka,0.953
dbac55fe84c84a1eb8d4602e83967617,0.933,2000,scoreboard,0.0001338639835997127,0.089,2000,0.8440000000000001,franka,0.933
8568eaece8e64da39af80a84bbcdaa45,0.632,2000,race_car,0.06506264135428018,0.1775,2000,0.4545,franka,0.632
2be3740c17a54af2ace945e1d265f358,0.8,2000,tray,0.002266433000459864,0.232,2000,0.5680000000000001,franka,0.8
18b60c6979054b6bb2980c5e111a1c75,0.56,2000,stool,0.02579649826178943,0.772,2000,-0.21199999999999997,robotiq,0.772
5ac72b904b7b41deae78c72f1b0e0bf2,0.8355,2000,joystick,0.08813190492083396,0.506,2000,0.3295,franka,0.8355
b592e54109174cdc8d70379f7f30e42a,0.6305,2000,fishing_rod,0.000206385386246626,0.355,2000,0.27549999999999997,franka,0.6305
1001e27e43c04dda8d0f304dd4582202,0.6215,2000,pan_(for_cooking),0.0008385313602961765,0.494,2000,0.12750000000000006,franka,0.6215
578fee32fb314e199e6804c4990cc892,0.0545,2000,cucumber,0.019469093672944245,0.014,2000,0.0405,franka,0.0545
105338f077304fc3adebbb8d4f6a3274,0.567,2000,wristband,0.0048514137504500655,0.417,2000,0.14999999999999997,franka,0.567
f799e4a2db764626af2fc00dcd610542,0.2335,2000,sunflower,0.164347131582633,0.092,2000,0.14150000000000001,franka,0.2335
2f6d6c2b56fb4d0cbc0d8274bc0f0730,0.892,2000,bouquet,0.01143571109707754,0.3935,2000,0.4985,franka,0.892
59f5e54839aa4128bdb440a7c039a320,0.7685,2000,piano,0.10726289953634832,0.429,2000,0.33949999999999997,franka,0.7685
1f1704601c2943ecb7e1aab814a69326,0.03377265238879736,1214,lightbulb,0.09582430161918885,0.6135,2000,-0.5797273476112027,robotiq,0.6135
df73503a9df447209178b0829ba702cb,0.9845,2000,balloon,0.06428427393578962,0.9335,2000,0.051000000000000045,franka,0.9845
ff5d1c07cd4b4f1bbb7da5fbf09f5957,0.854,2000,pliers,0.024787348339221468,0.527,2000,0.32699999999999996,franka,0.854
3f1ea2bb356c47a9a35e262b4853862d,0.857,2000,squid_(food),0.007509005201583346,0.4045,2000,0.45249999999999996,franka,0.857
266af5b6ef0548a0b574438d5a56889f,0.5015,2000,icecream,0.07151824635800617,0.335,2000,0.16649999999999993,franka,0.5015
a64847b55b244c25b8ccea0fc8b51795,0.0715,2000,sword,0.0016669379597488427,0.027,2000,0.0445,franka,0.0715
79ba96d1de0c4bfbb9f828d0b8590fdc,0.117,2000,coil,0.006391426714944865,0.376,2000,-0.259,robotiq,0.376
6605ebfda2164f818c5621da6503a5ad,0.611,2000,crucifix,0.01718846806576455,0.3535,2000,0.2575,franka,0.611
0a5014dc066548f7b746ccfdbb4f2d9a,0.665,2000,crow,0.006388150764598713,0.5625,2000,0.10250000000000004,franka,0.665
61ee77f5688d4061b3d7a975ca218146,0.3745,2000,motor_vehicle,0.014174536603182478,0.524,2000,-0.14950000000000002,robotiq,0.524
52aa0e288b6d41a490272accfdbfb73a,0.8515,2000,diary,0.005828226007436711,0.1845,2000,0.667,franka,0.8515
162d252bfe6b4317982ed3436486f02e,0.7065,2000,armchair,0.00012072817778068305,0.687,2000,0.019499999999999962,franka,0.7065
b208127823e54203bae625bb415c7bb7,0.554,2000,computer_keyboard,0.0045474263076801585,0.02,2000,0.534,franka,0.554
66ae00e8332940debe934024429fbd40,0.9345,2000,solar_array,0.20916476328135175,0.0275,2000,0.907,franka,0.9345
ea7a7e0e36fe4d9f8b7bc12ab78f1b81,0.586,2000,cargo_ship,0.12453714353614354,0.5245,2000,0.0615,franka,0.586
2402953e75744a2781a187ba6e6fe362,0.9405,2000,runner_(carpet),0.0012759818352070106,0.009,2000,0.9315,franka,0.9405
eb4615aacd4a4453bff8a41e91c843a9,0.674,2000,dog,0.10387239946347805,0.499,2000,0.17500000000000004,franka,0.674
6e91e8793ed942fdb6561976a893f4e2,0.9835,2000,chopping_board,0.013853824234739584,0.805,2000,0.1785,franka,0.9835
5cb6fa3b42e24e85b9dafe6bb238fc54,0.8825,2000,kitchen_sink,0.0033980891729758853,0.2715,2000,0.611,franka,0.8825
417e80d50f4c4cb7a153d6ea593de9ee,0.99,2000,iPod,0.06950426616339699,0.063,2000,0.927,franka,0.99
f4f04b082af5442f914fd4a72640a76e,0.9785,2000,vodka,0.0040387196092853865,0.6065,2000,0.372,franka,0.9785
65c1ca532f5b4769b991654bcdb51208,0.619,2000,headset,0.054932438851645025,0.521,2000,0.09799999999999998,franka,0.619
3c6737c169aa4619b9a00e4ae90a9624,0.535,2000,shoe,0.11419952543987853,0.479,2000,0.05600000000000005,franka,0.535
9cea8555d8374beb96275aabe574be84,0.9405,2000,mallet,0.0011597912151533243,0.433,2000,0.5075000000000001,franka,0.9405
548c2d72088544168c7ae45b9afa9ed3,0.569,2000,heart,0.6564025523168598,0.922,2000,-0.3530000000000001,robotiq,0.922
9b0cd6fca3b14438961f21aef7288e8a,0.8195,2000,raincoat,0.03688956640720429,0.4515,2000,0.368,franka,0.8195
2f1c0f91ee594223935adbbdc9acd663,0.8975,2000,tissue_paper,0.5936507725630144,0.1295,2000,0.768,franka,0.8975
3a7d0075025d4abb9f9790390fdd5b07,0.231,2000,wolf,0.0005126953122375317,0.548,2000,-0.31700000000000006,robotiq,0.548
192d6087058b48d0be2254279eebbad7,0.945,2000,antenna,0.015687341116789367,0.319,2000,0.6259999999999999,franka,0.945
c5cc01a4d8f64817ad5f558ac3cd7636,0.4365,2000,bottle,0.021363446119633235,0.348,2000,0.08850000000000002,franka,0.4365
c90b62af44654d549be357a4825f6142,0.0,121,tomato,0.0010793804998985837,0.9565,2000,-0.9565,robotiq,0.9565
0c1cde72a0d24213be44365dddff85f3,0.7435,2000,pickup_truck,0.0005817727555097714,0.5885,2000,0.15500000000000003,franka,0.7435
2d7ee43180d940d1ad076ed7fda367da,0.852,2000,teacup,0.0003245352706475334,0.4525,2000,0.39949999999999997,franka,0.852
d1f6785445c444eea645bb7491511b80,0.789,2000,phonograph_record,0.13973906887083098,0.5725,2000,0.21650000000000003,franka,0.789
c397cffa1be7497b9a5be6d3278fed80,0.8205,2000,teddy_bear,0.0006331775408324979,0.96,2000,-0.13949999999999996,robotiq,0.96
aa584c852bd647ca978d7f00efc72c5c,0.0,2000,dumpster,0.0009101858104544285,0.274,2000,-0.274,robotiq,0.274
050adf8979da45a29ae1dff03176a28f,0.5795,2000,cock,1.292044504714624,0.5625,2000,0.017000000000000015,franka,0.5795
3fc3c4911f0d4b539b0530d0bea340af,0.147,2000,armchair,0.3130105348659286,0.219,2000,-0.07200000000000001,robotiq,0.219
f625cb638048416db055a92ff1681532,0.2595,2000,snowmobile,0.013318212707576393,0.3045,2000,-0.044999999999999984,robotiq,0.3045
ce621108a98b48b6b5a97c1144252aaa,0.8375,2000,sword,0.004740067626424753,0.2655,2000,0.5720000000000001,franka,0.8375
8fbbd263c00f4a659d85963553136738,0.762,2000,cleansing_agent,0.018861257061688428,0.3455,2000,0.41650000000000004,franka,0.762
2b787d1a02174d0bbca9eac34eb3a486,0.0,2000,crate,0.01807324144591137,0.1535,2000,-0.1535,robotiq,0.1535
52de419237fa42ffac21b38c4b13bffe,0.365,2000,armor,0.10517063918998688,0.187,2000,0.178,franka,0.365
5fdd2647427b4543bd299acff008bc3f,0.0865,2000,stepladder,0.006305978672187079,0.1015,2000,-0.015000000000000013,robotiq,0.1015
4b8540708e134046b755f6c4d95b631d,0.8755,2000,dress_hat,0.0403228999269871,0.805,2000,0.0704999999999999,franka,0.8755
c2b2d8a8fc494b769e92af3db71764b2,0.738,2000,projectile_(weapon),0.0009655713197289129,0.4835,2000,0.2545,franka,0.738
835eef6febbd46748cd3c39cc5a2f99d,0.834,2000,snake,0.011930532302806484,0.6205,2000,0.2134999999999999,franka,0.834
09e3d40c21ff4747af88ad6a3df75626,0.655,2000,train_(railroad_vehicle),0.0018604780113731301,0.5305,2000,0.12450000000000006,franka,0.655
76c11a5e35b942c7ab707aa84c5cacc7,0.3465,2000,cushion,0.058939466334707355,0.7555,2000,-0.409,robotiq,0.7555
ad7df56f08034680b4f94822dc7b0a99,0.866,2000,snowman,0.0018097515035036366,0.646,2000,0.21999999999999997,franka,0.866
467f78253a974f7c98506a85db5eebb6,0.9285,2000,headlight,0.000984218557782313,0.8485,2000,0.07999999999999996,franka,0.9285
c94c39c3b1ec4489af2742d88231b210,0.96,2000,truffle_(chocolate),0.00816258180432317,0.226,2000,0.734,franka,0.96
53d103114d73491cba2e9bd695bfa096,0.785,2000,camel,0.03985811677087803,0.6375,2000,0.14750000000000008,franka,0.785
fb80ef2491214624b8ba9347e30b5c61,0.9765,2000,chessboard,0.0002892360412696503,0.034,2000,0.9425,franka,0.9765
c801e2aa5feb4a3b8479c24875e2939a,0.9825,2000,egg_yolk,0.014068335817584245,0.2225,2000,0.76,franka,0.9825
a265f9af877443d3abb04b8adb4840c4,0.8385,2000,file_cabinet,0.09018918712679433,0.5655,2000,0.273,franka,0.8385
ca627c57c58e47ea8e4f120052f007a7,0.056,2000,pew_(church_bench),0.002104910326789076,0.039,2000,0.017,franka,0.056
4ff9de0228b446758a2e8a9beb687acc,0.865,2000,seaplane,0.0570645828023364,0.536,2000,0.32899999999999996,franka,0.865
5c1fbd5bb1fd4c3f952293cd5afaf4fc,0.8465,2000,shoulder_bag,0.0010121175708809377,0.554,2000,0.2925,franka,0.8465
75df21d5523b4474932cda4f40e968cd,0.667,2000,wolf,0.022637214665708227,0.582,2000,0.08500000000000008,franka,0.667
f94c75745f4d456abf6d5a902352d5ab,0.706,2000,water_cooler,0.01418315610224685,0.629,2000,0.07699999999999996,franka,0.706
5de6df03df494853964845db4089809f,0.833,2000,alligator,0.0006257349753911263,0.4355,2000,0.39749999999999996,franka,0.833
e6a38b9785b1457aa353aa2933211b16,0.481,2000,table-tennis_table,0.013697255398304775,0.515,2000,-0.03400000000000003,robotiq,0.515
f20dcef78ec54d3ea8ec18be582273a9,0.479,2000,orange_juice,0.07499424431456263,0.486,2000,-0.007000000000000006,robotiq,0.486
bd51773c52e54812a88c38c14935ae98,0.9715,2000,remote_control,0.07200729001721842,0.142,2000,0.8295,franka,0.9715
165dd586aac84692b0c4362955a111ba,0.6375,2000,motorcycle,0.03799225456422254,0.5455,2000,0.09199999999999997,franka,0.6375
5c50e78e4772488688cbbc2968e6a230,0.014,2000,pottery,0.23831555107002522,0.145,2000,-0.13099999999999998,robotiq,0.145
9c97e41b7e4345ecb3796500e036eae7,0.76,2000,lamp,0.28733854834099964,0.5015,2000,0.25850000000000006,franka,0.76
6ca43aa457c944c8bb5d9aa354b09d3b,0.199,2000,cufflink,0.013921070057962111,0.466,2000,-0.267,robotiq,0.466
a77bfd7bbadf4bbb857258fd5ce155f2,0.8765,2000,drone,0.001703864545943678,0.449,2000,0.42749999999999994,franka,0.8765
93c83964cf8449fba99ad3311b54c8b4,0.928,2000,projectile_(weapon),0.035642727025651244,0.462,2000,0.466,franka,0.928
b0c1cb2ab73c4f5892c315859d426ed8,0.886,2000,compass,0.004251639043366908,0.1505,2000,0.7355,franka,0.886
0aa48d7725c846f2a173f56448b5e148,0.9135,2000,dolphin,0.014807813321567113,0.582,2000,0.3315,franka,0.9135
bc478081c5754b1d9782bfd53d1db734,0.924,2000,gift_wrap,0.04250183601642369,0.708,2000,0.21600000000000008,franka,0.924
49fc5dd4bdc34951b29fb43aaaa9f3b5,0.938,2000,painting,0.007296760076463737,0.1285,2000,0.8094999999999999,franka,0.938
faa8c0eb078c4219b845143aa181cbec,0.8905,2000,cufflink,0.0026813147059119883,0.6005,2000,0.2899999999999999,franka,0.8905
16fbadc669454c26aa0927445b3c6ffd,0.2385,2000,Christmas_tree,0.03230784544861853,0.555,2000,-0.31650000000000006,robotiq,0.555
98cf1e3ff1dc4064b7f5535aeb540f20,0.1735,2000,race_car,0.0008465003162289252,0.3075,2000,-0.134,robotiq,0.3075
da735c8540f343b5b931b35b05714a9b,0.8805,2000,broom,0.09801110199899742,0.612,2000,0.26849999999999996,franka,0.8805
329298244fb045a2804a9bdbcee038a6,0.913,2000,seabird,0.009940315193609273,0.517,2000,0.396,franka,0.913
1fb4ef0e95234c0f91e7312759c6ecc1,0.927,2000,rifle,0.0007050987617665442,0.5765,2000,0.35050000000000003,franka,0.927
1d13f35582814dcf86b7cf28ac5af12a,0.593,2000,award,0.001146881825914403,0.45,2000,0.14299999999999996,franka,0.593
ea2f77aeac0846768778a114706eb92c,0.9405,2000,tape_measure,0.0088432883853612,0.0615,2000,0.879,franka,0.9405
153b010670d04f7a99cbf054ecb2ee42,0.965,2000,measuring_stick,0.0004746532219946738,0.4045,2000,0.5605,franka,0.965
fdbab0fecaf24d7e965666b69e8309cb,0.6125,2000,pigeon,0.0002561090023297821,0.7985,2000,-0.18599999999999994,robotiq,0.7985
10e59b2548224b65b9e70b5f5a3c4f0e,0.7765,2000,cylinder,0.002808393986502541,0.6455,2000,0.131,franka,0.7765
d774928d546144019d0103f9c63f3d19,0.3355,2000,crate,0.009951875061353506,0.6295,2000,-0.29399999999999993,robotiq,0.6295
9f79ce945b6845098059f42fdf9f2566,0.909,2000,blimp,0.0009009279466649098,0.923,2000,-0.014000000000000012,robotiq,0.923
ce16a205f1f84966b0f698e495d5c952,0.763,2000,pistol,0.01749507161518975,0.2415,2000,0.5215000000000001,franka,0.763
6784e4f16a7248518cd5ef1118a2198a,0.153,2000,coffee_maker,0.008441632910637788,0.09,2000,0.063,franka,0.153
30bd5f2c9f604ab9b9d2b5d1882ef6eb,0.963,2000,street_sign,0.005386523705525622,0.3175,2000,0.6455,franka,0.963
041ea96fc6ae4839bf9ce16f8ea4ad68,0.3485,2000,hog,0.7924400592907899,0.564,2000,-0.21549999999999997,robotiq,0.564
9f5156a82f2f4d0a870f868458643eff,0.8605,2000,futon,0.0012256323351944654,0.364,2000,0.49650000000000005,franka,0.8605
8d3e568f059244e19f3b5f7e789cccb2,0.9615,2000,dumbbell,0.07043248106205018,0.543,2000,0.4185,franka,0.9615
de2bcff379b14db59be4e57376b50d9c,0.926,2000,flag,0.03713536569494649,0.4285,2000,0.49750000000000005,franka,0.926
fadc837c1f3946b6b87f5fdcc29c7357,0.9395,2000,watch,0.1643952676337426,0.412,2000,0.5275000000000001,franka,0.9395
0fa8268dc6d6425789333cec21a24c30,0.0045,2000,flannel,0.005539723568584554,0.1805,2000,-0.176,robotiq,0.1805
705b760277624fe89f660e7e33287708,0.101,2000,armchair,0.014983061132111924,0.149,2000,-0.04799999999999999,robotiq,0.149
c6cfc7e68cf14dfe8f5ac3bf7ed47fec,0.9055,2000,spider,0.13620258441458633,0.3535,2000,0.552,franka,0.9055
7bf3dc8ff8d24d4aa37b669b37478714,0.0,1620,knee_pad,0.11898472077853965,0.027,2000,-0.027,robotiq,0.027
6c13df972c904b4b890087c592a4f905,0.7085,2000,earphone,0.3462533133222296,0.551,2000,0.15749999999999997,franka,0.7085
19d77c14b2704058adcb064c30cc799e,0.5755,2000,ice_maker,0.056815029194386225,0.0305,2000,0.545,franka,0.5755
e0c17496b76849f7ad50e4a90fc64756,0.7935,2000,steak_(food),0.859703091030284,0.286,2000,0.5075000000000001,franka,0.7935
cc0c25614a244b3eb5f3cd9910f0106d,0.8985,2000,machine_gun,0.18294679629547028,0.4375,2000,0.46099999999999997,franka,0.8985
cfc58389cf1e4f3bb73a18fe94862835,0.8825,2000,yacht,0.004596711457715093,0.5275,2000,0.355,franka,0.8825
4da95996e46c4ced8d59f6f4bd0b7295,0.187,2000,toilet,0.0012553872280291038,0.3095,2000,-0.1225,robotiq,0.3095
052d76ff8adc4887b818bd06899458b8,0.957,2000,alcohol,0.05653533770900144,0.223,2000,0.734,franka,0.957
a5fe802486bf4bdca137bfc22637dff1,0.497,2000,phonograph_record,0.07968445104419261,0.8755,2000,-0.37849999999999995,robotiq,0.8755
4ac2667fd2b54248b400d5f092d3636c,0.6915,2000,crow,0.09134159966902627,0.6605,2000,0.031000000000000028,franka,0.6915
1e5c26dc09c34e3a89858812abaf7ad8,0.001,2000,cushion,0.6765637054922377,0.0635,2000,-0.0625,robotiq,0.0635
9833bb8439014d7c9f797952ec2c3272,0.616,2000,helicopter,0.00015350039417941544,0.523,2000,0.09299999999999997,franka,0.616
cafa67b94a7c49778413c88b9cea2063,0.5325,2000,sword,0.0006815117528948361,0.4635,2000,0.06899999999999995,franka,0.5325
4f7d1fb61753490da5c5001ce23149a5,0.904,2000,bullet_train,0.0022318839022296357,0.4515,2000,0.4525,franka,0.904
0a2105a5cb9e4c99a62867e89dd9339d,0.522,2000,chalice,1.9444826914516782,0.699,2000,-0.17699999999999994,robotiq,0.699
61f2a899394c4f1a8250362e1043e338,0.0,2000,steak_(food),0.06659102342869383,0.0275,2000,-0.0275,robotiq,0.0275
611c425eb2a342de816f5a2ce1bfd2ee,0.8625,2000,lamppost,8.27895272348728e-05,0.6025,2000,0.26,franka,0.8625
a82cf2f38ca549ed87982f422b9fb092,0.917,2000,sofa,0.00038876409785125574,0.6415,2000,0.2755000000000001,franka,0.917
4231ea4a40b1497b858958c54842a642,0.5875,2000,motor_scooter,0.07657232538033572,0.6475,2000,-0.05999999999999994,robotiq,0.6475
43197f4d18144b4388a064e950fa34b3,0.155,2000,cone,0.7182338652470773,0.4245,2000,-0.26949999999999996,robotiq,0.4245
41c3ebce72d84e4da9bd6561d98451b1,0.9145,2000,calendar,0.13543797953239464,0.0525,2000,0.862,franka,0.9145
df24481a30464605896a8c3f98ec301c,0.944,2000,goggles,1.5080236265793538e-06,0.251,2000,0.693,franka,0.944
830b1864b50e4f7e94c7f5cee5b64b43,0.9325,2000,CD_player,0.04649495942559788,0.6685,2000,0.264,franka,0.9325
13289bcc70ee4bd8a2f573b642aa1133,0.7705,2000,pony,0.0813379238140671,0.674,2000,0.09649999999999992,franka,0.7705
d725246436c94ca4bdf95198c4414702,0.726,2000,fireplace,0.00019723109865061849,0.4685,2000,0.25749999999999995,franka,0.726
2d5a9e8a5954436cae975569fed0368d,0.6195,2000,shopping_cart,0.001769983456161324,0.5725,2000,0.04700000000000004,franka,0.6195
0c490f718e284dfcb14c1c64a2de24eb,0.453,2000,guitar,0.04777844031371237,0.2535,2000,0.1995,franka,0.453
f34652448daa44c290c7b315d0c7d29a,0.963,2000,pizza,0.04876109695179929,0.263,2000,0.7,franka,0.963
85cbd74445ba4d19b2bbf532300821cc,0.901,2000,stepladder,0.011640910258430353,0.3415,2000,0.5595,franka,0.901
6d1afb8bee79475795b4c70f7630e6ca,0.2865,2000,shawl,0.009200596572342016,0.208,2000,0.07849999999999999,franka,0.2865
739b014bdccd4993b94037057c96089d,0.015,2000,person,0.5943851902406578,0.3385,2000,-0.3235,robotiq,0.3385
6093bffcd68a40e0bad27a945b305dc5,0.3625,2000,ballet_skirt,0.00540205062261176,0.3235,2000,0.03899999999999998,franka,0.3625
a687a8e68902424cb7655a1a3b4e16c3,0.319,2000,arctic_(type_of_shoe),0.6755663316086408,0.367,2000,-0.04799999999999999,robotiq,0.367
16263758dbd04da9a03ea27bcf2b0333,0.7235,2000,shepherd_dog,0.01763206949804268,0.58,2000,0.14350000000000007,franka,0.7235
ea1ceda39b4d44c58b01745a105117eb,0.905,2000,screwdriver,1.2932841113524365,0.42,2000,0.48500000000000004,franka,0.905
7c05b98d60884e12aa05ae00feda5bbe,0.3865,2000,wall_socket,0.0015293165277095021,0.2675,2000,0.119,franka,0.3865
87fece5d85a24e3383b2b13b502b141c,0.804,2000,truck,0.0004891303605138235,0.5385,2000,0.26550000000000007,franka,0.804
52c6db9c2f924352a9d35c2cdc881cde,0.0,1285,inhaler,0.11361715695928594,0.4645,2000,-0.4645,robotiq,0.4645
b44e188c76e94818bfeb0fa136c4e1eb,0.4825,2000,knee_pad,0.000316016936581371,0.31,2000,0.1725,franka,0.4825
97146b26ef7a4666b1f0e96e771eaa81,0.889,2000,nutcracker,0.002909181171806867,0.629,2000,0.26,franka,0.889
6c481ee9b724465d82aeb64e3e417c54,0.6385,2000,giraffe,0.0013018649871249731,0.463,2000,0.17549999999999993,franka,0.6385
ffc51622ec034f1db7c9d0b9a1e1948e,0.18412698412698414,315,pumpkin,0.0009669727532842014,0.5393103448275862,725,-0.3551833607006021,robotiq,0.5393103448275862
5d7913a1e8d0400facb40514b448591e,0.492,2000,cooker,0.00015294459676288026,0.637,2000,-0.14500000000000002,robotiq,0.637
c05d5a5f508b4152a6d0f5f00476d1e4,0.576,2000,projectile_(weapon),2.5834963347411493e-05,0.6055,2000,-0.02950000000000008,robotiq,0.6055
e13bbc35eefa42938bda436fbb17c6f9,0.0,113,muffin,0.1612063837753154,0.004618937644341801,433,-0.004618937644341801,robotiq,0.004618937644341801
bb57ddbb1c2140358b027dfd16b7154b,0.918,2000,skewer,0.027860654193067966,0.74,2000,0.17800000000000005,franka,0.918
7f637ddd62174380a6318d51d4b195c2,0.3815,2000,dumbbell,0.08926345041065939,0.3205,2000,0.061,franka,0.3815
8d25b2e8ce8846868b424285b9892d70,0.37335834896810505,1599,control,0.0448219022326091,0.382,2000,-0.008641651031894959,robotiq,0.382
33ee4f1f77244a03aa6bd0d6458ad759,0.368,2000,life_jacket,0.2603069774372341,0.618,2000,-0.25,robotiq,0.618
399463ec209b435b8c467dfe343d7628,0.613,2000,armor,0.0007218756443675404,0.5345,2000,0.07850000000000001,franka,0.613
60ea557999934e4ca5d513d99d8f8b70,0.6175,2000,handle,0.008016866480068526,0.693,2000,-0.0754999999999999,robotiq,0.693
7239efeec7104dc3af46a8842a66aec0,0.901,2000,cat,0.007246149690526615,0.5875,2000,0.3135,franka,0.901
e9da83df31b3424a9a32fd75c0b8b853,0.0,1064,mushroom,0.12078854327594998,0.3885,2000,-0.3885,robotiq,0.3885
2d6a70d7985b4ea391fce54920e112d2,0.683,2000,toy,0.00106234307855935,0.707,2000,-0.02399999999999991,robotiq,0.707
9eced0b9937442298959383860626ca7,0.783,2000,vodka,0.015830768527879457,0.5,2000,0.28300000000000003,franka,0.783
86f58475306947ab814df2c87ac86df4,0.609,2000,microphone,0.06040158275711948,0.3885,2000,0.22049999999999997,franka,0.609
cf860a30743f4fc7a849732488a9005f,0.0,1002,microwave_oven,0.09028643149733465,0.0145,2000,-0.0145,robotiq,0.0145
6c9dfa15f4304a6abf51192eb245e4f1,0.5535,2000,sponge,0.5934992131819403,0.4335,2000,0.12,franka,0.5535
de5382f07a38467b9a6047b1afafd604,0.5545,2000,chessboard,0.038257066821068046,0.304,2000,0.2505,franka,0.5545
40e7333f9b114257b232a4f0271771c8,0.505,2000,tank_top_(clothing),0.037937099572248306,0.6075,2000,-0.10250000000000004,robotiq,0.6075
9a87c4971eed4fd5aa6e1e3441cd1e70,0.6045,2000,coffee_maker,0.2818138110757777,0.412,2000,0.19250000000000006,franka,0.6045
456d2a54d73d4e30ac2e01ffb0cb3c80,0.8865,2000,spice_rack,0.12816336321151658,0.371,2000,0.5155,franka,0.8865
75ad8bf00719448cb21b4db3d4cba905,0.758,2000,wedding_ring,0.006658641111872534,0.6285,2000,0.12950000000000006,franka,0.758
863e18625ca345c782442276ebfdd537,0.782,2000,checkerboard,0.5102978504425314,0.0645,2000,0.7175,franka,0.782
88afb31d1e5e4b31af2777e31ace429c,0.5225,2000,strawberry,0.0006193402293725833,0.766,2000,-0.24350000000000005,robotiq,0.766
b0699e20ad764e53be6f7c54a911d0b2,0.909,2000,solar_array,0.05269308681046658,0.2755,2000,0.6335,franka,0.909
7b6cf3f40ffc4e498c509c327ff9ae5f,0.253,2000,fan,0.002054858532352839,0.249,2000,0.0040000000000000036,franka,0.253
4a40780198964bdeb6e9b6950a3c69fb,0.9055,2000,airplane,0.016730139049691336,0.402,2000,0.5035,franka,0.9055
21aacc41551f4c76b6b6266bdb83a23d,0.978,2000,checkerboard,0.02120073723023954,0.0555,2000,0.9225,franka,0.978
b7a618557778491395923939c96ad908,0.953,2000,pencil,0.015107214243682405,0.2145,2000,0.7384999999999999,franka,0.953
b1fc1fa6b0304874acbbaaf3ab93365f,0.7085,2000,scoreboard,0.0013576232256483861,0.178,2000,0.5305,franka,0.7085
eb3df3c8001b4778ac36156bd1cf79ab,0.9375,2000,shield,0.044800450332304745,0.3655,2000,0.5720000000000001,franka,0.9375
7ccfe6d764594b28913f0c9094825bee,0.524,2000,gull,0.00017501471405224805,0.381,2000,0.14300000000000002,franka,0.524
494397e3d7c9444e8f86440b4c00fa0d,0.941,2000,shampoo,0.0248359877616386,0.2815,2000,0.6595,franka,0.941
8a213c84ea2b48bda0f9dbb41baf5041,0.296,2000,lantern,1.630006574961642,0.3055,2000,-0.009500000000000008,robotiq,0.3055
80488a1047834a558e0d571dfdd75cdb,0.9545,2000,key,0.03557062562187282,0.593,2000,0.36150000000000004,franka,0.9545
b0c2e8efb6fe4dc983f9657bccd19f46,0.9265,2000,parakeet,0.6188992376134349,0.678,2000,0.24849999999999994,franka,0.9265
d20494cc15cc4f868bf8d09b65b097ea,0.9065,2000,wedding_ring,8.054568626629887,0.5095,2000,0.397,franka,0.9065
1764b0423fea447690def7d69eebccee,0.6475,2000,elephant,2.4372237715038603,0.6515,2000,-0.0040000000000000036,robotiq,0.6515
6f2e90d6157a40958a500ace8c454a76,0.715,2000,Sharpie,0.01950474260349578,0.4425,2000,0.27249999999999996,franka,0.715
62461a516281492f81f1db9ca992450b,0.8235,2000,stool,0.10379217386753252,0.6175,2000,0.20599999999999996,franka,0.8235
e1a2d94d62ee4c13959e8b1dd3494045,0.9055,2000,locker,0.0471608294705724,0.611,2000,0.2945,franka,0.9055
7a46c16e3fd1464ab598f6d6a5d17230,0.7625,2000,gift_wrap,0.16530077344654467,0.6145,2000,0.1479999999999999,franka,0.7625
ff75867adf374193ae3ab083e8df660e,0.664,2000,motor_scooter,0.00035805792757444814,0.577,2000,0.08700000000000008,franka,0.664
fcbecf6de2304ff085730f1827aeb11e,0.8425,2000,wheel,0.2600728264925189,0.482,2000,0.36050000000000004,franka,0.8425
4e00d9d910ec4bfca10527e3c3fb9b73,0.278,2000,sponge,0.048533261196216516,0.3375,2000,-0.0595,robotiq,0.3375
5e12e38229f041b28f24855f71de796a,0.763,2000,ferret,0.0065803298575388795,0.4355,2000,0.3275,franka,0.763
78bd88b3186546cabe946206c0a0b9f4,0.219,2000,bridal_gown,0.008114774622061238,0.545,2000,-0.32600000000000007,robotiq,0.545
a87a69075203401cb6a7e42bb8743aa0,0.988,2000,toast_(food),0.000694945709784492,0.0375,2000,0.9505,franka,0.988
4b0f217a8b9043b781f23a271ceb2276,0.931,2000,skateboard,0.03118607492342202,0.3515,2000,0.5795000000000001,franka,0.931
43dfa2813779487b9d1bb36b7c1a321c,0.774,2000,bench,0.0007649400605173129,0.5095,2000,0.26450000000000007,franka,0.774
d5790e5b165343ea9a0b6803dcccf41e,0.553,2000,breechcloth,0.011813286580931915,0.483,2000,0.07000000000000006,franka,0.553
f04ea10301984e2eadee7c8456a54405,0.827,2000,tennis_racket,0.0002585955035478443,0.419,2000,0.408,franka,0.827
74cc2b0550d64e61aed0fab833ef407d,0.8365,2000,gravestone,0.17986162160615327,0.455,2000,0.3815,franka,0.8365
714f271c306942f98431376a69de6e35,0.885,2000,tape_measure,0.012491741262145509,0.4705,2000,0.41450000000000004,franka,0.885
32861158993f4a31a8a8f73e932ab225,0.8575,2000,traffic_light,0.0018921189437797463,0.3665,2000,0.49100000000000005,franka,0.8575
5f112aca4795426f99561fb92af995f6,0.8305,2000,wedding_ring,0.014246859666043738,0.2495,2000,0.581,franka,0.8305
cabd5b36f40f41dca2004228060b029f,0.3915,2000,teddy_bear,0.002354549282648929,0.49,2000,-0.09849999999999998,robotiq,0.49
08d02c1c33dc44cab79abdb14175eee1,0.902,2000,ring,5.934762172270043,0.5585,2000,0.3435,franka,0.902
af36f7ac1ab246b88f37a4e83ecee233,0.9385,2000,falcon,0.6832994735553246,0.7785,2000,0.16000000000000003,franka,0.9385
dee99f1ca6c644cd8af0da072c277cb7,0.984,2000,tapestry,0.08977550118003617,0.0475,2000,0.9365,franka,0.984
bd384d46514548cf8c4202f1ae6ea551,0.94,2000,refrigerator,0.0018543898600070162,0.219,2000,0.721,franka,0.94
a36de7afb1c64b059f2386825411909f,0.7905,2000,fume_hood,0.0327342820275958,0.666,2000,0.12449999999999994,franka,0.7905
27d5cb2b875d4c18900975f35235babf,0.8545,2000,place_mat,0.0004364711411789052,0.1225,2000,0.732,franka,0.8545
7352393b15e742518d4c1df28fffee3b,0.9245,2000,hinge,9.506949017795716e-05,0.472,2000,0.4525,franka,0.9245
839832d0fe834379855166c0677941da,0.619,2000,shirt,0.001878056470170119,0.4915,2000,0.1275,franka,0.619
2d92cc12ae7e448f9f508fbbde85c70e,0.9035,2000,candy_cane,0.00011731414749826124,0.9985,2000,-0.09500000000000008,robotiq,0.9985
c3b8510cd4644f8b8a51b313ac44cb99,0.545,2000,jumpsuit,0.03764885141311258,0.4945,2000,0.050500000000000045,franka,0.545
abb5588835f4455faa169b5d98c9c117,0.648,2000,pickle,0.026461797553598603,0.16,2000,0.488,franka,0.648
8dcb53d1b73841ddb6a1122220870954,0.808,2000,tote_bag,0.09899301942961969,0.7345,2000,0.07350000000000001,franka,0.808
51e296a3daf84b17b9541528358eda39,0.9965,2000,brass_plaque,0.0001863942698301261,0.732,2000,0.26450000000000007,franka,0.9965
1b86dfbafb254630bf82517ece537cd4,0.823,2000,award,1.7614360687958,0.2345,2000,0.5885,franka,0.823
acf8b776d3404ee1a681a721894a8b62,0.943,2000,sail,0.0021513395727308796,0.024,2000,0.9189999999999999,franka,0.943
cd6f9016db8644129af1b6026f9e46bd,0.966,2000,file_cabinet,0.022069790401909133,0.818,2000,0.14800000000000002,franka,0.966
ba443b4e68c24265ab4d44c569c9ee6e,0.934,2000,camera_lens,0.038193263998959254,0.8925,2000,0.04150000000000009,franka,0.934
fc5504fd32fd4842b5cfb7b49a88c437,0.844,2000,butterfly,0.002277567500875564,0.138,2000,0.706,franka,0.844
cfdc13ab72644cf0bc3c5a04628b094e,0.2845,2000,salad_plate,0.7917462623067266,0.16,2000,0.12449999999999997,franka,0.2845
e269e10b71054aa2a876e9d9519abef5,0.9465,2000,bulletin_board,0.04303263187090791,0.588,2000,0.35850000000000004,franka,0.9465
f6faaf8983324fc992f58616ac84b68f,0.0,1407,barrel,0.002393827251329845,0.781,2000,-0.781,robotiq,0.781
0796e23ab5c0448c9bdf3fe5c3b3e362,0.8975,2000,watch,1.8455676278560618,0.2865,2000,0.611,franka,0.8975
1b6a4e6db7c64b6fa932b189aa694874,0.5,2000,piano,0.005267901172608967,0.2245,2000,0.27549999999999997,franka,0.5
9e3e900295254b82bc144b3ca4333b80,0.0465,2000,sunflower,0.0661144950947621,0.0665,2000,-0.020000000000000004,robotiq,0.0665
6a3d720664184cac83231c1da58c55b0,0.18,2000,hand_towel,0.0017351818239970463,0.4405,2000,-0.2605,robotiq,0.4405
ab309ab0cf094372b6f1b26b91c35eca,0.794,2000,monitor_(computer_equipment) computer_monitor,0.040395686107280455,0.556,2000,0.238,franka,0.794
b0b56a5adb1049258d6bcd0ce9b19866,0.988,2000,button,0.04778045978637399,0.6535,2000,0.3345,franka,0.988
79e0499328ca420783c8c98695732930,0.415,2000,detergent,0.007078395959770177,0.2145,2000,0.20049999999999998,franka,0.415
cb0abb276cc247f095c0c527db987276,0.8195,2000,pet,0.02953123423484381,0.8165,2000,0.0030000000000000027,franka,0.8195
b89a06e6e7554c5db7ecd1c51edd3bbe,0.8565,2000,owl,0.04244394066007057,0.8295,2000,0.027000000000000024,franka,0.8565
a2d829a2680c44cdaa7773c05d29ce68,0.877,2000,sandwich,0.007068166575025641,0.7405,2000,0.13649999999999995,franka,0.877
7d0387c284bb4a249ba35248f9792b74,0.9535,2000,stylus,0.01152594829923164,0.362,2000,0.5915,franka,0.9535
46995ee687d2475bb3194137403ca73c,0.8995,2000,monitor_(computer_equipment) computer_monitor,0.003873915443318462,0.2285,2000,0.6709999999999999,franka,0.8995
59d580d861a44a66b2f6d28638e363fd,0.9555,2000,icecream,0.0006435940662625463,0.8945,2000,0.061000000000000054,franka,0.9555
f7d9c98b2fbb48e58ceb7b63ba1dfc5c,0.712,2000,deer,0.354008803763718,0.566,2000,0.14600000000000002,franka,0.712
43331c8ba29a42889776a6931e31f15e,0.086,2000,box,0.1498433201747301,0.1475,2000,-0.0615,robotiq,0.1475
be38157bd0b2440983c2da950bc63bf8,0.8525,2000,bench,0.4559355268510208,0.3155,2000,0.537,franka,0.8525
ed0dbe7cb07d4d7d9005212511a4c974,0.989,2000,cornmeal,0.012238716540839233,0.0435,2000,0.9455,franka,0.989
0a50537f3b2d415cb4bc46aa84ca039a,0.7735,2000,plow_(farm_equipment),0.0921066574459106,0.5835,2000,0.18999999999999995,franka,0.7735
94c9f48d451940ebb3eaec1c249c5ea6,0.665,2000,cayenne_(spice),0.01918369734152242,0.6645,2000,0.000500000000000056,franka,0.665
5865959f730c4a9781aeb853b1db4861,0.378,2000,seashell,0.00023428702193432067,0.43,2000,-0.05199999999999999,robotiq,0.43
f1752394e30446f7a08a8387d419670f,0.182,2000,puffer_(fish),0.10251828687911585,0.3135,2000,-0.1315,robotiq,0.3135
0a280e2b64a84fd387667cca221ff255,0.0,292,file_cabinet,0.11777664879666805,0.00980392156862745,714,-0.00980392156862745,robotiq,0.00980392156862745
1864864213974c57aa9eb55294a39c33,0.785,2000,jacket,0.03655093134608928,0.6235,2000,0.16149999999999998,franka,0.785
af0e2e4f677d45aaa901dd355545f57e,0.8665,2000,vest,0.14500451937205794,0.4605,2000,0.406,franka,0.8665
4bd0d6250de94dbc920468bfedc53fcc,0.741,2000,birdbath,0.11772993226918184,0.406,2000,0.33499999999999996,franka,0.741
a96d9b0f84664c3fa4be448e5f725949,0.275,2000,Christmas_tree,0.010747266580882589,0.5145,2000,-0.23949999999999994,robotiq,0.5145
adb078c42d0746798efaa3e4686afd33,0.4675,2000,shoe,0.408135075452375,0.476,2000,-0.008499999999999952,robotiq,0.476
7553a10ab6cb44609d6e2b6146563d65,0.336,2000,doll,0.0006863545713162706,0.2695,2000,0.0665,franka,0.336
cbfa6285b2ae4caaab5e7c2becf0ff59,0.2645,2000,steering_wheel,0.2982469560312726,0.1345,2000,0.13,franka,0.2645
a2a02e46c64a4ef283fd97996fbe596d,0.6275,2000,seashell,0.10648996848380789,0.219,2000,0.4085,franka,0.6275
65dcebe837d34f13ae6c7dc2fa3b79fc,0.4835,2000,cat,0.2519106516965907,0.375,2000,0.10849999999999999,franka,0.4835
3572d21407c240d1a8fc5f2ec7bc8a46,0.879,2000,sofa_bed,0.0017931739401835507,0.32,2000,0.5589999999999999,franka,0.879
b7dd410db57047528493373df2442fd6,0.783,2000,table,0.0001497897450349005,0.3955,2000,0.3875,franka,0.783
c7c8730b5e4141df932958cde2e69261,0.146,2000,giraffe,0.004213707414809168,0.1535,2000,-0.007500000000000007,robotiq,0.1535
de02b16a52aa4eb0a4280f2242b52b1e,0.8235,2000,first-aid_kit,0.02047436475142493,0.2925,2000,0.531,franka,0.8235
4dbae635a5eb44ba8953b68ee5b4c88e,0.6515,2000,umbrella,0.00029715555255125574,0.476,2000,0.1755,franka,0.6515
d8563064e64d45459b86281613ea4732,0.5835,2000,funnel,0.0008327260366021225,0.5965,2000,-0.013000000000000012,robotiq,0.5965
cc0099a687194a31a052ac761f5fdfea,0.566,2000,banana,0.05996795861874513,0.349,2000,0.21699999999999997,franka,0.566
891123203ffb44d0a34cd04bc06cb04c,0.4725,2000,drone,0.03981077943409376,0.3925,2000,0.07999999999999996,franka,0.4725
0ab8c1875131421e9bb1c442fa3f5950,0.6615,2000,milkshake,0.5948065221101804,0.256,2000,0.40549999999999997,franka,0.6615
69ec21a2adf249779d307ed55e5a3dbf,0.4015,2000,machine_gun,0.02937698532146897,0.6685,2000,-0.26699999999999996,robotiq,0.6685
0ce49e1c745e40eda529a63f2781927a,0.491,2000,bathtub,0.0008312192615519871,0.2125,2000,0.27849999999999997,franka,0.491
e376f374aabc4a468f033ad78c3eab14,0.3095,2000,grape,0.011425802589545375,0.922,2000,-0.6125,robotiq,0.922
42b5982a009843888841127980231f3e,0.9035,2000,kitchen_table,0.024994149612396762,0.4735,2000,0.43,franka,0.9035
01810aab099a49569c550c646b3427cc,0.6075,2000,bedspread,0.109167574674735,0.3135,2000,0.29400000000000004,franka,0.6075
cf23108b642d4bd8b0a033e5d0ae8523,0.9295,2000,rifle,0.001998168586517994,0.4125,2000,0.517,franka,0.9295
70111539882d4f60bed3de53d307fce7,0.4815,2000,manatee,0.011222886804129648,0.441,2000,0.04049999999999998,franka,0.4815
3770d46e9ea8408d87965bd52da4687e,0.764,2000,stepladder,0.0023692811961786146,0.3655,2000,0.3985,franka,0.764
9fd1cf20e209493cad5b6ad796b3a813,0.928,2000,silo,0.0037434133644800977,0.9805,2000,-0.05249999999999999,robotiq,0.9805
fe1a65abb15a4a7c83a908e0126fc525,0.923,2000,salmon_(food),0.011361349272360781,0.421,2000,0.502,franka,0.923
2809f1b0b75847a889b9d74c3a28ddda,0.954,2000,olive_oil,0.021764510000066867,0.821,2000,0.133,franka,0.954
400b2f945fb24beaa5e3ce576670144e,0.7675,2000,rocking_chair,0.21616350300350373,0.3555,2000,0.412,franka,0.7675
1b51966a989242278b502c91a49e7adc,0.6015,2000,river_boat,0.01074862266136018,0.376,2000,0.22550000000000003,franka,0.6015
7d1ddb5ab5704158835d80c14422e79d,0.939,2000,booklet,0.12306171101842002,0.5195,2000,0.4195,franka,0.939
3ddfc1d67fdf412aa2f0ef9cab2f2323,0.6875,2000,visor,0.004094570555399491,0.5985,2000,0.08899999999999997,franka,0.6875
10dfe487e2da4fee9b37f4ad23d4e87e,0.4395,2000,armchair,0.001932650131044795,0.395,2000,0.044499999999999984,franka,0.4395
56f8e5f2184c49d199ba255914c9e5fd,0.8055,2000,toaster_oven,6.414427490340451e-05,0.209,2000,0.5965,franka,0.8055
a756c1cefb544d48a9f1250e542cd4a5,0.901,2000,gun,0.02549134430606842,0.8195,2000,0.08150000000000002,franka,0.901
d8071ec4150947a88ccf5144cfa2927d,0.0,530,keg,0.0027098182923750535,0.001,2000,-0.001,robotiq,0.001
64109128f6784c2caaa8cf9904d85043,0.9775,2000,napkin,0.010365960150932305,0.222,2000,0.7555000000000001,franka,0.9775
f9adf0d8bc604094a6b9cefb09b1568f,0.9405,2000,comic_book,1.891719217448003,0.1195,2000,0.821,franka,0.9405
a0905f82056940aea801730c91121db8,0.762,2000,hardback_book,18.008580500370957,0.2855,2000,0.47650000000000003,franka,0.762
d01dad33772a42bfb6400291cefcc535,0.9705,2000,dumbbell,0.10698898152092182,0.5195,2000,0.45100000000000007,franka,0.9705
912ec0992674468c85ae5bd279bae5df,0.8945,2000,combination_lock,0.008329978577569893,0.8045,2000,0.08999999999999997,franka,0.8945
af8a1b8b0a76485b934160bfa2393ae8,0.9035,2000,tarp,0.0020086428428982427,0.198,2000,0.7055,franka,0.9035
5b4d477f40044ef5a95d0e3288518a2d,0.0,1225,jam,0.011712934643520722,0.725,2000,-0.725,robotiq,0.725
abb0b2c7e9604de9b5a02d7e647a861f,0.1615,2000,carnation,0.741838397512649,0.253,2000,-0.0915,robotiq,0.253
3a345f16a90b44dc868772dbfba411d2,0.0,868,rodent,1.0609880127911355,0.1125,2000,-0.1125,robotiq,0.1125
89abe55553f749f8a8a0bbe259cecd48,0.6425,2000,musical_instrument,0.009512338330678608,0.4725,2000,0.16999999999999998,franka,0.6425
a47c3ab11ffa49448fb38fa235d6541c,0.4179566563467492,1938,sheep,0.02613543991769158,0.233,2000,0.1849566563467492,franka,0.4179566563467492
8387a1cb810040239adda9ce64db66a2,0.946,2000,microwave_oven,0.00041188110457174017,0.6905,2000,0.25549999999999995,franka,0.946
baa749f0b81f42299c61f5ddb049f793,0.7025,2000,puppy,0.002533832302480079,0.979,2000,-0.27649999999999997,robotiq,0.979
bac56b3310ce49a3a862da59a5d61b07,0.671,2000,frog,0.24878233298940933,0.4465,2000,0.22450000000000003,franka,0.671
3f7683bb60e14dfb897740ef2be16c78,0.898,2000,sword,0.13045974455485893,0.4015,2000,0.4965,franka,0.898
1d916cfb3a1146f4b4d0cac44f542859,0.8925,2000,popsicle,0.23898091410093125,0.9455,2000,-0.05300000000000005,robotiq,0.9455
51919699f7af49c4b21e26bdb5eae412,0.645,2000,wheelchair,0.00015064553753840347,0.682,2000,-0.03700000000000003,robotiq,0.682
8b92e906dfd0480a98381cecb1ba8780,0.9465,2000,cornmeal,0.028766667238058753,0.0415,2000,0.905,franka,0.9465
e272c70c23864949b234885ebfe4e804,0.794,2000,vase,0.08530499554986529,0.9935,2000,-0.1995,robotiq,0.9935
2f664bf777be402e94500b6a77c1e553,0.0,1280,barrel,0.041688788465839025,0.001,2000,-0.001,robotiq,0.001
16df9e0284124e109f79879294f538c1,0.957,2000,pop_(soda),0.00568396327528299,0.9735,2000,-0.01650000000000007,robotiq,0.9735
9787e82ab3f441ac874490ecf369980b,0.8785,2000,headset,0.06542607887782899,0.5145,2000,0.364,franka,0.8785
9c32eabef3954f488427d71a8f49c583,0.902,2000,dog_collar,0.006611418272765442,0.342,2000,0.56,franka,0.902
a4869f59dd2b4144b50bd1e4d803adb6,0.639,2000,antenna,0.0028248452542179213,0.342,2000,0.297,franka,0.639
a56c0691cd0f4dd0a046fe35c3002486,0.7705,2000,wall_clock,0.003098915480647318,0.1645,2000,0.606,franka,0.7705
2e0e1816c5e54329acdccef032cd47cf,0.9455,2000,radiator,0.2253612316919949,0.4285,2000,0.517,franka,0.9455
1b271ec6e3d742ef8dc066636415fbb8,0.6195,2000,squid_(food),0.0025928218509364926,0.356,2000,0.26350000000000007,franka,0.6195
936e79f2935c4b28a93a88480d8aa44d,0.8985,2000,skateboard,0.44514419654547166,0.499,2000,0.39949999999999997,franka,0.8985
ea5b270089d848a187942da030ef313a,0.656,2000,camel,0.002248241560465006,0.597,2000,0.05900000000000005,franka,0.656
d3dcf36e0d6340078c82b61a20b596d0,0.2715,2000,tux,0.05229387613092587,0.572,2000,-0.30049999999999993,robotiq,0.572
3039dea506c44acfb7920d135051f4d2,0.8105,2000,wagon_wheel,0.004774678293778232,0.505,2000,0.3055,franka,0.8105
9228daaca361428ba071056b12f05dbf,0.932,2000,handsaw,0.007949415192405461,0.361,2000,0.5710000000000001,franka,0.932
776a3b4bb4f04594b8fae2f5af691cb1,0.8595,2000,shower_head,0.0016656514235294571,0.3795,2000,0.48000000000000004,franka,0.8595
f9a56a1bd4094bfc8b60117928d731b1,0.721,2000,choker,0.1625312353626909,0.3145,2000,0.4065,franka,0.721
5dd321dc17774aeb830876bbb588d188,0.9575,2000,olive_oil,0.01513570120969604,0.9805,2000,-0.02300000000000002,robotiq,0.9805
ff78cedd87a34de49e9633233dffb3d5,0.7965,2000,pickup_truck,0.000149276661415917,0.8595,2000,-0.06300000000000006,robotiq,0.8595
04c322d857504a80983d4bf4f4b56ba9,1.0,8,egg,0.0016930086645353692,1.0,2000,0.0,robotiq,1.0
b6ef3e36e316448dae263c7d51e3b499,0.738,2000,cupboard,6.178826333412924e-05,0.324,2000,0.414,franka,0.738
3ef73be9f51d441c94fcde09e8e654d7,0.9355,2000,gun,0.04671296280327404,0.4595,2000,0.476,franka,0.9355
d6444e535fe54ada93e2234cbf23de37,0.497,2000,subwoofer,0.04191656033172632,0.7705,2000,-0.27349999999999997,robotiq,0.7705
3a9f6b8c57c34f7f8c7af20835a4a3e8,0.4165,2000,dress,0.09424686041261433,0.309,2000,0.10749999999999998,franka,0.4165
1281d8a048ef4789a01cb5d749e073c4,0.008,2000,wine_bucket,0.00017914611553189236,0.824,2000,-0.816,robotiq,0.824
09fb5f0c73004aeaa9ab1b119673fa33,0.6585,2000,alligator,0.013303122299502226,0.6415,2000,0.017000000000000015,franka,0.6585
33b3bb845c3649f9b029946ad2b4ae0b,0.8525,2000,penguin,0.0005891419338642788,0.8585,2000,-0.006000000000000005,robotiq,0.8585
edfa32a261664f88babd91433d25e5cd,0.1605,2000,mask,0.04642979642538631,0.416,2000,-0.25549999999999995,robotiq,0.416
6dcb26b8e33e450c8307e5cdd3b06fa2,0.6345,2000,wineglass,0.0033241460701379346,0.432,2000,0.20249999999999996,franka,0.6345
dd84cdb121754138a863d29d4feb5248,0.823,2000,pear,0.008376228639489879,0.675,2000,0.1479999999999999,franka,0.823
86ccc775696640e2b40c2be757bd3577,0.404,2000,fork,0.0004741018126210442,0.4675,2000,-0.0635,robotiq,0.4675
4b32888874f842dcbec22dafe33a3d19,0.739,2000,chair,0.07324091288443789,0.688,2000,0.051000000000000045,franka,0.739
62bd6067c24c470495c29752a9a14d72,0.8275,2000,passenger_car_(part_of_a_train),0.007527230824536948,0.4495,2000,0.378,franka,0.8275
d879bae1a76f465d9e92ab35b29c451a,0.7375,2000,crutch,0.05123174072279369,0.5185,2000,0.21900000000000008,franka,0.7375
dff0057e04e64d988215a0411a1abf93,0.1465,2000,crescent_roll,0.5940319141859624,0.497,2000,-0.35050000000000003,robotiq,0.497
a1f356e980664ec3bee98a8ffb6132b1,0.5325,2000,jet_plane,0.04490716413882827,0.434,2000,0.09849999999999998,franka,0.5325
46bb9561bf23477aaad941e143a52803,0.818,2000,laptop_computer,0.33674812334489523,0.579,2000,0.239,franka,0.818
209decd5a9ea427ba254f36d6553df53,0.715,2000,pigeon,0.0020970965617940923,0.7535,2000,-0.03849999999999998,robotiq,0.7535
abe57386b98e46259dacf800da6cdb0f,0.5825,2000,award,0.004744721319841902,0.3455,2000,0.23700000000000004,franka,0.5825
0fe70edc1fca44189d2947cb879a0446,0.7665,2000,globe,0.24530500657194373,0.489,2000,0.27749999999999997,franka,0.7665
7195ed3346a445448308febe833c180a,0.8865,2000,tachometer,0.010088245797972762,0.545,2000,0.3414999999999999,franka,0.8865
3260106bb8d5474f8ff56ed51515c5d4,0.9665,2000,saucer,0.0027577955510684183,0.4555,2000,0.511,franka,0.9665
ac463214548949a8b62b7de374aab451,0.535,2000,calf,0.026315168717931093,0.569,2000,-0.03399999999999992,robotiq,0.569
b4778ec8024d489a8ae5422e5b3e0df2,0.415,2000,parka,0.9915669534456938,0.452,2000,-0.03700000000000003,robotiq,0.452
4f5139ba94cc42bfb3dd80a0fab8746f,0.9525,2000,manhole,0.10426380317707853,0.236,2000,0.7165,franka,0.9525
2723396ce03440ffbf3182139afa0d97,0.7535,2000,armchair,0.11611701209503941,0.5175,2000,0.236,franka,0.7535
d2119364f0c849cc9ed40ab75d7e671b,0.5025,2000,rat,19.092606667836087,0.492,2000,0.010499999999999954,franka,0.5025
88092301a90f45bf8e31752fc8d28797,0.671,2000,cabinet,6.505830295909355e-05,0.11,2000,0.561,franka,0.671
70c2a47dce0448e788464b7bc6a8d476,0.848,2000,airplane,0.0014315685780805364,0.5495,2000,0.2985,franka,0.848
af58614759bb4e91aaa284668de93907,0.9595,2000,cigarette,0.010046197792504161,0.409,2000,0.5505,franka,0.9595
a0458a0969c8482d95ed22f4c0f1fa4c,0.9995,2000,soccer_ball,0.010076297879564334,1.0,2000,-0.0004999999999999449,robotiq,1.0
6e815d383a2c401bb1ededacfe079734,0.9015,2000,music_stool,0.3418140510175881,0.596,2000,0.3055,franka,0.9015
f2ac26d3788949bbbaa49e8fa7059748,0.7785,2000,water_faucet,0.1565142506920769,0.4965,2000,0.282,franka,0.7785
84093c9ff75b4fe48a79b3fad099fdb0,0.728,2000,shepherd_dog,0.01815247976236787,0.674,2000,0.05399999999999994,franka,0.728
dfdcf768fc8b4b20b0b2d0c00e505a8f,0.532,2000,person,0.0002329382899630219,0.7505,2000,-0.21849999999999992,robotiq,0.7505
19382675a537455086f3e4e75adeeef7,0.6085,2000,trench_coat,0.0009328724083451354,0.4895,2000,0.11900000000000005,franka,0.6085
6d8c8c2a8c244a9bbc0651b884afad73,0.3145,2000,sofa,0.000978919149674326,0.2895,2000,0.025000000000000022,franka,0.3145
7903499ed5a741cd9e4faa447013057d,0.4864406779661017,590,gift_wrap,0.06193616862359258,0.2115,2000,0.27494067796610167,franka,0.4864406779661017
34f92922bdbf4275ba5c98fe0ae11e3c,0.905,2000,monitor_(computer_equipment) computer_monitor,0.0017893061874623246,0.714,2000,0.19100000000000006,franka,0.905
8867a649df30422aa652aaf9034904a7,0.866,2000,chaise_longue,0.03212349327753638,0.25,2000,0.616,franka,0.866
64ddb36a8610408eb40466566f5da167,0.757,2000,crab_(animal),0.1514931201396271,0.5525,2000,0.20450000000000002,franka,0.757
19ffbca399304db3a04f7fb735deec4c,0.673,2000,lampshade,0.0034068487350798135,0.5715,2000,0.10150000000000003,franka,0.673
5df3141533aa4a2488296104d6a306a0,0.8725,2000,rolling_pin,0.0034181153035333636,0.4225,2000,0.45000000000000007,franka,0.8725
a09908a3910f4110a835f15e0f774da4,0.8415,2000,flowerpot,0.460210636678733,0.818,2000,0.023500000000000076,franka,0.8415
7aeae41398f34c4fa5de50c2e6276b11,0.7925,2000,cellular_telephone,0.026146430166859413,0.4055,2000,0.38699999999999996,franka,0.7925
426f0b2bd5e8400684d319e537937197,0.9175,2000,pipe,8.270081414674522,0.494,2000,0.4235,franka,0.9175
591fa396a54f4941bf50b451b99a6de4,0.0,2000,apple,0.16043644190446038,0.198,2000,-0.198,robotiq,0.198
7d9697e32b8142a1ad6c9d3279883786,0.77,2000,ring,0.011133521702157942,0.3025,2000,0.4675,franka,0.77
5fe65070674845a588140aeb5f304d19,0.591,2000,shield,7.763483804036986e-05,0.583,2000,0.008000000000000007,franka,0.591
d838fc2535c64927a817da5a84d83a2a,0.821,2000,remote_control,0.291862501544185,0.4665,2000,0.3544999999999999,franka,0.821
482e5e616d644560bb42bbd202404315,0.0,2000,wine_bucket,0.0009109039624167403,0.137,2000,-0.137,robotiq,0.137
4f3799a5a2bf4d58a6e623b88607642c,0.9585,2000,football_(American),0.0525908563652015,0.7845,2000,0.17400000000000004,franka,0.9585
774bc66d11c24855bf722e35249fddf7,0.5215,2000,orange_(fruit),0.0547848516210038,0.861,2000,-0.3395,robotiq,0.861
386432d41a0a4515a90f3f99b85559a5,0.2535,2000,basket,0.13420540453385832,0.1565,2000,0.097,franka,0.2535
1367186fe0fd4bb4ab771da26787b7ca,0.584,2000,armor,0.0019648649705515174,0.4795,2000,0.10449999999999998,franka,0.584
549146fdc7024dac94ba5eee5dfbcb54,0.8905,2000,wineglass,0.021649216184194815,0.634,2000,0.25649999999999995,franka,0.8905
2c78dd65f2d0483f8ab9a97151d840f5,0.823,2000,suit_(clothing),0.07044145457712846,0.491,2000,0.33199999999999996,franka,0.823
c10b5698e0f4467b8cb8f113d80a0d43,0.7365,2000,dolphin,0.0002550038785930834,0.5725,2000,0.16400000000000003,franka,0.7365
1f88f7cc096643ba8e364c2b0091a7e5,0.716,2000,kettle,0.045672905978671116,0.0685,2000,0.6475,franka,0.716
f235278f31e9421b85747a82eae272b2,0.8795,2000,wine_bottle,0.009366780541529762,0.499,2000,0.38049999999999995,franka,0.8795
b0ab1751605a4415baf206f2bd9702ca,0.6975,2000,tank_top_(clothing),0.04578102184471937,0.625,2000,0.07250000000000001,franka,0.6975
83949d068c4d494b88d48501563f8b60,0.0,2000,canister,0.13123436071403083,0.016,2000,-0.016,robotiq,0.016
bf5a8c7e6935457882f5e9a5dadd0ecf,0.332,2000,pet,0.03622238804235948,0.6415,2000,-0.30949999999999994,robotiq,0.6415
e3ffbc52b7794dee8a7fbbf7118bf69b,0.4895,2000,lightbulb,0.028182019233277646,0.5305,2000,-0.04099999999999998,robotiq,0.5305
9971e21aed8543599e8b1ac057b5669d,0.27,2000,snake,0.00033761318782692855,0.4405,2000,-0.17049999999999998,robotiq,0.4405
2d129adb316540849f03bb43d129a4ff,0.735,2000,ladle,0.019754007286623576,0.434,2000,0.301,franka,0.735
bfee859734644f84ad12fc1b015a7791,0.881,2000,padlock,0.0002351103194385607,0.8295,2000,0.05149999999999999,franka,0.881
be638ded539c4964b1bfeaf82e669397,0.985,2000,keycard,0.05654193916541933,0.0385,2000,0.9465,franka,0.985
09fbd65b156045c592f0561d6a0d2ad8,0.0005,2000,awning,1.6918811186768127e-05,0.036,2000,-0.0355,robotiq,0.036
dfbe936f6fcb40f79bef4d0de6d83a27,0.836,2000,prawn,0.5854135163228654,0.472,2000,0.364,franka,0.836
414e34d317264e81924dcdfdaa955596,0.6605,2000,elephant,0.023600633570557177,0.443,2000,0.21749999999999997,franka,0.6605
9e82add156194835b892d67849cf37e2,0.9495,2000,coffee_table,0.35685937266935147,0.3745,2000,0.575,franka,0.9495
821ea1ee87484b608b226a73303bc25d,0.159,2000,lampshade,0.018709391258505296,0.54,2000,-0.381,robotiq,0.54
d807fab9cde0482eb19f649d5c4e422e,0.7165,2000,shower_curtain,0.000233839213532348,0.58,2000,0.13650000000000007,franka,0.7165
6884790f4ae54ff3920c25c7bb2756ab,0.8985,2000,cork_(bottle_plug),0.00861547112786952,0.6475,2000,0.251,franka,0.8985
99d333e3b4e4470a8d7d38436489c001,0.6785,2000,cow,0.008584246695381523,0.4915,2000,0.187,franka,0.6785
3378f67a424041f3acbc574b57bda90d,0.9095,2000,dustpan,0.18632203621031343,0.5835,2000,0.32599999999999996,franka,0.9095
009e2eb4f0f44faa9fb79aead2717266,0.9745,2000,vodka,0.5255869811784218,0.599,2000,0.37550000000000006,franka,0.9745
a20f5595e1084c6a93d4c4b7d33b4ce2,0.6825,2000,horse_buggy,7.355880150553214e-05,0.577,2000,0.10550000000000004,franka,0.6825
9cb3a5b05bf8430c96a2a6cf9cadb6b2,0.8195,2000,strainer,0.06388893737228289,0.6565,2000,0.16300000000000003,franka,0.8195
eb8fba8db0d34e0d8ed56dbdb34401e8,0.694,2000,globe,0.003138186610218668,0.6235,2000,0.0704999999999999,franka,0.694
a1c92a301628450dbdb04f6ce63017d7,0.96,2000,locker,0.022330443794834794,0.1155,2000,0.8444999999999999,franka,0.96
b882fd37f09840bb9168479ca5fad5e2,0.7635,2000,balloon,0.011444361911031162,0.3205,2000,0.44299999999999995,franka,0.7635
68f71e6ecbec40aaaee4da563efb0194,0.112,2000,legume,0.05686714327927787,0.4075,2000,-0.2955,robotiq,0.4075
01680c5bad224c5ba0b5dbf2b7cd79ad,0.794,2000,camel,0.009903726160456733,0.7665,2000,0.02750000000000008,franka,0.794
100c8d7f4f0041e3af111718f9f68595,0.9305,2000,stepladder,0.0014168129264469378,0.132,2000,0.7985,franka,0.9305
fd4d821a9e5f46cab786d4530133fc30,0.6945,2000,bench,0.0016150089840014396,0.282,2000,0.41250000000000003,franka,0.6945
3cab4c95c8384996933e7a1ff7b9839c,0.8155,2000,cabana,0.03188080431985056,0.259,2000,0.5565,franka,0.8155
2ae974bf45a3436c9d2a6d5e4bdca385,0.807,2000,airplane,0.040962153724122506,0.457,2000,0.35000000000000003,franka,0.807
481c76e1424148e6991b6f8488dfb637,0.9385,2000,gun,0.01218054939102801,0.585,2000,0.35350000000000004,franka,0.9385
a699c070dc864bdd89e9f3accc1f0c0e,0.9285,2000,mirror,0.0009105460387900764,0.175,2000,0.7535000000000001,franka,0.9285
765edbf1bed345989049f2489d7bc980,0.0,206,amplifier,0.0006287797188446212,0.004,2000,-0.004,robotiq,0.004
cb7b2c3673c24d24a9615ed864735a31,0.9475,2000,automatic_washer,0.000111090440259117,0.748,2000,0.1995,franka,0.9475
53b5353b12cb49bbbb21141257043fb9,0.14,2000,boat,0.4226597353790607,0.2335,2000,-0.0935,robotiq,0.2335
2806a8295c81461db7a638c8d65f7014,0.3805,2000,kimono,0.03128714457405565,0.253,2000,0.1275,franka,0.3805
166d2bf05b1341b38d67466ddad292f3,0.6575,2000,kitten,0.10944413926605613,0.513,2000,0.14449999999999996,franka,0.6575
12541303f4454268a941b06ee3581427,0.7635,2000,tote_bag,0.00026448356148365957,0.746,2000,0.01749999999999996,franka,0.7635
c6a403de625f4a49b6a162f8cc22e0b3,0.0,17,jar,0.011768937338677385,0.0,28,0.0,robotiq,0.0
a3f75371603b4d29a5ab2b4e5ee25e2c,0.836,2000,flute_glass,0.021509358598839845,0.434,2000,0.40199999999999997,franka,0.836
5130a3029c15445f8e3ac7e87cd6ded3,0.916,2000,dumbbell,0.059047233885450995,0.8025,2000,0.11350000000000005,franka,0.916
0413d92d70f24a68b3afe8643301c515,0.612,2000,frog,0.06578681248214877,0.613,2000,-0.0010000000000000009,robotiq,0.613
30db76f464f842c1ba88edae466b6bf3,0.8835,2000,windmill,0.00811165158454591,0.1905,2000,0.693,franka,0.8835
e4c90c5710bb4062870e64933d86cecd,0.0,271,hamburger,1.245446720978946,0.1895,2000,-0.1895,robotiq,0.1895
a0d0b01f22d346629306bf316d539714,0.6535,2000,helmet,0.0004002521243023563,0.658,2000,-0.0045000000000000595,robotiq,0.658
5ff2d6beb2124266848ea957197ab107,0.8035,2000,fighter_jet,0.0276618935246967,0.4485,2000,0.355,franka,0.8035
7405f17de07d494990de5d5de296bbe5,0.864,2000,folding_chair,0.12035618808727865,0.4975,2000,0.3665,franka,0.864
8d79676617024cd69197dab1b353e163,0.938,2000,spear,0.0006811336615879747,0.3475,2000,0.5905,franka,0.938
c2ad5758463b4f9490b6c770744e4884,0.9515,2000,coatrack,0.0002364085387928646,0.234,2000,0.7175,franka,0.9515
2e82fdebaf8f449e979b56b260543ffb,0.9465,2000,scale_(measuring_instrument),0.0019254489921865787,0.2395,2000,0.7070000000000001,franka,0.9465
7548a8a72b5e4f788151618ebd441c70,0.567,2000,lamppost,0.00450054898562545,0.323,2000,0.24399999999999994,franka,0.567
797e7c7f61104b6785c3bd0fdb99c74d,0.828,2000,Bible,0.06475797028403249,0.064,2000,0.764,franka,0.828
81b11403177242ea9d1242dbfe214432,0.732,2000,frog,0.06710729434616482,0.5675,2000,0.16449999999999998,franka,0.732
3ef74b2ed60c4a6a808a595618908aa0,0.4185,2000,jar,0.06842281495378189,0.6965,2000,-0.278,robotiq,0.6965
6becc17228bb497e84170dc0f27896c2,0.6595,2000,sword,0.08949031565207022,0.394,2000,0.26549999999999996,franka,0.6595
2c7e733d9d2b4b229b97bc8d13ce04f4,0.2785,2000,fedora,0.0033610667227481146,0.3955,2000,-0.11699999999999999,robotiq,0.3955
27cf6b4dae68429da0a30d305a2953cb,0.936,2000,gun,0.03485157288430056,0.733,2000,0.20300000000000007,franka,0.936
9b7e56c3dc6a4c6f9a43ffeb87364613,0.8575,2000,chair,0.07545795406645621,0.605,2000,0.25250000000000006,franka,0.8575
eb73d55b89044f6daa36932ebf30181a,0.816,2000,soya_milk,0.010717335693611734,0.984,2000,-0.16800000000000004,robotiq,0.984
5139e2b96d2745d19ba5148239197d01,0.0,1350,beer_can,0.00028706547586886404,0.014,2000,-0.014,robotiq,0.014
3750417613224e16a089a78ee37b9e5c,0.6315,2000,gondola_(boat),0.0001855078191770467,0.5325,2000,0.09899999999999998,franka,0.6315
817d7cc7e5c447a9ba8ce29a86bbb531,0.0135,2000,bedpan,0.032468820544520646,0.1025,2000,-0.089,robotiq,0.1025
1b29010d87eb4f41ab81d054d77d03e3,0.812,2000,slipper_(footwear),0.007684273198229457,0.31,2000,0.502,franka,0.812
c7dcdfec1bb2415fa5e54703337dc15f,0.792,2000,pot,0.054028454512526476,0.804,2000,-0.01200000000000001,robotiq,0.804
b1e2175e571a48d48c25f805545576c2,0.4165,2000,cookie,3.47834269336249,0.2895,2000,0.127,franka,0.4165
85e2ca99acf94cfc9acc325027207f38,0.6595,2000,dining_table,1.995988119674253,0.538,2000,0.12149999999999994,franka,0.6595
a9d3e75e446e45568005d620e84f57f0,0.571,2000,pickle,0.09426782345637959,0.7105,2000,-0.13950000000000007,robotiq,0.7105
efa711534830453f8420f84fdcb8a85b,0.0005,2000,radar,0.009202588062053018,0.1185,2000,-0.118,robotiq,0.1185
7beef9a08a7e4114b95c297749b6ac69,0.0365,2000,giant_panda,0.029485876641588644,0.4115,2000,-0.375,robotiq,0.4115
cfea46e743944c0aabadac6c2e6df990,0.8715,2000,fighter_jet,0.001536395258423395,0.5685,2000,0.30300000000000005,franka,0.8715
ab29ecc0ad444166a483a2bf82de07f2,0.8785,2000,quilt,0.00020789827607160634,0.029,2000,0.8494999999999999,franka,0.8785
e398537c9bde4106bde9a055a2495557,0.898,2000,pudding,0.109026400754159,0.172,2000,0.726,franka,0.898
5bc976c103f14f2995c048fae25feba8,0.7505,2000,strainer,0.003756018539322853,0.064,2000,0.6864999999999999,franka,0.7505
35cd09443fad4c72b336503cccaf8980,0.9215,2000,ax,0.242687570769023,0.4265,2000,0.495,franka,0.9215
1bcc1979da9d4180ac3fe962a246ff9b,0.7655,2000,jumpsuit,0.06012504135171986,0.536,2000,0.22949999999999993,franka,0.7655
494141ea32bc4ddea488dffa0f5910c3,0.9375,2000,guitar,0.005569210994338698,0.593,2000,0.34450000000000003,franka,0.9375
4e284b8f8a8f45b58850636efcc54075,0.8645,2000,spectacles,0.0011430864907677166,0.4965,2000,0.36800000000000005,franka,0.8645
94fed63c30d14334ae7bf156a2998883,0.755,2000,kimono,0.03240709000052878,0.4925,2000,0.2625,franka,0.755
d4e58143ec94426aa0bbaac2c0d32507,0.7155,2000,race_car,0.03370989813536233,0.338,2000,0.3775,franka,0.7155
1d24de8c6db84d59a818944d00ac6f6b,0.562,2000,breechcloth,0.0002743363471501883,0.519,2000,0.04300000000000004,franka,0.562
ece4a007b36b43aa95c029e5cbd0a216,0.796,2000,dresser,0.146030901198297,0.436,2000,0.36000000000000004,franka,0.796
aa555c383d5748fa91634b61dc3febf9,0.794,2000,chair,0.05603862612589452,0.7205,2000,0.07350000000000001,franka,0.794
cff2d3483c4a452aaa9201b2a1b7d984,0.7,2000,joystick,0.028123349883265408,0.202,2000,0.49799999999999994,franka,0.7
a2eb6ec3f02c4d74955d0ccfe680cc53,0.893,2000,chair,0.11801062640153046,0.5155,2000,0.37750000000000006,franka,0.893
a693449e49764a7f9e1a93d437bd794d,0.874,2000,glass_(drink_container),0.0886055782394972,0.2535,2000,0.6205,franka,0.874
a8d95a68231d4534904e7c083335a49f,0.894,2000,turnip,0.019224706607619126,0.551,2000,0.34299999999999997,franka,0.894
fa8a27c91dc04e19983e21d4954eb93e,0.6915,2000,sail,0.00035241513659191185,0.14,2000,0.5515,franka,0.6915
5feb04e6adac4ab7967c5097fe522f2a,0.237,2000,elephant,0.031032115526376414,0.6085,2000,-0.37150000000000005,robotiq,0.6085
915fffa0a7d943d0980c835784340c77,0.6105,2000,dresser,0.013122337109496895,0.76,2000,-0.14949999999999997,robotiq,0.76
806d76af60dc45c1a45bd0eef3a17531,0.0985,2000,plow_(farm_equipment),0.026099426490195053,0.3705,2000,-0.272,robotiq,0.3705
7232408612424923838e8f67176056ce,0.8135,2000,chair,0.11307056548318391,0.5205,2000,0.29300000000000004,franka,0.8135
b958acb36a594f0e935f524e6c507aa4,0.269,2000,traffic_light,0.17055679330171633,0.4485,2000,-0.1795,robotiq,0.4485
0b3d68f87fd34334bb411a59374bf0ed,0.3695,2000,tablecloth,0.002850999733320665,0.373,2000,-0.003500000000000003,robotiq,0.373
5c32977055dd4ee49b19b179f212a54d,0.715,2000,cow,0.005960982099118274,0.416,2000,0.299,franka,0.715
9d54acd6abff450cbf58a8238d66a178,0.4145,2000,armor,0.0014364087707165007,0.413,2000,0.0015000000000000013,franka,0.4145
8ca79d5982eb4ed7b67a84df1e38a84b,0.1215,2000,cornice,0.6306854246289211,0.066,2000,0.055499999999999994,franka,0.1215
94d6405522de4c2895912c0a45332056,0.2065,2000,television_set,0.012824044808383001,0.5105,2000,-0.30399999999999994,robotiq,0.5105
1915ece903a5406d8b59b3af3954b943,0.7865,2000,trophy_cup,4.541396590470219e-07,0.3205,2000,0.46599999999999997,franka,0.7865
9cb35cfdfb5b4ab7b33ce288136b7d36,0.851,2000,ski,0.038373828544552936,0.0735,2000,0.7775,franka,0.851
17b1d17b26794b5e94cbee40b836bf54,0.8385,2000,cappuccino,0.030923687740634354,0.6875,2000,0.15100000000000002,franka,0.8385
80b914565c154cdfb31a31f669b900a7,0.8485,2000,candle_holder,0.00034452887556177774,0.512,2000,0.3365,franka,0.8485
658e9ea4a55d41d28085417949b58064,0.8215,2000,giraffe,0.00012439241731205684,0.93,2000,-0.10850000000000004,robotiq,0.93
95367f12085743f096f0679abc0701a2,0.507,2000,goggles,0.0009719562149325332,0.2435,2000,0.2635,franka,0.507
5c12ce55081046419ab39aab06d69bb0,0.855,2000,subwoofer,0.008020638708064083,0.3675,2000,0.4875,franka,0.855
9abfce885a834399b2c3ccaed51cd474,0.843,2000,bulldog,0.0012436896702818683,0.6545,2000,0.1885,franka,0.843
cbd974c3a0df4cc88fdf4a53b18a5400,0.9215,2000,gun,0.04961140622912204,0.394,2000,0.5275,franka,0.9215
4f8429b3e2c14069a3249bb836177678,0.392,2000,pigeon,0.0007881005315684117,0.361,2000,0.031000000000000028,franka,0.392
c9f25a7857e04bb0877f2d479d54e8e7,0.302,2000,penguin,0.003725781810538731,0.3585,2000,-0.056499999999999995,robotiq,0.3585
89cee4a742ef47df9769b8bc947e0d61,0.9795,2000,timer,0.38766160396438315,0.043,2000,0.9365,franka,0.9795
ad622111edc448d1a349ca66f641e73b,0.504,2000,gargoyle,0.002305442840068454,0.8025,2000,-0.2985,robotiq,0.8025
af36a169ebb64d0cb1e387ae5925bd0a,0.5295,2000,boat,0.17259774147842027,0.401,2000,0.12849999999999995,franka,0.5295
27d01f2295c64762b67d08c3c2b6b707,0.0375,2000,pirate_flag,0.0005261346287711663,0.0535,2000,-0.016,robotiq,0.0535
2d400d61c1d14401865e8b74a0b72016,0.882,2000,cowboy_hat,0.026471421990190102,0.082,2000,0.8,franka,0.882
bac03ae66a6344cea37f5a661838939f,0.47,2000,radiator,0.0019289720106311769,0.0995,2000,0.37049999999999994,franka,0.47
5b45f990fd494ca0a6721fc07e8bb0c3,0.946,2000,heron,0.2224729343673895,0.226,2000,0.72,franka,0.946
94a4046566e44de8943b860afa57f5d9,0.2875,2000,pocketknife,6.164234855106373e-05,0.086,2000,0.20149999999999998,franka,0.2875
f495b575f87441429349810173aba054,0.0,1802,onion,0.42524790648881206,0.19449035812672177,1815,-0.19449035812672177,robotiq,0.19449035812672177
86d43c1fe20e4205a0e433d363d0b24f,0.0,105,pumpkin,0.28667628392119243,0.00819672131147541,122,-0.00819672131147541,robotiq,0.00819672131147541
22567398a36a4a4789750575a5ce2051,0.774,2000,mushroom,0.04038655775443432,0.6375,2000,0.13650000000000007,franka,0.774
3544298bc80e4b658f1f91d304a6eef9,0.415,2000,hippopotamus,0.000760455653078676,0.322,2000,0.09299999999999997,franka,0.415
4867663c59f949bb927555d9abfb768c,0.0,25,cube,3.3368746955010318,0.0,89,0.0,robotiq,0.0
c803f1e61acd408f86cd7f22e66fd3fb,0.0765,2000,eggplant,0.11537026959224281,0.5195,2000,-0.44299999999999995,robotiq,0.5195
4f6f0e196e5546e6970631aa00b53299,0.1895,2000,handsaw,0.0025265580930062576,0.1565,2000,0.033,franka,0.1895
b9483dc9fb1140c7bdbf20923f8ec4dd,0.0885,2000,ballet_skirt,0.10770312646609839,0.12,2000,-0.0315,robotiq,0.12
2ed069355ea24bf0a995a978d56c5622,0.563,2000,seashell,0.04617864519394171,0.8005,2000,-0.23750000000000004,robotiq,0.8005
1474b5d4a9a945f9a06336e20092f5fa,0.6955,2000,salad_plate,0.02424683507249524,0.5785,2000,0.11699999999999999,franka,0.6955
c67efef1abeb41969eef84c06311fac6,0.908,2000,shears,0.6906736331837007,0.4925,2000,0.41550000000000004,franka,0.908
3d03c10c89d642a4a7b4d41e1346e1d4,0.6955,2000,toothbrush,0.0003070913989080578,0.642,2000,0.05349999999999999,franka,0.6955
dc6154600fe34d4bb11b238b27946d6f,0.6695,2000,chili_(vegetable),0.02770045048789974,0.464,2000,0.20549999999999996,franka,0.6695
1f8afc4877244deb9f3814c078a63eec,0.596,2000,salad_plate,0.5741180358761488,0.1645,2000,0.4315,franka,0.596
6d429f534a554dcd881d4157078c3e47,0.589,2000,snowman,3.7858380529919455,0.6075,2000,-0.018500000000000072,robotiq,0.6075
fac8c850cf5d483699d4f4047059115a,0.957,2000,shampoo,0.03227205993554605,0.8995,2000,0.057499999999999996,franka,0.957
4fa78f498f6c4bb2a9e34acaf8a89efd,0.9425,2000,dresser,0.09541125687227588,0.6535,2000,0.28900000000000003,franka,0.9425
3afa2f3e1b334366a988f6cce4fbfd3a,0.84,2000,hot-air_balloon,0.0001485689380780892,0.803,2000,0.03699999999999992,franka,0.84
77fd9b44d011439db767c9c24b99f187,0.614,2000,candle,0.0003085173155884186,0.1315,2000,0.4825,franka,0.614
1a8acf811bbe4b05bb32c55a8528b286,0.0,2000,papaya,0.0028571329564414196,0.0075,2000,-0.0075,robotiq,0.0075
422d16255d984803848e489f3782cacb,0.706,2000,bulldog,0.034634116190558374,0.7395,2000,-0.033500000000000085,robotiq,0.7395
3b72e8a8c97d48e0bbda1bd488b1bb20,0.9665,2000,chopping_board,0.34883260856330217,0.1465,2000,0.8200000000000001,franka,0.9665
7f77436d2e9e4f88b265f0a0e7f59142,0.0,2000,cube,0.030674277361283146,0.4265,2000,-0.4265,robotiq,0.4265
59949b80aefe4a41a71afd16a0cbe67f,0.6585,2000,saddle_blanket,0.10176941362982034,0.429,2000,0.22949999999999998,franka,0.6585
57bf3896da4244b6904282deba983e2b,0.945,2000,gameboard,2.2028744770238177e-05,0.0325,2000,0.9125,franka,0.945
807f6b034dac4f2880566520dd67c186,0.9355,2000,owl,0.013239663635369605,0.032,2000,0.9035,franka,0.9355
12ed6b6952004af1b069b306349e1daf,0.4655,2000,pop_(soda),0.015571425222059931,0.2235,2000,0.24200000000000002,franka,0.4655
30700bc210844bdc991a5ccf16b6379f,0.002,2000,pocket_watch,0.01032868151857556,0.0495,2000,-0.0475,robotiq,0.0495
f7ac28c562b54b4db51ff5784a967bdb,0.738,2000,shopping_bag,0.005329325860496625,0.542,2000,0.19599999999999995,franka,0.738
482d68a13dea495ba8f15fc7c13f47cc,0.926,2000,palette,0.0013281416744056753,0.2495,2000,0.6765000000000001,franka,0.926
0f4e615457324281bd0fb5700a944fcb,0.873,2000,sweatshirt,0.16496063483211865,0.4695,2000,0.4035,franka,0.873
7f884444179e40f9bdd255a850122d1b,0.336,2000,pineapple,0.0577436616278542,0.7035,2000,-0.3675,robotiq,0.7035
bca5b11c49e444e18363c11a8436af15,0.797,2000,traffic_light,0.028283455656015113,0.497,2000,0.30000000000000004,franka,0.797
a453e90d47b74260b5e5ccd5a965fe3e,0.465,2000,timer,0.008595941559584807,0.116,2000,0.34900000000000003,franka,0.465
d5cac0e6355a49f3aa7cb502bacc73e5,0.0495,2000,meatball,0.18450277458109818,0.976,2000,-0.9265,robotiq,0.976
6db334d133174099940e34706ccac451,0.72,2000,kettle,0.0580321276388987,0.683,2000,0.03699999999999992,franka,0.72
e9f91c854e83470cb9852e20e24c80de,0.969,2000,spotlight,0.0028167234929437927,0.0365,2000,0.9325,franka,0.969
7835452d6d4f42a998b11bcadbed6c23,0.904,2000,knee_pad,0.1459400292307403,0.551,2000,0.353,franka,0.904
97491086f9c743e197534eb9042c66f6,0.8975,2000,igniter,0.00852226016358392,0.513,2000,0.38449999999999995,franka,0.8975
051d93b09c7e4de48e6c57f607a9bbde,0.0275,2000,milk_can,0.7218315153234951,0.0445,2000,-0.016999999999999998,robotiq,0.0445
e386f2abfefd423b8ab7cb967d79a200,0.9325,2000,coffee_table,0.12478483159208811,0.3725,2000,0.56,franka,0.9325
6b5ee48e336648729e7a82f3805a55a2,0.5995,2000,bear,0.0016643428958076217,0.581,2000,0.018500000000000072,franka,0.5995
f29bc960fcb6426b86a1477fe1948483,0.7895,2000,wardrobe,4.442866313398781e-05,0.282,2000,0.5075000000000001,franka,0.7895
0557110eb858411b84eea61ee6e6593e,0.678,2000,piggy_bank,0.0025598907509628527,0.3725,2000,0.30550000000000005,franka,0.678
2541db11c1c84adf9b3c371cd34dc287,0.6105,2000,saddle_(on_an_animal),0.709301893507776,0.3145,2000,0.29600000000000004,franka,0.6105
76e6fc2a5d574a169c1241942a663941,0.335,2000,bath_towel,0.22345483664565285,0.1535,2000,0.18150000000000002,franka,0.335
1d489db9cdc24161a7537926a20bb17b,0.1945,2000,helmet,0.01057383168103307,0.9345,2000,-0.74,robotiq,0.9345
2bb3bf4c10b94dc7b0aa4a3383e53f45,0.87,2000,ladder,4.7914976445891105e-05,0.645,2000,0.22499999999999998,franka,0.87
4b9c63c0cfd644d988c5712797cb7e2e,0.941,2000,tartan,0.0012820015630746978,0.172,2000,0.7689999999999999,franka,0.941
3a77c506eaea4e08a10f1d288d2ce45d,0.739,2000,toothpaste,0.0003591855518634557,0.4265,2000,0.3125,franka,0.739
c7ebf5a3f3264793b6f7e8d194c23cbd,0.6045,2000,hot-air_balloon,0.00042013682883705817,0.6155,2000,-0.01100000000000001,robotiq,0.6155
07b934766bd84c8788ebc1b36d4ee5d1,0.2405,2000,banana,0.8817134252389277,0.481,2000,-0.2405,robotiq,0.481
349f07ecd7704df6b4e7112037f72af2,0.132,2000,recliner,0.0019109130324982439,0.2315,2000,-0.0995,robotiq,0.2315
af29924a0b6440c786c6e5cbf35647db,0.017964071856287425,1670,giant_panda,0.0022070289341416544,0.272,2000,-0.2540359281437126,robotiq,0.272
a5986b39102f47c5b32b212365dd7276,0.8345,2000,microphone,0.06415186674791061,0.583,2000,0.25150000000000006,franka,0.8345
9382585b9e5c47999f83ed9658f82dcb,0.5985,2000,airplane,0.03853216102293741,0.458,2000,0.1405,franka,0.5985
4a7b2ead63c34ba1a0799907181bfc7e,0.855,2000,turtleneck_(clothing),0.04685952908697284,0.4335,2000,0.4215,franka,0.855
4981d9bafc4146fbb2f38a918c5b4bdf,0.5785,2000,chalice,0.018082264516473358,0.4405,2000,0.138,franka,0.5785
d8bbff6f87a0452b8d9ad083599df0a4,0.877,2000,gun,0.004089350474812852,0.592,2000,0.28500000000000003,franka,0.877
3576b933f3034f0bb81121463a023010,0.863,2000,camper_(vehicle),0.00022308399560042998,0.6685,2000,0.1945,franka,0.863
4238acf07e5247f4b8334999159eeb37,0.6625,2000,footstool,3.5202174544269073e-07,0.574,2000,0.08850000000000002,franka,0.6625
0616281841b44983b1c113b578c0f0ce,0.7695,2000,walrus,0.025948822483054697,0.35,2000,0.4195,franka,0.7695
f39e820fd1dc47d8ab1b44575dbb3dc1,0.3355,2000,table-tennis_table,0.003659625864156605,0.1985,2000,0.137,franka,0.3355
97fcbcb2c47845c49485a271b10f97d6,0.6425,2000,water_gun,6.789311290209494,0.4705,2000,0.172,franka,0.6425
459dc1bd4a904836b12856659841183b,0.73,2000,clock,0.011483754139581071,0.378,2000,0.352,franka,0.73
02cc6c3b10d14048b06a518bb6870c40,0.6965,2000,helmet,2.1592484265948935,0.078,2000,0.6185,franka,0.6965
6d5a4e1174dd4f5fa0a9a9076e476b91,0.933,2000,plate,0.7307220969412168,0.127,2000,0.806,franka,0.933
bad78de713f04733ad22d9d3605fe631,0.0,726,piggy_bank,1.61573041690101,0.011457670273711012,1571,-0.011457670273711012,robotiq,0.011457670273711012
208e5cf748404521894bf30c95f25c12,0.4935,2000,trench_coat,0.019267722315608558,0.6165,2000,-0.12300000000000005,robotiq,0.6165
f94d39b60c5846148b63b523c8e85ed4,0.4915,2000,lion,0.5285776018856999,0.3335,2000,0.15799999999999997,franka,0.4915
0feb59ae15b843408295eaa6f5f57c99,0.8685,2000,sunglasses,0.6409863641728761,0.21,2000,0.6585000000000001,franka,0.8685
dc62162e9e30488bbf5fda311231ad59,0.7075,2000,ferret,0.034005329707840606,0.3145,2000,0.393,franka,0.7075
e8b32da76b8444c59aa13b749db5fc56,0.16,2000,statue_(sculpture),0.029036108853747366,0.58,2000,-0.41999999999999993,robotiq,0.58
25ca9426f4af4eb3b2f8ad379bb8724a,0.0815,2000,doughnut,0.003776898060654671,0.198,2000,-0.1165,robotiq,0.198
862151dbee584974ba6d0c283a32358a,0.895,2000,wedding_ring,10.20041171306747,0.4305,2000,0.4645,franka,0.895
6abe7c3d35de41349d416e1941d74bdb,0.786,2000,glass_(drink_container),0.2855928051938522,0.6025,2000,0.1835,franka,0.786
d6c314a387b94f31bc7cb8665877dc53,0.869,2000,alarm_clock,0.005268058906161575,0.984,2000,-0.11499999999999999,robotiq,0.984
f0fbc1acea804a4ea612dc547d07d76f,0.8885,2000,urn,0.007077006402249277,0.891,2000,-0.0025000000000000577,robotiq,0.891
956a47ccc1a54a40a8711f3852d54433,0.9185,2000,coffee_table,0.0002040153345204738,0.421,2000,0.4975,franka,0.9185
120e0255832145c2ac1752a621acd33d,0.846,2000,Lego,0.00023956692381088906,0.6355,2000,0.21050000000000002,franka,0.846
2aa80df980d1408f96bf90adf16d6cc0,0.876,2000,octopus_(food),0.0382574325201814,0.1785,2000,0.6975,franka,0.876
672bf82f5d6843988b8dffbc4d2239cd,0.942,2000,monitor_(computer_equipment) computer_monitor,0.006059705658587137,0.146,2000,0.7959999999999999,franka,0.942
3ae0b4e6a75a41d38a2adf8db048a703,0.664,2000,gazelle,0.05559398681335448,0.445,2000,0.21900000000000003,franka,0.664
31276ffbcf2042f2b420b6a64e45789c,0.571,2000,owl,0.1054818441718358,0.523,2000,0.04799999999999993,franka,0.571
61a47d09116b49d680cb466f26e402f9,0.5995,2000,candle,0.00025357490276802874,0.4625,2000,0.137,franka,0.5995
6fac296036f64636a76324c60ec0f249,0.8625,2000,duckling,0.0352724985807781,0.9965,2000,-0.134,robotiq,0.9965
9f18125e50a1459fa2c889af1351601f,0.9455,2000,pickle,0.04419804428705689,0.6015,2000,0.344,franka,0.9455
f21a43f051f24c3d94bcd412948fd030,0.0,2000,glass_(drink_container),0.00012900652531225732,0.6325,2000,-0.6325,robotiq,0.6325
1606b7eea2b74b82a5a5d72fd44cb304,0.7425,2000,ginger,0.031069480530836652,0.8565,2000,-0.11399999999999999,robotiq,0.8565
5268dc011d584b17acc2480052325c5c,0.4695,2000,cape,0.012699465236665862,0.409,2000,0.0605,franka,0.4695
7d87a3d4a3094638af2ec3d34d53b640,0.9,2000,pole,0.037212960894856525,0.47,2000,0.43000000000000005,franka,0.9
72b6d65decf04cc1af6ddec643099866,0.0325,2000,strainer,1.8917079687239033,0.1005,2000,-0.068,robotiq,0.1005
aafcb75617a44ccf9e6aedc3cb0b638b,0.82,2000,piano,0.007032466736585505,0.3215,2000,0.49849999999999994,franka,0.82
03a47d63594b4b2a85f78eb37e848772,0.9295,2000,thermostat,0.15730472590888792,0.6965,2000,0.23299999999999998,franka,0.9295
bfcfe02939e34c91bf99deeaea6b5ee3,0.9795,2000,mallet,0.09964295560117463,0.5215,2000,0.4580000000000001,franka,0.9795
52a97ce0d0c041de90180fd3257ea339,0.216,2000,mouse_(computer_equipment),0.001787195605345683,0.3365,2000,-0.12050000000000002,robotiq,0.3365
7f731275e50143b49dca4a1f224f98ec,0.784,2000,water_cooler,0.126756205894477,0.5115,2000,0.2725000000000001,franka,0.784
8b9612e879da4566a32882d981d84418,0.2125,2000,flag,0.01328802202942927,0.1825,2000,0.03,franka,0.2125
34da5ec5f70942d0afd5b362739f972b,0.8625,2000,snowman,0.005994374931795909,0.951,2000,-0.08849999999999991,robotiq,0.951
ddd0e399d275441e81318b68eefa0e30,0.7645,2000,boot,0.0031572551767547444,0.8365,2000,-0.07200000000000006,robotiq,0.8365
60d1d4b3fb494bfb971a920f16187b2b,0.9195,2000,dumbbell,0.014170441469355468,0.738,2000,0.1815,franka,0.9195
babd30b2446c45ed9234d08a1e32493a,0.829,2000,wolf,0.1666122742521982,0.752,2000,0.07699999999999996,franka,0.829
25a67a986aaa475fab6efb1a6b2b0518,0.7015,2000,magnet,0.00847724828185069,0.048,2000,0.6535,franka,0.7015
e8c036fa0fa64a17970fea4da1994969,0.0,308,duffel_bag,0.03734445674118909,0.0019029495718363464,1051,-0.0019029495718363464,robotiq,0.0019029495718363464
4dc97f742af14811854e4b14a5677e69,0.783,2000,awning,0.00765248517334944,0.171,2000,0.612,franka,0.783
0f7b8ea366654674b217a743959798e7,0.8965,2000,skateboard,0.1389096953878963,0.549,2000,0.3474999999999999,franka,0.8965
edb6ef74597c4385b59e23a4eee4e253,0.5935,2000,arctic_(type_of_shoe),0.006968257570280429,0.4025,2000,0.191,franka,0.5935
ac17230055d9463d84f23d398014310b,0.7045,2000,pet,0.04331617792783147,0.6075,2000,0.09699999999999998,franka,0.7045
395fe8bb564142bda88b841f2aceac97,0.0017528483786152498,1141,pinecone,0.18310653251330633,0.14,2000,-0.13824715162138476,robotiq,0.14
fa201642a05e42c0aae8baa95fb43667,0.691,2000,igniter,0.0632245033064801,0.4825,2000,0.20849999999999996,franka,0.691
91c5283b27c74583900d5e26e2fcd086,0.4945,2000,mug,0.0928862428808932,0.1535,2000,0.34099999999999997,franka,0.4945
20d9815b99a74ae78b2e4d39c924f864,0.586,2000,flower_arrangement,0.46032836952548,0.519,2000,0.06699999999999995,franka,0.586
8599f276c036405daca392ae1548bac6,0.849,2000,puffer_(fish),0.04803467845860207,0.256,2000,0.593,franka,0.849
0bc57dea0074432eb6c9e1459f456b0f,0.2695,2000,wig,0.0035421375210103094,0.4905,2000,-0.22099999999999997,robotiq,0.4905
9d3883a011844460b96191033cd2e475,0.8305,2000,tomato,0.26383599954960163,0.912,2000,-0.08150000000000002,robotiq,0.912
d9a373d54b5443e29a3e21bd5524884f,0.5455,2000,cistern,0.0019004742875821194,0.828,2000,-0.2825,robotiq,0.828
96ae0ff853734df0b10a827307949c87,0.883,2000,lamppost,0.012782309805634776,0.485,2000,0.398,franka,0.883
935a052e665b44348ea397da446a5852,0.8965,2000,gun,7.898101614032713e-05,0.4255,2000,0.471,franka,0.8965
fca1a178324244ef9df1ab0cb54da4b5,0.956,2000,propeller,0.2068613236867075,0.6845,2000,0.27149999999999996,franka,0.956
7a3e0e178c9841afbc56a33a7c0bca53,0.76,2000,heart,0.040974266697821046,0.9765,2000,-0.21650000000000003,robotiq,0.9765
831e07135cd14d938f367786335786c7,0.4625,2000,puncher,0.03700855154323474,0.412,2000,0.050500000000000045,franka,0.4625
775a7a3c8d5047fbb1d0ec82bea8401c,0.716,2000,wet_suit,0.36432481989937227,0.525,2000,0.19099999999999995,franka,0.716
9212a8e1f14844b49caf64c72a663201,0.8905,2000,person,0.0012768618941787252,0.467,2000,0.42349999999999993,franka,0.8905
5c069acaa23647eca5b69db3417f560f,0.3045,2000,seashell,0.1652362722605255,0.4585,2000,-0.15400000000000003,robotiq,0.4585
461d900478a34af9b4da478548efea64,0.7485,2000,frog,0.029502318027729433,0.6185,2000,0.13,franka,0.7485
09365adcb5de4d9ebcacb161e46e93e6,0.2845,2000,wolf,0.06804085871110901,0.785,2000,-0.5005000000000001,robotiq,0.785
655a82c8d2a34e189e1a4418696c314f,0.477,2000,fleece,0.05298219368068535,0.35,2000,0.127,franka,0.477
e9242cef53f34830858dcb84989e461a,0.777,2000,gravestone,0.031072661359105924,0.2445,2000,0.5325,franka,0.777
f20b52dbb79342e7891e849416f13564,0.7925,2000,truffle_(chocolate),0.004765981405290346,0.1965,2000,0.596,franka,0.7925
f0ed2da987674fcfa7c0ba53d98a8a5d,0.7765,2000,sweatshirt,0.05951737525273285,0.501,2000,0.27549999999999997,franka,0.7765
8ce213cab51a4ab793c58dbbf0de9195,0.872,2000,straw_(for_drinking),0.9178450901174865,0.4095,2000,0.4625,franka,0.872
5d033c4a978c4efa8575e3012bc40c11,0.755,2000,dog,0.04327701606909905,0.516,2000,0.239,franka,0.755
973507d6b4e44265887f8feffa6de13e,0.889,2000,bench,0.0011477128994065546,0.512,2000,0.377,franka,0.889
a73854935d294308827c9f575c52fe1c,0.0255,2000,mushroom,0.034089940737948195,0.1895,2000,-0.164,robotiq,0.1895
e1e3d62daf7042c38bbf873a6fd8fbc6,0.9075,2000,dispenser,0.0028210250920066822,0.4655,2000,0.44199999999999995,franka,0.9075
a3bbc9154ea846d7af74824aabaab511,0.9745,2000,runner_(carpet),0.1322153814722025,0.2725,2000,0.702,franka,0.9745
db7339a98f464ff38e3c3e32c924ca65,0.894,2000,pegboard,0.0007595933499290304,0.664,2000,0.22999999999999998,franka,0.894
1bc2987dfc054796b5ab09f1bff1e569,0.1965,2000,bottle,0.011018248252466136,0.674,2000,-0.47750000000000004,robotiq,0.674
a11774af8f844018b4cbd8dc8260b226,0.8965,2000,cone,0.038640593534558614,0.6715,2000,0.22499999999999998,franka,0.8965
57bd8d531ce844188f1e2b22f96a48e4,0.599,2000,puffer_(fish),0.022734958381686904,0.4455,2000,0.15349999999999997,franka,0.599
90c9d43d35d24cada6be59424fb59eee,0.8715,2000,cabinet,2.3219122342071348e-05,0.5495,2000,0.32200000000000006,franka,0.8715
7bc76e4eef61474f970088eadcf82774,0.7605,2000,table,0.27923324571868974,0.126,2000,0.6345,franka,0.7605
12397c70ee9a40bebeaba9de95137696,0.471,2000,gargoyle,0.0038585500554043344,0.541,2000,-0.07000000000000006,robotiq,0.541
1b027d51a0b2474da5ca4f9ec0699c34,0.0,80,truffle_(chocolate),0.11168399112258742,0.0,101,0.0,robotiq,0.0
6bfa6420cc464081b90afc806e3997da,1.0,2000,soccer_ball,0.10141966665539379,1.0,2000,0.0,robotiq,1.0
6a575ec757024924b9844d85f3afaa1e,0.6675,2000,plate,0.6787906938682433,0.1155,2000,0.5519999999999999,franka,0.6675
70eef95489c046c5bc3fcc07a19b20fa,0.744,2000,tiger,0.08531220823409147,0.5815,2000,0.16249999999999998,franka,0.744
34f011fa3f0e4cc3b01ba603dc6e0d20,0.9715,2000,mallet,0.0010488755684571328,0.5105,2000,0.4610000000000001,franka,0.9715
b0b60c5ef5b24af79c9da46c745a08d5,0.748,2000,shirt,0.1056013486312068,0.557,2000,0.19099999999999995,franka,0.748
abdae5ed11294d06bad851a25271969b,0.103,2000,pickup_truck,0.06568591539376488,0.2575,2000,-0.15450000000000003,robotiq,0.2575
ac0d47d521fe449d8fc2532f38ebb679,0.504,2000,necklace,0.004489244133530358,0.3065,2000,0.1975,franka,0.504
55110a5563f846ac93c1c35bc6b80999,0.863,2000,chair,0.10271255231106476,0.6625,2000,0.2005,franka,0.863
e0a4f73243694711a38c376205beb4d5,0.273,2000,pony,0.20554019649528302,0.275,2000,-0.0020000000000000018,robotiq,0.275
2cc2b656d2124c2db990ab15425753bd,0.9525,2000,fume_hood,0.00015749785901889311,0.3885,2000,0.5640000000000001,franka,0.9525
ede1962c04c148538887116bbb40ec89,0.27,2000,coffeepot,0.14418986314600127,0.326,2000,-0.055999999999999994,robotiq,0.326
a640a1099c604a928f39d44523cbd19d,0.5275,2000,elephant,0.023902637315640362,0.499,2000,0.02849999999999997,franka,0.5275
02d21cf6f03943a8af560813295b558b,0.733,2000,dish_antenna,0.0033125615782021727,0.6765,2000,0.056499999999999995,franka,0.733
7e7655855a7248b089b7667d1a4f96d6,0.814,2000,bird,0.3781239455765125,0.909,2000,-0.09500000000000008,robotiq,0.909
58d15c2d67b147d09bc5e46f0fbcb0b2,0.622,2000,cow,0.00018190314225232369,0.475,2000,0.14700000000000002,franka,0.622
6a6bba55b0fc430586a56c6da9a7cb95,0.003,2000,tomato,0.06781122186151495,0.9215,2000,-0.9185,robotiq,0.9215
3c3b3835a48b4ba5a0d455e26184e7ca,0.7785,2000,eel,0.002043334141822006,0.532,2000,0.24649999999999994,franka,0.7785
7693673f97534564b8a14968ad5b31d4,0.602,2000,brussels_sprouts,0.719317444696062,0.9,2000,-0.29800000000000004,robotiq,0.9
dfbb335a32c74d9e979a868baeda2ef4,0.9865,2000,escargot,0.0007960516196003438,0.1235,2000,0.863,franka,0.9865
89ad9370995c4707b077c746eb99075f,0.9,2000,race_car,0.028039852232249966,0.636,2000,0.264,franka,0.9
68910e549c304e64a0c86e231e24de22,0.226,2000,shoe,0.15722064380950818,0.342,2000,-0.11600000000000002,robotiq,0.342
8c18d26983f2457b9377ebbe66a4c8aa,0.4975,2000,bookcase,0.0006697126552347556,0.3935,2000,0.10399999999999998,franka,0.4975
fc27fc019e8144d197a6b4246b251fca,0.235,2000,mail_slot,0.0478662929578418,0.348,2000,-0.11299999999999999,robotiq,0.348
82a1431a18d44f4591225a6c706cc456,0.788,2000,tape_(sticky_cloth_or_paper),0.030861605767264214,0.17,2000,0.618,franka,0.788
ecd71285dec94831ba6ab7efb6cef7a9,0.804,2000,calculator,0.0049945352166036,0.125,2000,0.679,franka,0.804
dcedf982e8874a03b5df3a8c187616a5,0.422,2000,pumpkin,0.00036016975866228764,0.9695,2000,-0.5475000000000001,robotiq,0.9695
82ef689ce285475191cede0332dfe959,0.6975,2000,backpack,0.01256333007181351,0.4855,2000,0.21200000000000002,franka,0.6975
079e24f4748747d592f2f9bae01de712,0.9865,2000,persimmon,0.0008873560391634928,1.0,2000,-0.013499999999999956,robotiq,1.0
b5eb81d84b8943f8a7ef59b6ae312caa,0.9015,2000,latch,0.0015685872608793916,0.1905,2000,0.711,franka,0.9015
9c44c44b447f467994b10b6f37aaa078,0.4485,2000,helicopter,0.00011562316033480643,0.4575,2000,-0.009000000000000008,robotiq,0.4575
1d74e6c3d0a1417fa0b45ee8baf032ae,0.6505,2000,fireplug,0.09641006733263273,0.6745,2000,-0.02400000000000002,robotiq,0.6745
227e09094f7e4ecea04e589e0c02b841,0.0,1096,automatic_washer,0.043441301181636596,0.0105,2000,-0.0105,robotiq,0.0105
4c713330a531497eab09d7bb7b19f841,0.962,2000,identity_card,0.006747851471519029,0.5175,2000,0.4445,franka,0.962
6f4065870fc74114ac4604ff1f3d568e,0.2175,2000,cloak,0.1954340741175528,0.415,2000,-0.19749999999999998,robotiq,0.415
3b05e5f9fbc14ba0b5b03e9fdf9c2c6f,0.8365,2000,heater,0.00014388982187258924,0.4105,2000,0.42600000000000005,franka,0.8365
7ee46e7422234dcc839366e85d010074,0.8695,2000,steak_(food),0.16587968272876105,0.0955,2000,0.774,franka,0.8695
1476c6986dc44e7f96b550d1f321d9bc,0.9535,2000,stylus,0.24030779375421327,0.1745,2000,0.779,franka,0.9535
2e47ec5ca78e48cfa56fcc2e7c8a117c,0.229,2000,car_(automobile),0.062229833812330757,0.3915,2000,-0.1625,robotiq,0.3915
b06dab7a33ef4e51bc186272e19da9f0,0.914,2000,clasp,0.2739808219950679,0.126,2000,0.788,franka,0.914
c0c05a27f0664978a056af56b8bf4dbf,0.514,2000,chandelier,0.003995422506884865,0.5775,2000,-0.0635,robotiq,0.5775
c3b4f63856374325bd17bc27063650d5,0.109,2000,thimble,2.1648925864158657,0.073,2000,0.036000000000000004,franka,0.109
a154d85205b642bfb70adc03028420df,0.302,2000,television_set,0.0019004902614334735,0.3285,2000,-0.026500000000000024,robotiq,0.3285
7b48ce1b7cba44bab337de2701f32296,0.239,2000,seashell,0.9888744201110458,0.559,2000,-0.32000000000000006,robotiq,0.559
f34d2fd6d2964251aad9c0993b369ff5,0.9855,2000,pocket_watch,0.03614749085190684,0.1495,2000,0.8360000000000001,franka,0.9855
9e667d3e4a5049a8a5545d780402526e,0.8095,2000,tripod,0.0011081531539094355,0.5155,2000,0.29400000000000004,franka,0.8095
055bee798bdf47d09a2b5401484cf8f9,0.845,2000,machine_gun,0.009669952334502761,0.5415,2000,0.3035,franka,0.845
6f97a35e0f264653b812298f03ad97ac,0.982,2000,snake,0.01692742270234268,0.107,2000,0.875,franka,0.982
4044dceb998046f692d7063d3a9d236a,0.2535,2000,scarecrow,0.0004233437709805322,0.331,2000,-0.07750000000000001,robotiq,0.331
89103ff87fc74647a96ffa0ac4ca5274,0.0,2000,lampshade,0.04266743161311696,0.0,2000,0.0,robotiq,0.0
8f4477d93fe84d4180260e7f45410aa4,0.0,379,patty_(food),0.11584341215209366,0.0,2000,0.0,robotiq,0.0
866aacce4f974ac3ab5c43bb981af3e8,0.851,2000,short_pants,0.0667781661173762,0.1265,2000,0.7244999999999999,franka,0.851
9b5633559e414cfba5fc055c53cc298b,0.796,2000,spice_rack,0.2956605565044225,0.173,2000,0.623,franka,0.796
17da41600fe64bcc9c5c79d4550a7cfa,0.6905,2000,penguin,0.31096903970377066,0.73,2000,-0.03949999999999998,robotiq,0.73
9714bdb006484d9eb3a26df864b1004d,0.781,2000,harmonium,0.013735416529347165,0.3485,2000,0.43250000000000005,franka,0.781
5c46931b6ce24bb6b1cd73b43512589c,0.8415,2000,figurine,0.0013624500021880862,0.5485,2000,0.29300000000000004,franka,0.8415
557c9259640f4f41a273c04c35288cc6,0.53,2000,truck,0.026492045950479007,0.5325,2000,-0.0024999999999999467,robotiq,0.5325
f1d8575a914348e49790930a314305b0,0.316,2000,candle_holder,0.014306369250302207,0.6395,2000,-0.32349999999999995,robotiq,0.6395
f10af0b912b944d189bd4d8f96c7b414,0.902,2000,beanie,0.0511917660147482,0.404,2000,0.498,franka,0.902
2e5b2435af10441aab8ce9a3a1607c7f,0.3435,2000,seashell,0.28897272894729437,0.3245,2000,0.019000000000000017,franka,0.3435
a08d208d9ad74d41b35efe309c61aefd,0.694,2000,gazelle,0.21588872367188985,0.4255,2000,0.26849999999999996,franka,0.694
9a5f0ba304d04497b6382da6377d8262,0.842,2000,Bible,0.3380275755335568,0.6815,2000,0.16049999999999998,franka,0.842
5718fec0c54f42bcb87be258c39b168b,0.8615,2000,lantern,0.00014062314903084212,0.328,2000,0.5335000000000001,franka,0.8615
49a931a453484cdba1e4e9403b996b78,0.446,2000,phonograph_record,0.1435484159910926,0.545,2000,-0.09900000000000003,robotiq,0.545
a2cdf40f331a4cb1a3722f995df5f293,0.8705,2000,hourglass,0.017968868362477495,0.2105,2000,0.66,franka,0.8705
76f07b7380d947a2abad4f64c75bda7e,0.732,2000,bear,0.0010977464133869813,0.7885,2000,-0.056499999999999995,robotiq,0.7885
5860d67cf13c41c9903a7f7de86c7187,0.9585,2000,radiator,0.08791205135879779,0.21,2000,0.7485,franka,0.9585
78ed22024c844a44b4869a30e7acefbb,0.551,2000,wind_chime,1.645219781258633,0.511,2000,0.040000000000000036,franka,0.551
d1110cebc3ed4b9a8b689d42c50f1a0e,0.556,2000,chocolate_cake,0.7415407333294699,0.6475,2000,-0.09149999999999991,robotiq,0.6475
b7a7e3e9194847a99aea5828abe57c4c,0.688,2000,cabinet,5.388282389191439e-05,0.209,2000,0.479,franka,0.688
59e522ed95274b22937bc306fcf1921f,0.6235,2000,water_gun,0.00031351921115735067,0.2755,2000,0.34800000000000003,franka,0.6235
828c8c6fe44c436ab227f4c06e51a596,0.99,2000,earplug,0.003748639737219904,0.2685,2000,0.7215,franka,0.99
f94cc938a75549e6ab7d6d9767961a4a,0.7375,2000,refrigerator,0.0009462673038547664,0.473,2000,0.26450000000000007,franka,0.7375
977a0b39a6924df49143560577d27218,0.1915,2000,sparkler_(fireworks),0.00022223641260705378,0.368,2000,-0.1765,robotiq,0.368
a6a77f3d44d44c2dacab02b7a55c0b4e,0.875,2000,cherry,0.6740915413314297,0.6955,2000,0.1795,franka,0.875
84bd1bbe9aae4f3785362803d3ccc9c4,0.223,2000,vase,0.06908404315959599,0.808,2000,-0.5850000000000001,robotiq,0.808
38681fd4e3f24144b0722c5c85118d97,0.7225,2000,earphone,0.019648889538849638,0.555,2000,0.16749999999999998,franka,0.7225
f5baf23f59bd4c5c8f70eb8a2d8c7b1a,0.0315,2000,clock_tower,0.008694018159648513,0.0465,2000,-0.015,robotiq,0.0465
c431b92427a94a7d86c1e2790d94a798,0.448,2000,mushroom,0.18575161475714896,0.585,2000,-0.13699999999999996,robotiq,0.585
216e6878000b404d9d905ce75f6cdb32,0.923,2000,boom_microphone,0.2107937050640173,0.7535,2000,0.1695000000000001,franka,0.923
d7a4858165d6442abcb47524bd15eb61,0.691,2000,octopus_(animal),0.0002835782044026777,0.5705,2000,0.12049999999999994,franka,0.691
6bb92eefa68d4d4189837b90f43d6c2f,0.0,1680,hamburger,0.06955711988915178,0.064,2000,-0.064,robotiq,0.064
fa80b566272647418694b8a05ce62fab,0.9075,2000,garden_hose,0.0029096771493493084,0.3945,2000,0.5129999999999999,franka,0.9075
9d49bea56f3049dbb952b2eede39e91d,0.4845,2000,ferry,0.024753990464367708,0.621,2000,-0.1365,robotiq,0.621
77537462cf1c45cba9cf2cc087005b67,0.6135,2000,projectile_(weapon),0.028417127167872525,0.4545,2000,0.15900000000000003,franka,0.6135
f0cdb70413b7452baa1648aab5ae1dad,0.8775,2000,subwoofer,0.03638652988860971,0.7505,2000,0.127,franka,0.8775
1ad11254efff4f59905e09f1a9e8ed41,0.6315,2000,corkscrew,0.009947252824973904,0.7155,2000,-0.08400000000000007,robotiq,0.7155
a6792027730c4ac6bf13accc31f717f8,0.0,1468,kitchen_sink,0.24733129300531662,0.012,2000,-0.012,robotiq,0.012
5037b5bea4bf4bd7bf53d581d478bd90,0.011,2000,toolbox,0.15502395871001465,0.2655,2000,-0.2545,robotiq,0.2655
b7c56101ba964a05a56d4cfe907e2be0,0.881,2000,person,0.34163391220694367,0.546,2000,0.33499999999999996,franka,0.881
cba3e4df7c354d22b7913d45a28a8159,0.3175,2000,teapot,0.08695293248188038,0.3875,2000,-0.07,robotiq,0.3875
e915c0da07ce42a2b5ba080da135a751,0.696,2000,trash_can,0.19705513688027418,0.444,2000,0.25199999999999995,franka,0.696
4d1b8b78f77845e3bdd18427ea8103c8,0.012,2000,cock,0.16281648228498852,0.3035,2000,-0.2915,robotiq,0.3035
0ce76299ca3642b2bb804aebf694a6b3,0.2665,2000,teddy_bear,0.14990672215733317,0.564,2000,-0.29749999999999993,robotiq,0.564
22e711221a094a48a6ffe826d3fd6185,0.59,2000,syringe,0.5114496347521696,0.588,2000,0.0020000000000000018,franka,0.59
67d4fe7e54104c6d90fd61ffb669d921,0.8095,2000,beer_bottle,0.0013135313527868424,0.1805,2000,0.629,franka,0.8095
272ce2e41dc4491987e17ff476d50b27,0.0,1187,file_cabinet,1.2800486656194998,0.0925,2000,-0.0925,robotiq,0.0925
9492c5a4f5654ed3936750e27807b587,0.7075,2000,gargoyle,0.5922893515298324,0.19,2000,0.5175000000000001,franka,0.7075
fbadc209177641978444636641a6d515,0.762,2000,sofa,0.057240926731727454,0.469,2000,0.29300000000000004,franka,0.762
725b18f495a249c483de9a635de66f56,0.3165,2000,awning,0.02593088045268507,0.3715,2000,-0.05499999999999999,robotiq,0.3715
df7ea68fd0454418850a3bdc80109615,0.9015,2000,guitar,0.36994519479453347,0.3955,2000,0.506,franka,0.9015
b3abae550928490380066dcb3ed634fa,0.885,2000,computer_keyboard,0.6290476963856023,0.577,2000,0.30800000000000005,franka,0.885
c6faebfcb94f4f97ad125dc509d0fe39,0.693,2000,chair,0.03331283427010388,0.5475,2000,0.14549999999999996,franka,0.693
1001cef5d10647e080e89b87c13a5735,0.8455,2000,padlock,0.03635307190791502,0.5375,2000,0.30800000000000005,franka,0.8455
7ab7e609af67482e8c61c5f2410a20a3,0.699,2000,sandwich,0.027139117628069764,0.2425,2000,0.45649999999999996,franka,0.699
6d91ddf591de4a00b6ff6751f0e58dad,0.764,2000,bedspread,0.059012173300411364,0.2015,2000,0.5625,franka,0.764
93dca1aeee7d4ad28005ed9afff280f1,0.3365,2000,pot,0.005852271828482742,0.304,2000,0.03250000000000003,franka,0.3365
ed5b5411b2524e1d9a875180aa1ebd51,0.6215,2000,sculpture,0.04571770286192323,0.52,2000,0.10150000000000003,franka,0.6215
a3e3805be6364321b60159793feb2f66,0.858,2000,coconut,0.00022376923512168497,0.374,2000,0.484,franka,0.858
814c8c8ad9324aa9a326f29a945a62a5,0.9385,2000,hardback_book,0.4317617664993652,0.2805,2000,0.6579999999999999,franka,0.9385
46b641045c954194aa1f47d7570a719f,0.11,2000,golfcart,0.00010003495063804194,0.415,2000,-0.305,robotiq,0.415
a21e28fa4fd84438a542539d61be5bc7,0.0135,2000,candle,0.015422406950899262,0.1265,2000,-0.113,robotiq,0.1265
8894d5da5a494ebf9e42ee37b41e9aa7,0.6725,2000,flute_glass,0.008162220713512925,0.613,2000,0.0595,franka,0.6725
683c14c972a14f5396b7d423a26e8625,0.713,2000,crisp_(potato_chip),0.44355642700386355,0.9325,2000,-0.21950000000000003,robotiq,0.9325
d746c8d359204de2a8d0c991cee677c6,0.945,2000,table_lamp,0.00019825265366496574,0.3505,2000,0.5945,franka,0.945
0f1245e2da8f4a09818cb8192fa96c63,0.4635,2000,canteen,0.003723321919614395,0.273,2000,0.1905,franka,0.4635
b6d5e398382a4f72b22a898f071a194f,0.4685,2000,dinghy,0.00026196632240414204,0.354,2000,0.11450000000000005,franka,0.4685
661c85f7cea14b7c81fb30b31d603cab,0.3065,2000,glove,0.01330720708212564,0.2925,2000,0.014000000000000012,franka,0.3065
17426ef2e076477fb03ff2cbcb5e12e2,0.9075,2000,watch,0.031175505434266115,0.5875,2000,0.31999999999999995,franka,0.9075
4be5bee3a94249529147cc44543d1000,0.677,2000,bullet_train,9.527615890772442e-05,0.1415,2000,0.5355000000000001,franka,0.677
b7cebcfb4b1c4d4a97e22072800704ca,0.9155,2000,lamppost,0.00023172238983293396,0.1135,2000,0.8019999999999999,franka,0.9155
fe701b8dac9f4f048897efc30ba83c9c,0.8325,2000,projectile_(weapon),0.0003051687993105525,0.778,2000,0.05449999999999999,franka,0.8325
5229d196836a4fba8ceb834c1c0f5068,0.0,2000,pouch,0.019434209704287313,0.312,2000,-0.312,robotiq,0.312
60c2a1b0a3004c979fdb1ed1152ac018,0.809,2000,foal,0.7328724976578407,0.5705,2000,0.23850000000000005,franka,0.809
c4d4a6d9597b46ffb38dd6bbb8644b8c,0.0,2000,cantaloup,0.15885198220209584,0.0,2000,0.0,robotiq,0.0
af51bd534098417a9c691492f0c6b342,0.865,2000,lamppost,0.0005588816667992653,0.6805,2000,0.1845,franka,0.865
80303f3ce3bd47debfa63c104636b3cf,0.9255,2000,timer,0.0004793761280349673,0.914,2000,0.011499999999999955,franka,0.9255
3b1c37c3deab4ecea7fe610afc277b13,0.74,2000,statue_(sculpture),0.04457792688005708,0.489,2000,0.251,franka,0.74
f0cbb596b0f54d0bb461daa675b4386a,0.631,2000,blouse,0.0018279045314575414,0.4135,2000,0.21750000000000003,franka,0.631
54602080c9d14d5ab052cf9fa7403ce9,0.707,2000,lamp,0.0008198969285555134,0.565,2000,0.14200000000000002,franka,0.707
fcf9039e22554ff29ffc62cc4dfbc634,0.8185,2000,cherry,0.07195321711674016,0.2945,2000,0.524,franka,0.8185
dafd425a53c84d8f98c0ae69c5649083,0.601,2000,tractor_(farm_equipment),0.009005036563135204,0.7245,2000,-0.12350000000000005,robotiq,0.7245
7c234eb786c24f5daeaf3c0680981a19,0.7665,2000,ring,2.579545044842253,0.233,2000,0.5335,franka,0.7665
84c4f27b8eb84938bfc2cf36944baf3d,0.867,2000,bicycle,0.00030795505239433274,0.485,2000,0.382,franka,0.867
ae8a3a50203f4dcdbcd4c56bdafc653c,0.8695,2000,mask,0.0006800646909683885,0.4095,2000,0.4600000000000001,franka,0.8695
885f1fe05f924bd995a89cfc3b6fe8a9,0.7965,2000,binoculars,0.08864353905668883,0.4145,2000,0.382,franka,0.7965
2d3e3f7dee934468810da6794e8937f0,0.7415,2000,pendulum,0.012060728198381034,0.7205,2000,0.02100000000000002,franka,0.7415
9b801ab1aae145e5af5c7cdb52b92906,0.7935,2000,pickle,0.07979503522234915,0.5365,2000,0.257,franka,0.7935
6e1bbb8464eb4879b102cbbdd566e61e,0.8585,2000,chair,0.05028115101342891,0.6555,2000,0.20300000000000007,franka,0.8585
661def1de2b34846bddea62ca9d11aee,0.916,2000,billboard,0.003141984973778388,0.2975,2000,0.6185,franka,0.916
bde3f8af969d4414873ac66487337140,0.963,2000,straw_(for_drinking),0.0009356370042621722,0.2835,2000,0.6795,franka,0.963
30705ef951a64da9bedd426d0d3aab70,0.5555,2000,limousine,0.002915028993479926,0.3895,2000,0.16599999999999998,franka,0.5555
6c00c79f40944ef4920613ae7f1b0fe7,0.8495,2000,butterfly,0.003589537521689737,0.2235,2000,0.626,franka,0.8495
abe55929c3074a9687c9f7feb2d4b221,0.1145,2000,Christmas_tree,0.9053951808060018,0.391,2000,-0.2765,robotiq,0.391
f35d482c75304220b7fc2c60596683fc,0.2675,2000,ladder,1.1906754795121791e-05,0.27,2000,-0.0025000000000000022,robotiq,0.27
f50b3382d67a479f8654611cc748f20e,0.7595,2000,kennel,0.12644744258622007,0.7745,2000,-0.015000000000000013,robotiq,0.7745
9fe3b3cbb19e4300893c4d3a1662c100,0.4335,2000,cock,0.0039602026616328626,0.515,2000,-0.08150000000000002,robotiq,0.515
85206be7185046ba9ca333083082c149,0.6755,2000,ski_parka,0.1447491721036393,0.4375,2000,0.238,franka,0.6755
51b27f90817f40d4b5a34b630dc2b31a,0.0,1231,cushion,0.0017206398539285227,0.1895,2000,-0.1895,robotiq,0.1895
3a41cd0ae91446f9a61928b1aa827857,0.785,2000,thermos_bottle,0.0014504362056520417,0.7975,2000,-0.012499999999999956,robotiq,0.7975
7cee431b78cc4a708ac5bde74a286409,0.217,2000,checkerboard,0.9205990686682983,0.253,2000,-0.036000000000000004,robotiq,0.253
659afc7b5cd84c91beaf3911888acb30,0.956,2000,cigarette_case,1.7910901036200795,0.318,2000,0.6379999999999999,franka,0.956
255373dfda964d14b988ca00e5d995d4,0.8195,2000,airplane,0.07371538943651453,0.4135,2000,0.406,franka,0.8195
65e5c193702e4be9beb5ec783c422b5e,0.6865,2000,chair,0.002856639670105414,0.3325,2000,0.354,franka,0.6865
a0a1808ef24d4c04b39fcc39393cdd21,0.927,2000,pole,0.019290996512091756,0.5185,2000,0.4085000000000001,franka,0.927
fb6380cbb98547b0abc14f2771e48374,0.8845,2000,cowbell,0.0843778577840796,0.5195,2000,0.365,franka,0.8845
e148c45d071541a0a58d1c379ed4e27d,0.627,2000,cupcake,0.02637489475764862,0.025,2000,0.602,franka,0.627
397e770da0244abd9724da5d3379ce3d,0.631,2000,dollar,1.8689867437951123e-05,0.402,2000,0.22899999999999998,franka,0.631
117e5a2117704c1aa324d122994d61de,0.896,2000,piano,0.01976016946753813,0.8765,2000,0.019500000000000073,franka,0.896
d58718e65dff4ba2be87522d65ac5373,0.43759630200308164,649,gift_wrap,0.0007958773245075204,0.6076023391812866,1710,-0.17000603717820495,robotiq,0.6076023391812866
0d1eccf1b8de4722b3735e733aa3df93,0.3735,2000,seashell,7.679262073195856e-05,0.7135,2000,-0.34,robotiq,0.7135
747a541d6dca4c8c8df2f4ec0f37c00e,0.9465,2000,soupspoon,0.036881085751395384,0.3445,2000,0.6020000000000001,franka,0.9465
9d3c0e1574734bfe92740bcfa8c3881f,0.65,2000,sponge,0.07056959178279493,0.419,2000,0.23100000000000004,franka,0.65
1f925d3e397846aa8e20eea433f47e8d,0.6865,2000,teakettle,0.04761982826128857,0.937,2000,-0.25050000000000006,robotiq,0.937
f5fc7df036ff46749f0ae8b6030b93de,0.6085,2000,toast_(food),0.032615014937128047,0.5675,2000,0.041000000000000036,franka,0.6085
49f0d23ea8a94485b1497b1d303fbce2,0.926,2000,machine_gun,1.1265896450816195,0.4755,2000,0.45050000000000007,franka,0.926
bda792eede214739b5f55a65a4e7f97e,0.714,2000,kitten,1.2105035598595168e-05,0.597,2000,0.11699999999999999,franka,0.714
17de70af186e4a35ac0efc7cc8d600b8,0.821,2000,wristlet,0.11442121829278752,0.4835,2000,0.33749999999999997,franka,0.821
8bdd5976c0e54b4fb41fd8cc12fee52d,0.7395,2000,garbage,0.0020177782134953403,0.833,2000,-0.09349999999999992,robotiq,0.833
54dd81cb2bd04bda97d96eaf31b7d7fe,0.962,2000,key,0.00010525580268063396,0.5205,2000,0.4415,franka,0.962
8d62757bbe0149d2b7672c1489a567d2,0.9005,2000,sportswear,0.13449088955130117,0.5315,2000,0.369,franka,0.9005
1f1798bb86fc4cb383969bb1f0060341,0.853,2000,scrubbing_brush,0.0007716277686360523,0.07,2000,0.7829999999999999,franka,0.853
896e7ff5903b465bb34e7ed4b918b3b1,0.8455,2000,water_bottle,0.027824615478837328,0.8015,2000,0.04400000000000004,franka,0.8455
aec2924a4e9f44f9ad569717301e30ec,0.52,2000,wineglass,0.018333074683874875,0.6085,2000,-0.08850000000000002,robotiq,0.6085
5c501256a737462985f5f5d4e55b8b93,0.483,2000,hog,0.0015768256359738114,0.31,2000,0.173,franka,0.483
c4abca2559ea42a7bbd252e6985078ff,0.781,2000,zebra,2.9696891866439836e-05,0.671,2000,0.10999999999999999,franka,0.781
7867aa1e7d7041a3af665f329829a0c1,0.6715,2000,cup,0.1161320537345965,0.1105,2000,0.5609999999999999,franka,0.6715
d55aae0bfdd8424cb4f7f7573a79f009,0.322,2000,mushroom,0.3661089102515464,0.0555,2000,0.2665,franka,0.322
a853f349137942558e114ced3bb38a58,0.9395,2000,pancake,0.0009530671944026185,0.4795,2000,0.46,franka,0.9395
735d70264a81432abc4a460c82a83e5e,0.91,2000,lightbulb,0.002384283727750024,0.8855,2000,0.024500000000000077,franka,0.91
fc83afdce3414c9a8aecde854d4f3c78,0.7395,2000,flannel,0.0023211355959422606,0.4,2000,0.3395,franka,0.7395
75fc1765690b4f6f9b15adbaa6ff5888,0.0,1789,toaster,0.0005417164635323796,0.307,2000,-0.307,robotiq,0.307
50f098a9a8a34549a81bbfd0e8ecb649,0.7955,2000,water_gun,0.06748808071508133,0.3965,2000,0.39899999999999997,franka,0.7955
4f6f2f70b0f744019d3ed2ffb837e382,0.6865,2000,elephant,0.001926646713019679,0.7445,2000,-0.05800000000000005,robotiq,0.7445
1522b9a0752f48878728148d3852a661,0.31629392971246006,939,heater,0.005381362407960548,0.3225,2000,-0.006206070287539944,robotiq,0.3225
4743e076a5154039b5774c299ac45ae7,0.9335,2000,coverall,0.053065511306171875,0.566,2000,0.36750000000000005,franka,0.9335
ed137be2b3f74b6bba9181902bd91bf8,0.701,2000,saucepan,0.0003927638678256693,0.8515,2000,-0.15050000000000008,robotiq,0.8515
e52a1fe4a9ab46cd80e9538dfc0b85c9,0.9305,2000,pole,0.0026463849340640218,0.083,2000,0.8475,franka,0.9305
67c1247b7c1248f0ae696b913c555ca9,0.8905,2000,basketball,0.059286605624170895,0.629,2000,0.26149999999999995,franka,0.8905
84efd04861944aba81481e25e2aa9e68,0.7905,2000,pew_(church_bench),0.0409494444066332,0.4305,2000,0.36,franka,0.7905
b38c033de44f4950becc69aa0035af91,0.8825,2000,spear,3.100093103620385e-05,0.383,2000,0.49949999999999994,franka,0.8825
c48ab56a229d439da1c8bd35b683d147,0.566,2000,control,0.14692892447471098,0.132,2000,0.43399999999999994,franka,0.566
1e395b4a15254ded8a430e1bbbd4054c,0.593,2000,pet,0.09225092018658958,0.7685,2000,-0.1755,robotiq,0.7685
b1758c86b7084b298c79ab6eedcda44f,0.4205,2000,globe,0.08644286379146314,0.016,2000,0.40449999999999997,franka,0.4205
f7783bf8a13847e589d2cda9590178ef,0.8195,2000,chair,0.13547589187958478,0.3675,2000,0.452,franka,0.8195
af1ca6261b1e421bafe3d839b43cfb15,0.824,2000,olive_oil,0.5010873177759275,0.3485,2000,0.4755,franka,0.824
45179aa65dfa4e3983f34bd403c9b528,0.9045,2000,goggles,0.2445659777783272,0.3925,2000,0.512,franka,0.9045
44393a46a9d44fbbb4bb0bec6dc31d2a,0.738,2000,lion,0.2976434325715114,0.3135,2000,0.4245,franka,0.738
1e2825e6428e4940b6971e09929bae61,0.801,2000,windmill,0.0016621358632575452,0.676,2000,0.125,franka,0.801
8903ce6965504b1c831c2eb3a5e2c151,0.849,2000,motor_scooter,0.01388202554071066,0.8405,2000,0.008499999999999952,franka,0.849
dc01c7c96ec64f6bab213fac36043fd1,0.6925,2000,rhinoceros,0.057263669075852765,0.4735,2000,0.21900000000000003,franka,0.6925
f35d62dcb3aa4775a0027e3e7a034908,0.7615,2000,microscope,0.004733346601612345,0.626,2000,0.13549999999999995,franka,0.7615
e929f07c86f1435f9ff51808892ce9fc,0.62,2000,tractor_(farm_equipment),0.008385940398069213,0.9095,2000,-0.2895,robotiq,0.9095
754a35fc531e43f5b3d1c27ccf35a139,0.8625,2000,chessboard,0.032520256407655025,0.2195,2000,0.643,franka,0.8625
af26f5af2e5d4667b9064a04a048f3d1,0.9795,2000,compass,0.035917059387318734,0.0465,2000,0.933,franka,0.9795
c331e96a3d7646999a8f528316d13686,0.917,2000,popsicle,0.021070679120169182,0.1895,2000,0.7275,franka,0.917
2cc36c9cfc77414a9e41281120db98fd,0.9835,2000,booklet,0.7296332506557138,0.0475,2000,0.936,franka,0.9835
a3e0e0686dd841d18cd5ebd013282548,0.7065,2000,shark,0.0002522607742972228,0.742,2000,-0.035499999999999976,robotiq,0.742
f5afb7a324cf40f9b61d006cbe09a2ab,0.784,2000,ostrich,0.00019246228837122305,0.601,2000,0.18300000000000005,franka,0.784
dbb906f876754c878d184b334ba5cac2,0.8275,2000,tank_top_(clothing),0.17396873254415351,0.4,2000,0.4275,franka,0.8275
f1505f8c7ffb4f62a08df04f936be49c,0.148,2000,police_cruiser,0.0063533797208025445,0.456,2000,-0.30800000000000005,robotiq,0.456
30487c1bdc4f43fb97126d546591d0aa,0.8185,2000,gameboard,0.0022971565754701193,0.4335,2000,0.385,franka,0.8185
e45ede8d849141d49762ca5d3390cbc5,0.535,2000,pacifier,0.07024414266992657,0.2585,2000,0.2765,franka,0.535
8dd59fa6ab5d417b9ccfb3cdcab8bb62,0.814,2000,ladybug,0.0475625621196748,0.3915,2000,0.42249999999999993,franka,0.814
c48b9fb0530f4e11b0bb0352752afb46,0.612,2000,beret,0.19164185440732953,0.193,2000,0.419,franka,0.612
c5333782f49e40e8bb4fafc5bff63b88,0.6075,2000,kitchen_sink,0.08625168849914011,0.393,2000,0.21450000000000002,franka,0.6075
e8edbeb250a54ecc816a9018886d1c08,0.679,2000,boat,0.12436129842092304,0.407,2000,0.2720000000000001,franka,0.679
043dc9a9464a4a09b6b1384777022a2d,0.8665,2000,control,0.010146578911982316,0.89,2000,-0.023499999999999965,robotiq,0.89
b60e65c418a64872b0dcb236220b0bc9,0.802,2000,Ferris_wheel,4.690365198276101e-05,0.4245,2000,0.37750000000000006,franka,0.802
45d0891706b3432bb8815658a94542bc,0.0635,2000,birdhouse,0.0092352153100016,0.553,2000,-0.48950000000000005,robotiq,0.553
f5bbcae719e1456fb57fd518aefc65cb,0.684,2000,school_bus,0.03638067300866343,0.627,2000,0.05700000000000005,franka,0.684
a07c8a9f559d481a9d88309339335a04,0.9665,2000,street_sign,0.0011252135290677834,0.459,2000,0.5075000000000001,franka,0.9665
85e1abf52baa462a8934b6760a772763,0.8665,2000,chair,0.36228475035524504,0.2715,2000,0.595,franka,0.8665
07efa2f4d49b45e5ae34c04ccede19cd,0.834,2000,leather,0.13276485125792764,0.4385,2000,0.39549999999999996,franka,0.834
5f4497f476404fb485e228e5f70fcdf2,0.907,2000,dove,0.03259019258803909,0.6725,2000,0.23450000000000004,franka,0.907
a425533dc6fb458f9c2ed25ce27c31d1,0.6695,2000,swimsuit,0.042940366443960466,0.413,2000,0.2565,franka,0.6695
10bc1bcc7cfd46e0ba4d109ec19b8c68,0.7935,2000,cardigan,0.0014205636533862942,0.4675,2000,0.32599999999999996,franka,0.7935
2037cb336566458786ae3fc5c91d8ca6,0.9105,2000,amplifier,0.00041310513447408533,0.963,2000,-0.05249999999999999,robotiq,0.963
5426e6f3a789442eac69ffcb53710a26,0.0,86,book,0.009862389224571399,0.0,854,0.0,robotiq,0.0
7c1616c054214a2c897aab648e22bb57,0.9245,2000,snowman,0.043166711265977965,0.7335,2000,0.19099999999999995,franka,0.9245
f6176112538e47959cfacb6091f14598,0.0,2000,water_bottle,0.008364668492398728,0.3305,2000,-0.3305,robotiq,0.3305
8666cd97a46d436d838479905165be60,0.0,1105,pumpkin,0.1239619837295673,0.039820527201346045,1783,-0.039820527201346045,robotiq,0.039820527201346045
543c9a06fc8f47648f440b2c36b354d0,0.634,2000,mug,0.66199598396522,0.8065,2000,-0.1725,robotiq,0.8065
afb3bd3660e44bb381502aeae8519314,0.0,2000,pottery,0.23142443408801325,0.485,2000,-0.485,robotiq,0.485
f130817ddede45b5acd1d78f7af099d0,0.716,2000,remote_control,0.0005186209976689415,0.055,2000,0.6609999999999999,franka,0.716
8dbe9bf2af2342e5942be8770f7925a5,0.588,2000,dress,0.00017066175808974922,0.404,2000,0.18399999999999994,franka,0.588
217ecd30faa54f20b03d8f0ad9ece9ee,0.599,2000,Ferris_wheel,0.016266352386267297,0.5305,2000,0.0685,franka,0.599
f09ddded553c4909bc2294b7f340b230,0.812,2000,tractor_(farm_equipment),0.033151471919775514,0.219,2000,0.5930000000000001,franka,0.812
c69cf89c62d14b4bb0e18b8eff1667d4,0.8655,2000,chair,0.10392705399523527,0.5485,2000,0.31700000000000006,franka,0.8655
39969b5d66fc420da0367d7c17cc3f09,0.8725,2000,saddlebag,0.022578040262184323,0.8005,2000,0.07200000000000006,franka,0.8725
1b83e9db68de47eda98be4037b51a9f6,0.718,2000,deer,0.00738302714556473,0.7555,2000,-0.03749999999999998,robotiq,0.7555
d016234ed97247f6ae916bc386999d03,0.981,2000,steering_wheel,0.06274788616084853,0.354,2000,0.627,franka,0.981
a2aba7cf84de43a58957261711cfda5d,0.211,2000,skullcap,0.007784686971900994,0.3945,2000,-0.18350000000000002,robotiq,0.3945
8accb353704a45d19cfce3d6de00a70a,0.743,2000,bottle_opener,3.2037739903966522,0.4795,2000,0.2635,franka,0.743
b47b487fbbf04c3fb0efd779184fc9f7,0.0048543689320388345,412,piggy_bank,0.0023054750461946037,0.4355,2000,-0.43064563106796117,robotiq,0.4355
0ffee04ccd4a4b32ae9a45d0b78914b7,0.655,2000,short_pants,0.034153874826607485,0.6755,2000,-0.020499999999999963,robotiq,0.6755
1837f10d9b064fd88a607a3d391a17af,0.6825,2000,desk,0.03534212836391993,0.4905,2000,0.192,franka,0.6825
2d3b5a9ad85244f8a9e861d0305d9a60,0.876,2000,bullet_train,0.012469606430243568,0.2465,2000,0.6295,franka,0.876
88a540bdacd940648223f517b9af9452,0.662,2000,jet_plane,0.013789634217780861,0.465,2000,0.197,franka,0.662
4bcef2f7b2854659bb9a0514d44436a9,0.2785,2000,hog,0.19104260566139886,0.422,2000,-0.14349999999999996,robotiq,0.422
d3091630338141f3825a6fdc6adbfa75,0.975,2000,stop_sign,0.261906123206593,0.7725,2000,0.2025,franka,0.975
1c0bac076c3c42d7b4a24d9b0bb1f54a,0.979,2000,butterfly,0.00873601854312413,0.1775,2000,0.8015,franka,0.979
7b2cb99127ee4179862b7c6e11d04e9d,0.8715,2000,soup_bowl,0.0003323455032745107,0.551,2000,0.3205,franka,0.8715
5850c7d450e64f8086e898bd8388227e,0.9325,2000,microphone,0.006822255622764868,0.5285,2000,0.404,franka,0.9325
41a38cd6fbe24388a13c5bcdd58d4260,0.488,2000,telephone,0.0008965764053610825,0.4195,2000,0.0685,franka,0.488
41f0bbfbb0e34b9e853239a6d2d16716,0.622,2000,elk,0.03347150907185355,0.596,2000,0.026000000000000023,franka,0.622
852924e14f2846bd8db8d94a5b417ec9,0.695,2000,trophy_cup,5.996926097857777e-07,0.208,2000,0.487,franka,0.695
ca6ca83b83aa4d9d8d55834fa3cc9c8d,0.387,2000,cherry,0.9372345729974441,0.265,2000,0.122,franka,0.387
9e046bf9912841f8bb7f77c8fe878a63,0.9705,2000,rubber_band,0.0007782622475985317,0.5125,2000,0.4580000000000001,franka,0.9705
70510f2b6bec45ee9073c4cc8ec4edaf,0.5995,2000,sportswear,0.16420042658679665,0.2945,2000,0.30500000000000005,franka,0.5995
a8d00d5e6f6f4703ae41fd146025cd2c,0.374,2000,waffle,0.11684158075548577,0.228,2000,0.146,franka,0.374
1ce07fffeaf74071a5097e6a075d9e0f,0.8035,2000,seashell,0.05947167800509754,0.5015,2000,0.30200000000000005,franka,0.8035
ff4c7aed4a664a0982b580cdb016aa6f,0.3615,2000,television_set,0.1783783237517739,0.1545,2000,0.207,franka,0.3615
b43f9098e61748a488e3bc194dc8c031,0.9265,2000,folding_chair,0.07787720243272139,0.279,2000,0.6475,franka,0.9265
ec1e7667444b4dbc8774dc54c2c3fc6d,0.387,2000,bath_towel,0.00036824050522506484,0.725,2000,-0.33799999999999997,robotiq,0.725
7bc588dde5224dc0840b9b4f1190c2a3,0.8305,2000,shirt,0.03516096493435114,0.071,2000,0.7595000000000001,franka,0.8305
3019fe19701b44f18f6c49603b4b89f9,0.0,1051,apricot,0.0022820600488514483,0.3495,2000,-0.3495,robotiq,0.3495
3a406e651e69409e87323ab42a214874,0.7985,2000,tray,0.002830467715227207,0.464,2000,0.33449999999999996,franka,0.7985
ba5949436eda404c8600aecc28905f86,0.0,4,ice_pack,0.06326177410996582,0.0,6,0.0,robotiq,0.0
778d0334ca7d4b2f987b7cb12e71c071,0.956,2000,gameboard,0.009260796175891138,0.0845,2000,0.8714999999999999,franka,0.956
fb015ac74edf4ed4bd51a1e3a62fa475,0.806,2000,hotplate,0.0020829095671369945,0.3825,2000,0.42350000000000004,franka,0.806
0ed9cef4af5e40e6951ef3c276c2e44c,0.9485,2000,rifle,0.008555708145248439,0.3665,2000,0.5820000000000001,franka,0.9485
78a0fe5048d44c98987c08b1a1ba25b5,0.9515,2000,shopping_bag,0.0009041996752774145,0.1315,2000,0.8200000000000001,franka,0.9515
4cfcef5d26834657a0e1204d2ff32523,0.9505,2000,carrot,0.009630782513860462,0.511,2000,0.4395,franka,0.9505
21d1679f7d7449bc8d38da537cbaf72d,0.469,2000,dirt_bike,0.0626864607319681,0.5305,2000,-0.0615,robotiq,0.5305
d5e58061e1574ead967662f8cc1cb8a4,0.878,2000,spoon,0.07761385203303492,0.474,2000,0.404,franka,0.878
3e4365dca3f641ceb107ddea64838df7,0.8245,2000,cargo_ship,0.0014277755902654373,0.606,2000,0.21850000000000003,franka,0.8245
216c927d15204f7b81c59556fa7ebc57,0.596,2000,skirt,6.17469251211798e-05,0.441,2000,0.15499999999999997,franka,0.596
a8c2b341d7ed4daaa10b593c0d146e13,0.9175,2000,painting,8.202609861016322,0.2565,2000,0.661,franka,0.9175
9d24aac8a4c444a1b440647aa6f96438,0.925,2000,aerosol_can,0.021121417516223998,0.7795,2000,0.14550000000000007,franka,0.925
8ddb48adbaab449aa6f01f1a6dd55c86,0.929,2000,ski_pole,0.0006711767100592731,0.358,2000,0.5710000000000001,franka,0.929
c2540fdbfc264dc8bb1f6c971b18366b,0.8435,2000,rocking_chair,0.023210429185648203,0.5745,2000,0.269,franka,0.8435
9eb895af086a4cbb95f86bc2fa773b60,0.648,2000,record_player,0.13229926601991765,0.255,2000,0.393,franka,0.648
a9dfe904aee048e196c5caae1d6b2b85,0.6565,2000,freight_car,0.0177895727282837,0.4345,2000,0.22199999999999998,franka,0.6565
33657ac0e044493daf495d45424ead7a,0.318,2000,car_(automobile),0.16257690075383444,0.557,2000,-0.23900000000000005,robotiq,0.557
3c4ba0da6dc0439a9161e2def1635d21,0.001,2000,cushion,0.0033211660645441226,0.2405,2000,-0.2395,robotiq,0.2405
ccd7decc3cc1451285803fe56dde3386,0.733,2000,shirt,0.050616234310904805,0.489,2000,0.244,franka,0.733
4487ad10f7464a6c9bfb0aac6217a989,0.762,2000,tank_top_(clothing),0.08312483212496206,0.521,2000,0.241,franka,0.762
ac53955cc59442a7aa190ab950f9f12f,0.2855,2000,tiger,2.3102653997838507,0.426,2000,-0.1405,robotiq,0.426
a958f0a830574d079a8bba15a6ae4ddf,0.7705,2000,wet_suit,0.014115174793264145,0.496,2000,0.27449999999999997,franka,0.7705
16aef9b49f3944298d2ada5a6896691e,0.7965,2000,coverall,0.003264788993741517,0.72,2000,0.07650000000000001,franka,0.7965
58351abc254d406583b120d2b2eeae37,0.87,2000,microphone,0.031053850449080128,0.75,2000,0.12,franka,0.87
75de632d4300496cae0d01c5ad4d8d6a,0.733,2000,bicycle,0.019614488966600355,0.481,2000,0.252,franka,0.733
d54e1c79c9ab4e409d2107fe7eb999b9,0.1235,2000,bass_horn,0.0022562843085656282,0.131,2000,-0.007500000000000007,robotiq,0.131
bbe54447c7074b9bb32645c68fee01b7,0.69,2000,helicopter,0.0016600739413865284,0.4315,2000,0.25849999999999995,franka,0.69
b6c70426be144507811705f9bf18c3ed,0.678,2000,dog,0.1982489046772871,0.442,2000,0.23600000000000004,franka,0.678
b46f808500ff4800a6a8919ad49df7ef,0.498,2000,spotlight,0.06534020074189092,0.5385,2000,-0.04049999999999998,robotiq,0.5385
aa3416348d5b46fea65e7589ec0238e5,0.0,2000,cube,0.14218754113449647,0.206,2000,-0.206,robotiq,0.206
e4f60c5558eb458d84cf561e6d144fda,0.9095,2000,water_cooler,0.1754574653205919,0.3125,2000,0.597,franka,0.9095
1926896b466e46c9aac7ef3dfaf49b8e,0.9415,2000,toothpick,0.08719924783027322,0.418,2000,0.5235000000000001,franka,0.9415
56e3d41fcab24b6699abf536419b7c47,0.5745,2000,crow,0.4531025455559435,0.4915,2000,0.08300000000000002,franka,0.5745
9212ef9e7655478d8b31b46198b49b56,0.86,2000,cap_(headwear),0.03188724959341984,0.2835,2000,0.5765,franka,0.86
f48fd6c63fa248ff93e200beb9ed5b12,0.1795,2000,alcohol,0.04878839237854373,0.1315,2000,0.04799999999999999,franka,0.1795
a0d66f10a850469c9cb04c3cecc62a05,0.666,2000,sofa,0.0028210689553608025,0.342,2000,0.324,franka,0.666
d1a9d71f62784df5906ef54d6b25a5ae,0.3355,2000,cracker,0.051263945546635444,0.3355,2000,0.0,robotiq,0.3355
b0774e904c284e349daa0c2b8860e811,0.71,2000,hamster,0.020970548335054396,0.6225,2000,0.08749999999999991,franka,0.71
2d203d8bb274442fa6698af002fdb36f,0.819,2000,chinaware,0.04177138781700012,0.2065,2000,0.6124999999999999,franka,0.819
0488173f742e4ec08c53660cf4f87855,0.7765,2000,scarf,0.08407318353692257,0.572,2000,0.20450000000000002,franka,0.7765
0f28b37837004b41b6e55573e5bdc813,0.9045,2000,wall_clock,0.18825344651849488,0.4535,2000,0.45099999999999996,franka,0.9045
02f2bd71a28a421c87288b35524df8d0,0.881,2000,mirror,0.0043188912220370424,0.4575,2000,0.4235,franka,0.881
16fa3d8402a84f52aa8d57d9a41f9f97,0.7705,2000,traffic_light,0.049554601483312255,0.934,2000,-0.1635000000000001,robotiq,0.934
c408568208c4461fa9c7d54cafe4d1de,0.838,2000,candle_holder,0.00022838949036986042,0.709,2000,0.129,franka,0.838
1a149be991c14025a6af4a11e8ed84a2,0.4835,2000,hotplate,0.2718262573803695,0.2805,2000,0.20299999999999996,franka,0.4835
35d05e67d5ee49b39f3e3ed9fb58c25c,0.97,2000,pole,2.652700147865343e-05,0.2875,2000,0.6825,franka,0.97
ccc27d8bc7134d94aa7a94933ba04ace,0.9885,2000,tapestry,0.07407853489008324,0.044,2000,0.9445,franka,0.9885
769627476f704ac89e6e0ca87ebe04b1,0.7345,2000,jewelry,0.13278922406021743,0.4405,2000,0.29400000000000004,franka,0.7345
3b68182199e244da916e36395895697c,0.92,2000,necktie,0.023431968779954678,0.4705,2000,0.44950000000000007,franka,0.92
e0aee5bb029c46c4a7e0d8576403debb,0.2005,2000,bouquet,0.1219673426975338,0.6135,2000,-0.41300000000000003,robotiq,0.6135
2c759000b56347bdb5adf8ce83eeada1,0.904,2000,wall_clock,0.13415002929416783,0.349,2000,0.555,franka,0.904
dc908f954a984b83b36433a3092b3085,0.5295,2000,handkerchief,0.0023684941142638606,0.3785,2000,0.15099999999999997,franka,0.5295
eba40eb9eca84aa38eeb3ff67a386ccb,0.9505,2000,ring,0.0071708987382193366,0.2705,2000,0.6799999999999999,franka,0.9505
6987647c7ff14dcc80226088731ffb16,0.859,2000,cufflink,0.00604359110790685,0.5535,2000,0.3055,franka,0.859
d50b445e1e0b4d0d963c18a3a0912abc,0.831,2000,giant_panda,0.017374572731287605,0.9565,2000,-0.12550000000000006,robotiq,0.9565
c1062acbad784aa5bcc42836c305585a,0.773,2000,monitor_(computer_equipment) computer_monitor,0.0038381347549729826,0.1515,2000,0.6215,franka,0.773
2671dc58bd2c4fcab8e5eab911a8a1fa,0.8495,2000,soupspoon,0.02553858374860988,0.4825,2000,0.36700000000000005,franka,0.8495
5504400e426141ecb2a52a26c644b992,0.4865,2000,mail_slot,0.001441517126479989,0.306,2000,0.1805,franka,0.4865
94aa850d29c54f0d8e8dc9947f4b37fd,0.823,2000,stapler_(stapling_machine),0.008065816236909266,0.3375,2000,0.48549999999999993,franka,0.823
571c5f9d65f142f1b3ee378196196283,0.858,2000,bullhorn,0.0002848624634385572,0.659,2000,0.19899999999999995,franka,0.858
0cc9580e49a641f59f1997490826ab8b,0.5625,2000,goose,0.08117294138434177,0.6395,2000,-0.07699999999999996,robotiq,0.6395
3edae53030ea45269fc63817312af4eb,0.8885,2000,pickup_truck,0.00014568804032084905,0.9075,2000,-0.019000000000000017,robotiq,0.9075
f8f8fb8c0c3549fa81802b36467be157,0.862,2000,canteen,0.005724931431528929,0.2975,2000,0.5645,franka,0.862
4bb34b104d0f42bcb367572b44af4ec9,0.4455,2000,cub_(animal),0.025224047032441133,0.493,2000,-0.04749999999999999,robotiq,0.493
c277c4d1742b4f118becbfefd325ce71,0.4835,2000,lamp,0.0009165934577035198,0.425,2000,0.058499999999999996,franka,0.4835
7b2425e871ef4a278cde8cc01cbc8ee3,0.1105,2000,newspaper,0.03418410514318218,0.097,2000,0.013499999999999998,franka,0.1105
d73f41c9dce5400c8f2cb8e36d5f2706,0.463,2000,cast,0.09196270911693466,0.618,2000,-0.15499999999999997,robotiq,0.618
095e633990084e8b812fc7270c47010c,0.776,2000,pipe_bowl,0.8513314292486088,0.5525,2000,0.22350000000000003,franka,0.776
1c3bd783a52d4e62a472113f16475b94,0.9275,2000,watch,0.009956253886203479,0.42,2000,0.5075000000000001,franka,0.9275
c3ffd8f140154eebbf8f9700e51eabdf,0.796,2000,trophy_cup,0.013779013639157185,0.0275,2000,0.7685000000000001,franka,0.796
c6af148edcb04a2db207e08a179e40a9,0.7675,2000,glass_(drink_container),2.5088324257660903,0.6425,2000,0.125,franka,0.7675
2db4e72ee66645f9bf87a4887f181f96,0.856,2000,projectile_(weapon),0.011982750834637389,0.5435,2000,0.3125,franka,0.856
64e55ffd4f864a20a943710c581d194f,0.3025,2000,crown,0.10806303675940356,0.0485,2000,0.254,franka,0.3025
75fa93a4f80f4d069cb617849fe35eff,0.43333333333333335,300,gift_wrap,0.07379416263797782,0.08139534883720931,1118,0.351937984496124,franka,0.43333333333333335
3837b45508f84399820b8bad3d6c2520,0.7985,2000,hog,0.0006426626205013062,0.8705,2000,-0.07200000000000006,robotiq,0.8705
363889a835534d758fed0f9c70c86ddb,0.8445,2000,thermos_bottle,0.011139893705519299,0.486,2000,0.35850000000000004,franka,0.8445
7ecb9aa762da47dca9f10b708f6923d4,0.563,2000,drone,0.0002739663166624718,0.635,2000,-0.07200000000000006,robotiq,0.635
34a581ef9a054525956acd806e9d39ab,0.0,1774,cushion,0.010379523924457613,0.807,2000,-0.807,robotiq,0.807
dd31d22f0fd3407c8b96df0a5af19894,0.7575,2000,race_car,0.001539368306672643,0.355,2000,0.40249999999999997,franka,0.7575
7f658554a3854ce28cae876c2a3fafd4,0.8995,2000,cellular_telephone,0.1337927509817359,0.4665,2000,0.43299999999999994,franka,0.8995
209cb9da0ea64cba916182f29393ca1a,0.9365,2000,icecream,0.2315222539707499,0.18,2000,0.7565,franka,0.9365
7c7a9affeebe43e0b6f32729c3c8d0d9,0.5525,2000,tray,0.0004494887576095241,0.3685,2000,0.184,franka,0.5525
d1cf57113883443c950ce7a1bb191b12,0.7495,2000,drone,0.0010932707477980003,0.451,2000,0.29850000000000004,franka,0.7495
24a3da0e190e453587c394fda2a309c2,0.4535,2000,fireplug,0.027582375380265107,0.5895,2000,-0.136,robotiq,0.5895
75ee6d34bd184e3ab92b5383c781dfa0,0.4215,2000,soup_bowl,1.8373997178371548e-05,0.0745,2000,0.347,franka,0.4215
9c89f5c7427f4e1084a1ec29419f92fc,0.774,2000,watch,1.292701849019807,0.218,2000,0.556,franka,0.774
32febdbfb69a4b378aa9ae950677118c,0.585,2000,carrot,0.09550290653408257,0.2335,2000,0.3514999999999999,franka,0.585
7691cb7427f14e219678b8f1f3b34875,0.8815,2000,clutch_bag,0.028153568165655042,0.8785,2000,0.0030000000000000027,franka,0.8815
09e408f7c1534fe3881c010cb9330ea6,0.8645,2000,wok,0.07936279371719045,0.3555,2000,0.5090000000000001,franka,0.8645
7f7155d68356435e916fa4b80b4468ca,0.8985,2000,sunglasses,0.03516351225522256,0.338,2000,0.5605,franka,0.8985
41a5488c67194a11965012514eb08714,0.7805,2000,scarf,0.0005566410764601729,0.3935,2000,0.38699999999999996,franka,0.7805
d8fea9a160664a17baef5f544b35e758,0.523,2000,salami,0.008946549484145012,0.223,2000,0.30000000000000004,franka,0.523
a6c297837fe74bea9e86bab3fa2413f2,0.747,2000,trash_can,0.00834735700623714,0.5785,2000,0.16849999999999998,franka,0.747
13c8a69f19d04c47bae48a083b748103,0.694,2000,sunflower,0.015813189894616542,0.611,2000,0.08299999999999996,franka,0.694
106ea1a841524dc49f652d5ce7c8b559,0.38,2000,pie,0.04135318304138243,0.367,2000,0.013000000000000012,franka,0.38
498ed7ef05b640949d218018b483c378,0.914,2000,dagger,0.03432227690336634,0.4105,2000,0.5035000000000001,franka,0.914
63992b8328754d7ba78f0c8c07852d6f,0.256,2000,monkey,2.1653440970873357,0.334,2000,-0.07800000000000001,robotiq,0.334
49f31b8a421c4da1b9043fc53c9a5eb0,0.982,2000,money,0.0317585471484353,0.133,2000,0.849,franka,0.982
3a55aabcc7b1437b888c3887c8dffb13,0.793,2000,lettuce,0.7610140714062232,0.51,2000,0.28300000000000003,franka,0.793
3548f130e77d4da5b4cd38df5aaf354d,0.0,2000,broccoli,2.487557856027491,0.445,2000,-0.445,robotiq,0.445
da8efc70f6f4411dbaca3928136d7bcc,0.0,1247,camera,0.1175272836266427,0.2665,2000,-0.2665,robotiq,0.2665
a959ee8ce17d434f9fdbc93cad199a21,0.791,2000,school_bus,0.03377366876654124,0.505,2000,0.28600000000000003,franka,0.791
434b04afb75d4525ae5eb272282d736d,0.9865,2000,cookie,0.07860119172536886,0.404,2000,0.5825,franka,0.9865
41cf357699ab442099f0434b93e273ed,0.8225,2000,swimsuit,0.0022840232278464,0.645,2000,0.1775,franka,0.8225
b8e554d94e804039aef35926f505cab4,0.4505,2000,cream_pitcher,0.0007389491465599966,0.69,2000,-0.23949999999999994,robotiq,0.69
77a7cef9019c4a50b982e315b38a90df,0.003968253968253968,504,saltshaker,0.003340397444626241,0.03773584905660377,1537,-0.033767595088349804,robotiq,0.03773584905660377
0be0000425e146f098bf7ef5d87cc372,0.945,2000,ring,6.270214878369496,0.661,2000,0.2839999999999999,franka,0.945
c1417e0979dc4735b4484895834b079e,0.2795,2000,gravestone,0.3927728180558274,0.198,2000,0.08150000000000002,franka,0.2795
bed87049026640a59f3f8b5844614253,0.974,2000,cellular_telephone,0.0007356710543968222,0.158,2000,0.816,franka,0.974
1cb676309cff40c5b37d8791ed8ba12d,0.774,2000,bob,0.6658536363737537,0.651,2000,0.123,franka,0.774
9128289763b0425d9472baa661028336,0.0,2,wardrobe,0.018235084492009102,0.028,2000,-0.028,robotiq,0.028
27c61001c53b4b8d829f757f8b8e82f2,0.8055,2000,fighter_jet,0.018777128927080736,0.373,2000,0.4325,franka,0.8055
05a035c3347645b8a7ceb6d65f825ac3,0.6855,2000,armoire,0.1096167928412887,0.2015,2000,0.484,franka,0.6855
185b37482f3842cabfa67cfcac62fdc3,0.36,2000,shoe,0.011571095727000541,0.425,2000,-0.065,robotiq,0.425
9527ada3b62a49f583b9c1a86b21cc18,0.7615,2000,pet,0.05709090232206052,0.895,2000,-0.13350000000000006,robotiq,0.895
1f79692c6d404751a47480a0009d8b73,0.292,2000,kettle,0.12100694161000251,0.353,2000,-0.061,robotiq,0.353
c6b4b6a6b83545f0bbe9fb5ec0b4144f,0.638,2000,gift_wrap,0.21709328055678406,0.515,2000,0.123,franka,0.638
d2e221daebcf4a32bf0843fe25b6c57b,0.755,2000,lizard,0.005827390324893189,0.6215,2000,0.13349999999999995,franka,0.755
9650bca5d02244368983742ff2e44cea,0.8025,2000,puppy,0.15050287408795043,0.6955,2000,0.10699999999999998,franka,0.8025
ecd70bf53b29493a84e21037e1c3aede,0.2905,2000,tote_bag,0.0001611680164378608,0.0905,2000,0.19999999999999998,franka,0.2905
2bc34c70f34a46f3a74602d30c9aa247,0.8725,2000,bow_(weapon),0.0004872762376203669,0.4875,2000,0.38500000000000006,franka,0.8725
1e4595c2b8804491b7c58a042609bc97,0.6105,2000,flannel,0.0017759525068643887,0.4105,2000,0.20000000000000007,franka,0.6105
be74f0c2051c4c75b15247063e38a75e,0.9585,2000,hot_sauce,0.023228859294627223,0.318,2000,0.6405000000000001,franka,0.9585
8a0c7b9a58f44b0393efc253a94d453c,0.845,2000,water_bottle,0.0016058550332407112,0.831,2000,0.014000000000000012,franka,0.845
39c3ac74701b43b2af526437902bb98a,0.686,2000,orange_juice,0.05954607619707547,0.2495,2000,0.43650000000000005,franka,0.686
9b46e54611c543f3aeeacd2580994c34,0.762,2000,ladybug,0.07957371021642715,0.3825,2000,0.3795,franka,0.762
15d6576252d24719b32d9e686599ef56,0.9215,2000,table,0.01782364149365552,0.265,2000,0.6565,franka,0.9215
40f4bc1670064912b0fe82a19d979613,0.3475,2000,ski_boot,0.6597422590141115,0.483,2000,-0.1355,robotiq,0.483
49d0b382def54ff1b544cc6293ea1b22,0.5085,2000,teacup,0.12409271296018559,0.2655,2000,0.24299999999999994,franka,0.5085
fb186cae385c431a937a34df49106564,0.4385,2000,shoe,0.811329531919129,0.494,2000,-0.055499999999999994,robotiq,0.494
6b252521d8464a6e86f9749acff226ab,0.6185,2000,doughnut,0.967609696347633,0.3305,2000,0.28800000000000003,franka,0.6185
8e53d633dc1d459e94c7d041d5f05223,0.0,1151,barrel,0.0012403893844471323,0.035,2000,-0.035,robotiq,0.035
5fb48b7e431148dfa0793a0879d5974d,0.881,2000,jumpsuit,0.04326885907770536,0.6145,2000,0.26649999999999996,franka,0.881
743af2970261449595a4295a5a736bed,0.773,2000,gift_wrap,0.0003958902421618875,0.6175,2000,0.15549999999999997,franka,0.773
350fc9b99a284553a643826133c524a5,0.311,2000,shawl,0.026956251310094204,0.4895,2000,-0.1785,robotiq,0.4895
c87812f68a834cdf8d1249faef6351a6,0.204,2000,control,0.1888116094994012,0.344,2000,-0.13999999999999999,robotiq,0.344
4c9549644f6b477d991f16a26e442935,0.558,2000,sofa,0.05247000286318501,0.454,2000,0.10400000000000004,franka,0.558
3b5ada364d634aa18007f9c8d8dc79ce,0.9035,2000,coat_hanger,0.0032725440872905485,0.4785,2000,0.425,franka,0.9035
40ef49faa02a4b6ba719256fcd1cd25c,0.8905,2000,soupspoon,0.0004785732537365786,0.22,2000,0.6705,franka,0.8905
c0d986da49004a4591ba7db05201f2c2,0.966,2000,surfboard,0.00015257057410994276,0.222,2000,0.744,franka,0.966
fd7157646a0d49eba4a03e17fbc1cb65,0.6635,2000,chair,0.204313826767345,0.298,2000,0.3655,franka,0.6635
e707d48311ae42b19624813846b557be,0.537,2000,easel,0.0597675127929036,0.378,2000,0.15900000000000003,franka,0.537
5d0a63c2e123406b8a88a854745d7768,0.5375,2000,wolf,0.010904554475596686,0.4925,2000,0.044999999999999984,franka,0.5375
5d8ee3d4f1f247a4a1e6193b037ba66c,0.7205,2000,baseball_glove,0.8569335487944381,0.473,2000,0.24750000000000005,franka,0.7205
3dee35f56c6a41c4979c97ab7f6fd408,0.8815,2000,rifle,0.00023714744444174973,0.5095,2000,0.372,franka,0.8815
e384089439894f9094d898a146990631,0.8495,2000,globe,0.03978444623277324,0.1265,2000,0.7230000000000001,franka,0.8495
b3af902ffee34945b08b489c4dbc2ed7,0.948,2000,banjo,4.926951102531212e-05,0.4675,2000,0.4804999999999999,franka,0.948
f7562dd4f11f4cbaa2cac58c38a85e1c,0.813,2000,can,0.042022894762752415,0.9485,2000,-0.13550000000000006,robotiq,0.9485
d44f838c48b748f3b51eab9c830193bb,0.942,2000,skateboard,0.06462118001410597,0.391,2000,0.5509999999999999,franka,0.942
bae7b53e9c8340bdacde1ff0ab74dbe9,0.8855,2000,pocketknife,0.05515900856192216,0.368,2000,0.5175,franka,0.8855
716b7cbf5639412ab4d4f91b5a9fc67b,0.9155,2000,trunk,0.11005902631028035,0.103,2000,0.8125,franka,0.9155
2d2685a7e6a04a7888fa88ed1d6237d0,0.888,2000,snake,0.00011149707578528021,0.539,2000,0.349,franka,0.888
338a323b2f064622a1a09b9e3c3f116e,0.693,2000,cock,0.3308058346059865,0.854,2000,-0.16100000000000003,robotiq,0.854
3e55138942054890820bf3abaac481ff,0.0,1000,garlic,0.1480478015654805,0.09,2000,-0.09,robotiq,0.09
ff91f534b54a49278647be854c5af631,0.878,2000,fruit_juice,0.17497152119091244,0.265,2000,0.613,franka,0.878
1da3ef13f25e4ca9a75be48692da3787,0.7725,2000,speaker_(stero_equipment),0.00032453057808217275,0.2855,2000,0.487,franka,0.7725
b42f9fe550484b7f88396e74693ee42a,0.0,897,owl,0.6143598551255325,0.2835,2000,-0.2835,robotiq,0.2835
582b46a2e22a4154a3070cd3a272ee50,0.754,2000,ironing_board,0.0010281464451207811,0.139,2000,0.615,franka,0.754
5ccb735caf5a4cfc86b3c49e5938b840,0.627,2000,crucifix,0.0014437509685108765,0.132,2000,0.495,franka,0.627
0d4a613cffae4863bc49aab49ce92b8a,0.922,2000,step_stool,0.12879482883803545,0.384,2000,0.538,franka,0.922
fb7131463f99420e9c3007569c019d7c,0.742,2000,wolf,0.7003875641599012,0.574,2000,0.16800000000000004,franka,0.742
056e0c896ce34f13b92dca2c39de44d0,0.0,1418,can,43.4247654117154,0.001,2000,-0.001,robotiq,0.001
59a9055a9a294e7cb5f79e102606c181,0.8095,2000,speaker_(stero_equipment),0.038446598516444004,0.17,2000,0.6395,franka,0.8095
356a507a5da348fbb1119b760dae286e,0.7295,2000,wedding_ring,14.529110730142863,0.288,2000,0.44150000000000006,franka,0.7295
ea628bda86df419d9446b361344582de,0.9315,2000,compass,0.0036319605615562946,0.6495,2000,0.28200000000000003,franka,0.9315
e542ab7c0c8a4a38a1f8d03df94f0fe0,0.9635,2000,wine_bottle,0.03432525935238957,0.5055,2000,0.4580000000000001,franka,0.9635
9f84c67800db474896493ce6fc945c2c,0.4085,2000,sword,0.08804921173990536,0.108,2000,0.3005,franka,0.4085
f2b9e0a9c402491d84d124b6898854c3,0.0055,2000,garbage,0.33284932007939894,0.3405,2000,-0.335,robotiq,0.3405
fb872d13a26d4449a6c7ee4327fe253e,0.7875,2000,crouton,0.0057397381906439966,0.9695,2000,-0.18200000000000005,robotiq,0.9695
a2182bfeb53e4682a90f38dff752ef8a,0.8805,2000,milk,0.021995449877240895,0.7455,2000,0.1349999999999999,franka,0.8805
01ff88bfc0034211b9f4996d620bc333,0.735,2000,coffee_table,2.456811978858174,0.2065,2000,0.5285,franka,0.735
3b7c0aec4a664c8d8ae10085296f2c73,0.5605,2000,stagecoach,0.00012990573814616692,0.5875,2000,-0.027000000000000024,robotiq,0.5875
929f570129dc438eafe2cf7083fe98a9,0.661,2000,tricycle,0.00016525568808252298,0.586,2000,0.07500000000000007,franka,0.661
6132c68594544694b753b305b50bf66b,0.4705,2000,pillow,0.5082674089796583,0.6465,2000,-0.176,robotiq,0.6465
67b2ed839b3f4372a27b7b1e72375cff,0.993,2000,globe,0.17952744517230682,1.0,2000,-0.007000000000000006,robotiq,1.0
a9ed7b1e55824b37b7e5eabdba6545ff,0.16,2000,cabinet,0.24007342217554065,0.2655,2000,-0.10550000000000001,robotiq,0.2655
9dcdde5bf82e4fe2af13784ac2ed0902,0.755,2000,mug,0.035479086541591355,0.7555,2000,-0.0004999999999999449,robotiq,0.7555
1df6f3e239ad46d191b6d51e04fde3b8,0.0,1380,beer_can,0.0011037005460222881,0.141,2000,-0.141,robotiq,0.141
27090e998e4947d69bea68738864393e,0.885,2000,pliers,1.6279535747239096,0.481,2000,0.404,franka,0.885
a0c493acb14047a4b8524b92c829cde5,0.6975,2000,silo,0.03537688473568134,0.2065,2000,0.491,franka,0.6975
5e0710bda5984399a56aedcc7ab0174d,0.7295,2000,sunglasses,0.01685898053363463,0.207,2000,0.5225000000000001,franka,0.7295
c037681c773b4557b0d28881cb50fe64,0.5195,2000,unicycle,0.00017647828861598226,0.3455,2000,0.174,franka,0.5195
c8e19be6fd024d9c8f5b6cddee74d92a,0.75,2000,tomato,0.04193595390380579,1.0,2000,-0.25,robotiq,1.0
70373503d38d45a3bd8c14ce64187df0,0.941,2000,medicine,0.0005424077684984029,0.9115,2000,0.02949999999999997,franka,0.941
0d121ca99e3e48ad943fec3166c94975,0.0,2000,crate,0.00041848661901790836,0.002,2000,-0.002,robotiq,0.002
a424d9d80c264bbf98b403440f6c6031,0.792,2000,teakettle,0.11103490889817864,0.3145,2000,0.47750000000000004,franka,0.792
9a07ab079ba9438a857486e3f79f41e8,0.8235,2000,water_bottle,0.026507509252177167,0.643,2000,0.1805,franka,0.8235
756e40dbb2494b6b8cfdecbad8832f83,0.407,2000,mug,0.7577115410828137,0.61,2000,-0.203,robotiq,0.61
047462f5fdc244339511f87f4df49446,0.888,2000,mug,0.0009611923378953639,0.7115,2000,0.1765,franka,0.888
780ee18030f34cb5ac2d37a5e3892fda,0.26,1550,igniter,0.033855005279725216,0.498,2000,-0.238,robotiq,0.498
0daf244070a24a24ab29d0d6f86977ef,0.925,2000,pistol,0.1316068814546175,0.6545,2000,0.2705000000000001,franka,0.925
229c536a8d6b445f8a21cf73f6c6dce9,0.9075,2000,notebook,0.5507652083753637,0.6875,2000,0.21999999999999997,franka,0.9075
b9374074279f4f41955996ab81e2e8df,0.6035,2000,wagon,0.005165071361234053,0.5415,2000,0.062000000000000055,franka,0.6035
58b83bbd84e14b6aaba941a00ac76413,0.0,2000,box,0.07023145110961879,0.115,2000,-0.115,robotiq,0.115
c70145403865498f90f3d974466c9be9,0.927,2000,cornice,0.11181154242656878,0.5925,2000,0.3345,franka,0.927
20afe3d907d745a2add9a4b59a1aa29a,0.165,2000,fish,0.00010374502823044873,0.2505,2000,-0.08549999999999999,robotiq,0.2505
033a61d66f7646ceaac357b502a5f5dc,0.9095528455284553,1968,balloon,0.015764389376641475,0.8595,2000,0.050052845528455236,franka,0.9095528455284553
026cf4d0752e4a16b9445fa6793c1141,0.7835,2000,radio_receiver,0.00016262160854824096,0.5635,2000,0.21999999999999997,franka,0.7835
434b2d35850d4a16980dd79981d28443,0.4905,2000,futon,0.00656472590043849,0.203,2000,0.2875,franka,0.4905
81d76af8774446459a8afba4fa212da3,0.631,2000,cowboy_hat,0.30816890665491503,0.653,2000,-0.02200000000000002,robotiq,0.653
fbcbac1708c54a44bcc2a1b5aac12bc3,0.9135,2000,skateboard,0.0033027139606913694,0.48,2000,0.4335,franka,0.9135
97abb07a320e463996f855ce5958ccf7,0.991,2000,grill,0.2777276499305019,0.0275,2000,0.9635,franka,0.991
87238b7b27a94332b0294c0f36443d53,0.8465,2000,camcorder,0.15837449209301935,0.997,2000,-0.15049999999999997,robotiq,0.997
5c42929b86854b899aa2a7168bede0c0,0.9285,2000,wrench,0.018022059031120884,0.6105,2000,0.31799999999999995,franka,0.9285
b42796beb10e407b8eac779d83e1644d,0.742,2000,cornmeal,0.16284943194411117,0.866,2000,-0.124,robotiq,0.866
a6e9e670115c467c8899414c60f05d85,0.3605,2000,fan,0.007675610722405701,0.2955,2000,0.065,franka,0.3605
106241c92afa4f769545877dd35bfce2,0.858,2000,ring,4.405149133020053,0.2625,2000,0.5954999999999999,franka,0.858
626c976266064f5f842fc7186aa253d1,0.8325,2000,chair,0.11896619041396618,0.583,2000,0.24950000000000006,franka,0.8325
b57c5788aadb426784b30fc9b6d4cd0f,0.491,2000,globe,0.013822872960975409,0.449,2000,0.04199999999999998,franka,0.491
9cfa1de8774843c491300e68ad96f10c,0.3675,2000,camel,0.014884933843858096,0.4145,2000,-0.046999999999999986,robotiq,0.4145
e31273100d7946a9a8edd0c6fa645ff9,0.2915,2000,camcorder,0.22146456173639367,0.6375,2000,-0.346,robotiq,0.6375
641f57694ed34d93897713f71ac1b89b,0.0,2000,liquor,0.10283980488694801,0.421,2000,-0.421,robotiq,0.421
e38f11c29fd946eaa7460d7f43cf5313,0.0,1328,pumpkin,0.011921265696616124,0.7755,2000,-0.7755,robotiq,0.7755
957352b3c37c45d7b95392d40235032f,0.7395,2000,gemstone,0.03525291348564896,0.997,2000,-0.25749999999999995,robotiq,0.997
38b2fc37ad6e462da262b35dfa0880fb,0.0,462,subwoofer,0.04867266921750197,0.6505,2000,-0.6505,robotiq,0.6505
c5d23e21daef4fc2a62704149f5f9af6,0.401,2000,garbage,0.2976682298309707,0.0605,2000,0.3405,franka,0.401
4a3c93c80bc84efcbf5434b162ac1c8a,0.371,2000,hammer,0.00016844716158282487,0.3495,2000,0.02150000000000002,franka,0.371
26c4202196ce4adf82428684c88fceaa,0.8165,2000,tiara,0.00474138416723161,0.103,2000,0.7135,franka,0.8165
69d125d7523247c58fc785575341b79d,0.807,2000,lamppost,0.00264546233627653,0.563,2000,0.2440000000000001,franka,0.807
1022e9d02cf64a6cb69b4909ac385182,0.665,2000,ring,13.421850641287804,0.2705,2000,0.3945,franka,0.665
7b323200b39349a1a688c9029bbc1a97,0.9375,2000,pipe,0.019889654012502925,0.521,2000,0.4165,franka,0.9375
cd2387cf2a0745db8ad4713e2ca9b9cd,0.357,2000,gasmask,0.01856899058877353,0.4565,2000,-0.09950000000000003,robotiq,0.4565
4c016736d01d4718a82af036d08090ba,0.694,2000,toilet,0.02932780712968871,0.595,2000,0.09899999999999998,franka,0.694
6e859ed27b8c429b97be32f41f871b7a,0.946,2000,dagger,0.2583189245526327,0.545,2000,0.4009999999999999,franka,0.946
ce90ecea48f540959a5b580585f22d2e,0.8515,2000,motor_vehicle,0.01837445037105411,0.7825,2000,0.06900000000000006,franka,0.8515
72f73dec9f794404b68779830b3583cc,0.635,2000,flipper_(footwear),0.0251691912440552,0.488,2000,0.14700000000000002,franka,0.635
ad071f3fa42c44b1a239bfb80d36003c,0.9205,2000,painting,0.03006016006755612,0.8515,2000,0.06899999999999995,franka,0.9205
cf9d4ac001b545d684a5ba599e842dbc,0.938,2000,lampshade,1.1910671297890378,0.1755,2000,0.7625,franka,0.938
07a88c41bd224c6885f5b8ef0df91a51,0.689,2000,beer_bottle,0.017092549430483207,0.2505,2000,0.43849999999999995,franka,0.689
6ecd27f7caa64beb9cf1f90a276b6d55,0.1785,2000,wolf,0.003336986749392196,0.5615,2000,-0.383,robotiq,0.5615
b14a2616f6974abd9870236fcd9d6b74,0.3715,2000,cat,0.19780674327547787,0.379,2000,-0.007500000000000007,robotiq,0.379
90009fa6fa0b4d4bb1a1203431954097,0.0,1728,keg,0.008820823785799702,0.001,2000,-0.001,robotiq,0.001
14e024d52112470bb1fb335c43dec5ea,0.918,2000,puppet,0.0022767002242085875,0.5425,2000,0.37550000000000006,franka,0.918
153190fb48f84db294368378c3b23fe2,0.63,2000,chicken_(animal),1.5389355224873633,0.951,2000,-0.32099999999999995,robotiq,0.951
ef3e64b3f227470495fc836f1ff451e8,0.0,1732,ice_maker,0.005039124710847957,0.006,2000,-0.006,robotiq,0.006
4996b045c7924ac69c2a1dbc395517be,0.7735,2000,flip-flop_(sandal),0.05571012628735553,0.5045,2000,0.269,franka,0.7735
28d33c1592e14d8b895d36a1e0dfaa5d,0.828,2000,cat,0.10201549163005512,0.582,2000,0.246,franka,0.828
7ea984312db64f0aa77a40c305126953,0.7955,2000,car_(automobile),0.005798124201835202,0.441,2000,0.3545,franka,0.7955
93d57f0c4ae04a89b698b84a5cc28620,0.8975,2000,yacht,0.04824271791356186,0.4205,2000,0.477,franka,0.8975
0916c6ada1de431184bed899f37162e8,0.3495,2000,teapot,0.08168295598961593,0.689,2000,-0.33949999999999997,robotiq,0.689
4159867faf63453eb2d45cb64f0cc51f,0.4565,2000,bear,0.09329911537560938,0.5695,2000,-0.11299999999999999,robotiq,0.5695
17bc158dc66a46adb36c7f90b744ee6c,0.785,2000,fedora,0.06334332436960453,0.625,2000,0.16000000000000003,franka,0.785
e0bddbcafc5e48c097b40b4bada3811a,0.5805,2000,goldfish,0.026824704018603766,0.503,2000,0.07750000000000001,franka,0.5805
3ecbb2c1de924ae58f4fda67b3d160ad,0.925,2000,hammer,0.000938382378362971,0.3875,2000,0.5375000000000001,franka,0.925
b11c22328b614c268f413b0e47348560,0.05402650356778797,1962,beetle,0.0008469811045531967,0.3905,2000,-0.336473496432212,robotiq,0.3905
21262813724e401b88333d381c4626f7,0.7605,2000,bus_(vehicle),0.015024888746549161,0.412,2000,0.3485,franka,0.7605
e8221482c1a74687813f866c52f01abf,0.735,2000,kettle,0.033777095926185656,0.955,2000,-0.21999999999999997,robotiq,0.955
1777cf946fef4caaa4113958fc0efc15,0.636,2000,blouse,0.0012046537380726945,0.4,2000,0.236,franka,0.636
728be427cd754d02abd81bb5e2743867,0.0,1420,minivan,4.777433283307414e-05,0.415,2000,-0.415,robotiq,0.415
c9a94056e33a4fe29ead7bb2464218aa,0.908,2000,signboard,0.008606122398894215,0.236,2000,0.672,franka,0.908
1d6bf99a3ffe490f82f5c2a148d18625,0.934,2000,skateboard,0.10392979478470676,0.4825,2000,0.45150000000000007,franka,0.934
44d7675cc83d45149c6a48f95c891bcb,0.633,2000,kettle,0.09665941962826216,0.3345,2000,0.2985,franka,0.633
84267382977845f190cdc740e4977f43,0.27,2000,Ferris_wheel,0.008804751657753976,0.09,2000,0.18000000000000002,franka,0.27
a3af48ddbd224bb1bfe7e5b96f7530ae,0.7545,2000,sweat_pants,0.1487616109196879,0.5265,2000,0.22799999999999998,franka,0.7545
d77af1e61296449da833e24b46076dc0,0.126,2000,football_helmet,0.077174004724884,0.095,2000,0.031,franka,0.126
4883133a03024351a8d4bb2231db9b9f,0.8285,2000,lion,0.0589605650991414,0.7585,2000,0.07000000000000006,franka,0.8285
b58ed4e4f6a447c083f4b9f444e81477,0.0,685,hamburger,0.020890574817663772,0.0025806451612903226,775,-0.0025806451612903226,robotiq,0.0025806451612903226
ca9ede83ef6c4f769fb8ffc000b73ab9,0.2625,2000,platter,0.06001619020908438,0.059,2000,0.20350000000000001,franka,0.2625
157ab13a82c6409b8ed79ee1073e2227,0.8655,2000,mug,0.08707762127540089,0.1665,2000,0.6990000000000001,franka,0.8655
6abe62bea98941edbc6209fe95ff0f43,0.7185,2000,chair,0.11965681270957511,0.5975,2000,0.121,franka,0.7185
a6e803a39f8b4ad5a68a7a2e6cdeb6a8,0.7985,2000,dumbbell,0.007209465094713532,0.9735,2000,-0.17500000000000004,robotiq,0.9735
adae485215464552b72e2a51da062a01,0.1865,2000,rifle,0.008756471180014954,0.187,2000,-0.0005000000000000004,robotiq,0.187
b460ed9f13424f51a76a45f0b025e3a7,0.549,2000,birdfeeder,0.011182078066257324,0.659,2000,-0.10999999999999999,robotiq,0.659
69d530f7e6bd45b9b3d9f16dae627348,0.9105,2000,sunglasses,0.20517825726393557,0.3545,2000,0.556,franka,0.9105
d4ee1942949e4da3ab17f5acc5fb8d2f,0.837,2000,notebook,0.0009742749644610643,0.902,2000,-0.06500000000000006,robotiq,0.902
11724c5536d146f682b701ffb9c8fbe1,0.877,2000,baguet,0.35426596526523324,0.7945,2000,0.08250000000000002,franka,0.877
f7a96ca9ce3c4a0ba622088fffffa51c,0.558,2000,starfish,0.10785127297204422,0.277,2000,0.281,franka,0.558
00e9e6b9dbc34dc1ae691529688ab000,0.7905,2000,fighter_jet,0.0068457012868872414,0.3145,2000,0.476,franka,0.7905
fa0aa5bc2d1b4c1d9ed6de2f0a645a5b,0.9085,2000,soya_milk,0.009086089841176115,0.194,2000,0.7144999999999999,franka,0.9085
389074a57b354deeab1afdf56853158e,0.966,2000,wedding_cake,2.3770979795065146,0.4225,2000,0.5435,franka,0.966
e82d5757ff7c431e8ab103278d4afce6,0.9755,2000,goggles,0.001679581538790879,0.323,2000,0.6525000000000001,franka,0.9755
02010e17a28845cc921858cc24ece163,0.753,2000,crown,0.005223810235236636,0.425,2000,0.328,franka,0.753
bf60a7c7c7b141ef93dcb9c56cc3de53,0.746,2000,camel,0.00011480877608406588,0.5705,2000,0.1755,franka,0.746
545c4941bb7d4e62844fc60725780003,0.7595,2000,helicopter,0.008854850549169997,0.541,2000,0.21849999999999992,franka,0.7595
d883793e53d440e095444979cb88ecbe,0.847,2000,wagon_wheel,0.2733637665855125,0.3565,2000,0.4905,franka,0.847
53a7952a10d1481bacfae775882d03f2,0.713,2000,chair,0.04034965002200173,0.6955,2000,0.01749999999999996,franka,0.713
ab981db0eb63466ab4246f0bdfbb33db,0.321,2000,helmet,0.14145698942094764,0.094,2000,0.227,franka,0.321
f47e84c2558842dfae2acaa02d27f547,0.7865,2000,lizard,0.01150128014890893,0.556,2000,0.23049999999999993,franka,0.7865
c2c1e5c36a0c4b51a4326647c87d88e8,0.934,2000,seaplane,0.20983742069244554,0.2785,2000,0.6555,franka,0.934
766ea004832e4586a5af4055ae4e3aeb,0.2005,2000,drone,0.0029955164166964366,0.387,2000,-0.1865,robotiq,0.387
cd78d72dca1748048c7badfbb2f4e06c,0.918,2000,sunhat,0.00370348347585406,0.187,2000,0.7310000000000001,franka,0.918
febf6f67ccff4bcab7fa98bc3f47c172,0.666,2000,bedspread,0.1134700789004277,0.334,2000,0.332,franka,0.666
c7f353d055b443b4a091b3947ead11c8,0.706,2000,dalmatian,0.0611206121504961,0.887,2000,-0.18100000000000005,robotiq,0.887
ac718cd0d7f84574926106c771dd2308,0.663,2000,tiger,0.0263797191148784,0.4205,2000,0.24250000000000005,franka,0.663
294ab037e7004247ad775d657d3d4144,0.502,2000,vase,0.07938155429750282,0.525,2000,-0.02300000000000002,robotiq,0.525
c653788d0664468291de17753577e00b,0.8595,2000,pizza,0.02792611246407272,0.0435,2000,0.8160000000000001,franka,0.8595
adca025c96394202b52172c5f92bddc0,0.7475,2000,space_shuttle,0.0012544599308739292,0.5885,2000,0.15900000000000003,franka,0.7475
1136bdef8ce448e5bc9e199db0f1aead,0.4275,2000,globe,0.10099027250261579,0.241,2000,0.1865,franka,0.4275
43d09b6ee00f41ccaa4038f14f59294a,0.7495,2000,scoreboard,0.005067604113001369,0.2575,2000,0.49200000000000005,franka,0.7495
febe789cb2034ab1b7a3b5b9c33a05b3,0.736,2000,router_(computer_equipment),0.12601968423311033,0.1035,2000,0.6325,franka,0.736
d2c762a2325547c5b30e51bdfd736188,0.6365,2000,tripod,0.09478971418977322,0.574,2000,0.0625,franka,0.6365
c512d5c1d036418ab2d173ba0f8f3ac3,0.0,921,hatbox,0.0559849431583347,0.708,2000,-0.708,robotiq,0.708
8acd766e66b6478a8843f03ebb085ba2,0.946,2000,barbell,0.07774408770640426,0.416,2000,0.53,franka,0.946
b9ee0e80c94f4cb892a5b14fae1436be,0.818,2000,necklace,0.00043633531741037076,0.9305,2000,-0.11250000000000004,robotiq,0.9305
ba37f4a7d77d4a358aab18e11a854706,0.1915,2000,bear,0.027151113823465883,0.3135,2000,-0.122,robotiq,0.3135
afdd9821de124cd0bd6003b433d4c3f2,0.67,2000,dinghy,0.03539256674312273,0.34,2000,0.33,franka,0.67
93dc894315d646ebb0eefc3426984972,0.88,2000,street_sign,0.0009328418709465472,0.34,2000,0.54,franka,0.88
8bd6e8b9603e4168aa3e38d299f28595,0.0,1409,patty_(food),0.0025207758084894198,0.0,2000,0.0,robotiq,0.0
c2b8d73835134fdaabf18ef05a645221,0.5425,2000,penguin,0.0012527578959843468,0.8095,2000,-0.267,robotiq,0.8095
210cbdfe3b254964816edef01755ad7e,0.8285,2000,bookcase,0.0009510274620343473,0.523,2000,0.3055,franka,0.8285
a88463c894a44575ba4bda3c13ef31e1,0.0,2000,crate,0.1785678305403831,0.1025,2000,-0.1025,robotiq,0.1025
628ebafb6ade4c20a193fd51d88c037f,0.0,11,clementine,0.048453800983493236,0.0165,2000,-0.0165,robotiq,0.0165
3d33ffacd1ac4b89b983ca18be2b80ad,0.251,2000,pizza,0.8292206380213151,0.0695,2000,0.1815,franka,0.251
952a1373fdcd47aa9d4b2ba6f4abf42d,0.5935,2000,earphone,0.00028529383513599903,0.291,2000,0.30250000000000005,franka,0.5935
ec36fdd6d5b743a1964bf34fe4effd70,0.131,2000,puffer_(fish),0.00010658259694957508,0.2755,2000,-0.14450000000000002,robotiq,0.2755
3e0ff4fb14b24102839e9d5d49d4c363,0.854,2000,wagon_wheel,0.0018639080013722335,0.249,2000,0.605,franka,0.854
74f22ce7d95f4b39a86b097574c93570,0.775,2000,wheel,0.027068127105552633,0.155,2000,0.62,franka,0.775
17ad93f2e13a43ce8b9e1260c91ea9d5,0.0,1666,bubble_gum,2.5220947337520907,0.4995,2000,-0.4995,robotiq,0.4995
2f8cf49400954961866ff97e4d74080c,0.0725,2000,jar,0.02002093744466394,0.452,2000,-0.3795,robotiq,0.452
2fb05d3ad58245478a1152e998a5fba3,0.83,2000,Lego,0.00442529049120336,0.5635,2000,0.26649999999999996,franka,0.83
91692430be4a422ca5f56f1247f4b291,0.7725,2000,spider,0.03189745452144609,0.5485,2000,0.22399999999999998,franka,0.7725
922cb0e832ea46748761c0f4033b33ad,0.4715,2000,muffin,0.1636576062339764,0.991,2000,-0.5195000000000001,robotiq,0.991
ba022dbb1d0a461cb74137a18dbd4cbe,0.715,2000,water_bottle,0.0026821792263423297,0.249,2000,0.46599999999999997,franka,0.715
df2d8c79afdf4f6981cebb859351ac77,0.6255,2000,knee_pad,0.0002770480392868521,0.5305,2000,0.09499999999999997,franka,0.6255
d524be98711546f9b4512393e99c1ff3,0.8145,2000,Lego,0.0041662719842556865,0.61,2000,0.20450000000000002,franka,0.8145
b28b5f5e04614ec4851c998b5ea00d4d,0.4895,2000,glove,0.03183507758220804,0.2645,2000,0.22499999999999998,franka,0.4895
e5db252dcdc74bdf81cc4d7be5c03160,0.0,285,doughnut,1.1901678550705754,0.231,2000,-0.231,robotiq,0.231
b7a8a583a3e8409b823b4f04dc3e74ae,0.779,2000,cowboy_hat,0.0005250191312581211,0.3105,2000,0.4685,franka,0.779
7a7dcb81f469455cae494c7216e08017,0.9175,2000,sword,3.733526999169196e-05,0.338,2000,0.5794999999999999,franka,0.9175
4ff6d61656034a36a916a44210e68c4f,0.242,2000,rat,0.06213660717668101,0.4505,2000,-0.20850000000000002,robotiq,0.4505
6267771326ec418f892411c4f58a92e7,0.062,2000,duckling,0.06306847507983704,0.1885,2000,-0.1265,robotiq,0.1885
e6b2c8a5be864ad6afba3bdfdde1aff2,0.8115,2000,pirate_flag,0.0002916075618010147,0.3235,2000,0.488,franka,0.8115
35ef97c025e245d190b72a4419d5689b,0.0,2000,pinecone,0.006470579951576028,0.2345,2000,-0.2345,robotiq,0.2345
aae43d25e76c40399057bd1d8f2e8ab3,0.0,2000,dishrag,0.0036941423572779968,0.2935,2000,-0.2935,robotiq,0.2935
77fe0955f36744858c0d6a7cfe2f9e6e,0.97,2000,baseball_bat,0.0032314280186119906,0.328,2000,0.6419999999999999,franka,0.97
a11b0cc9957d4e0296c7cff039ca245a,0.7355,2000,lantern,0.06601564698871482,0.6265,2000,0.1090000000000001,franka,0.7355
d8546803ede3453a8ba9f9e14237fece,0.0,5,trash_can,0.002122403775676964,0.0,323,0.0,robotiq,0.0
5d3a99865ac84d8a8bf06b263aa5bb55,0.7565,2000,bed,0.0009975416422279666,0.283,2000,0.4735,franka,0.7565
d783caebf9654933bcaa63641fbe223a,0.3265,2000,telephone,0.162471575818041,0.3515,2000,-0.024999999999999967,robotiq,0.3515
c78f20d5a3fe4baaa9240335740c9bd5,0.627,2000,parka,0.05273425630650806,0.563,2000,0.06400000000000006,franka,0.627
75c4aaf7e91c440e94e2a6afc86be7a5,0.5075,2000,sword,0.0004358017743541964,0.3175,2000,0.18999999999999995,franka,0.5075
78b80c2ad2434545b846be4404664bfd,0.5565,2000,kilt,0.0019166832770479035,0.4785,2000,0.07800000000000001,franka,0.5565
24cd8c2a2e26402f8e1ea207658e9de3,0.964,2000,bus_(vehicle),0.0015927386161024809,0.1985,2000,0.7655,franka,0.964
fc0d8ab059474b1188d0b8e6b1c3888a,0.822,2000,wrench,0.023285327925002774,0.725,2000,0.09699999999999998,franka,0.822
a71daca5560140708880b9711fd9df4b,0.8475,2000,chair,0.0787072127874882,0.5575,2000,0.29000000000000004,franka,0.8475
6e7beeda7b4b47b1a4a64c82c3318be9,0.872,2000,gun,0.0008530840006270774,0.32,2000,0.552,franka,0.872
e3774ca0bdae459082f3bed37fa7260c,0.9675,2000,stylus,0.1525189215437043,0.3075,2000,0.66,franka,0.9675
19a3321b01224d20bfe06b210b74e79a,0.864,2000,cock,0.0007575693506665412,0.6345,2000,0.22950000000000004,franka,0.864
14e42432d7274945a4024aec48c3d20a,0.156,2000,jeep,0.04927856469382833,0.378,2000,-0.222,robotiq,0.378
5809f034270947ecb32b597ed9e80afd,0.0,1295,fire_extinguisher,0.006073106080053737,0.0245,2000,-0.0245,robotiq,0.0245
a78ba41a6b9349869f71ed2fc658d5dd,0.561,2000,tripod,0.06466104465341477,0.456,2000,0.10500000000000004,franka,0.561
59309f1dd9f54927b0d232a1e9de5ae2,0.378,2000,windmill,0.0062905887083266505,0.409,2000,-0.030999999999999972,robotiq,0.409
7d8f07d1803e4e5687554629244deae6,0.4835,2000,turkey_(food),0.15802480944126135,0.06,2000,0.4235,franka,0.4835
0964ad0c8f09472f86712a752b98e714,0.671,2000,dog,4.593280020992081e-05,0.509,2000,0.16200000000000003,franka,0.671
619cfd5b08ca46589ed3ad9f6154179f,0.6625,2000,sunhat,0.05527348122972813,0.5235,2000,0.139,franka,0.6625
7383425b3cd549e98a7ef5a5438c9018,0.7265,2000,seaplane,0.0016069824294915884,0.4995,2000,0.22700000000000004,franka,0.7265
7f97496b060d46bbaf26bcebae19d8eb,0.9,2000,ski_pole,0.0006581055545719894,0.294,2000,0.6060000000000001,franka,0.9
8858ee85893d4b3c9aa3bff245a5571a,0.169,2000,glove,0.06383081477141267,0.293,2000,-0.12399999999999997,robotiq,0.293
0dc6d0a2595847169e30454a80cf20c4,0.735,2000,cockroach,0.07379183552879258,0.293,2000,0.442,franka,0.735
239ee36b12b14ae796e65639e2818a34,0.764,2000,bear,0.06032911437080796,0.5695,2000,0.1945,franka,0.764
dd727f0df8054b1b8c77de6c12d16fad,0.0,1435,orange_(fruit),0.1029870248707183,0.067,2000,-0.067,robotiq,0.067
91d838b393b64c0d98c5626ba8b94529,0.6165,2000,mascot,0.1424692719119224,0.492,2000,0.12450000000000006,franka,0.6165
38cd4ee0559b4948a0e8894baf400646,0.8835,2000,pretzel,0.08895415617047851,0.4385,2000,0.44499999999999995,franka,0.8835
5fb88b6b848b47a4b2f1534a1d7600f3,0.204,2000,dresser,0.0019315599962549993,0.641,2000,-0.43700000000000006,robotiq,0.641
8fe5484d7735400db30c7b2e2e30b6d3,0.771,2000,jumpsuit,0.09600387993957786,0.4825,2000,0.28850000000000003,franka,0.771
4a16befac30b417fbe9f0fffce267e22,0.912,2000,goggles,0.6165901559490655,0.2115,2000,0.7005,franka,0.912
53ad8efeb5e9427a901fc669b440e3cf,0.0,488,refrigerator,0.05401229658874961,0.0124804992199688,1282,-0.0124804992199688,robotiq,0.0124804992199688
4d7132a60a174017ba7d0c029dcac4fc,0.9915,2000,soccer_ball,0.037192096240502424,1.0,2000,-0.008499999999999952,robotiq,1.0
2be1f3c8a0e54150bb61a438940b6921,0.874,2000,straw_(for_drinking),0.02961194920634963,0.672,2000,0.20199999999999996,franka,0.874
20a64a8d4de8469ebfaae417a6d4a187,0.382,2000,pineapple,0.014247118384663391,0.5725,2000,-0.1905,robotiq,0.5725
aa9adefc0dad401d9c1a40ac90cac1ec,0.8905,2000,snowman,0.002304045010915846,0.9135,2000,-0.02300000000000002,robotiq,0.9135
f1fcdcb729b64e32801b90614f4d8c2b,0.7025,2000,monkey,10.51006414344892,0.7065,2000,-0.0040000000000000036,robotiq,0.7065
9db3bdc7354143e89129ac650ef0ad09,0.604,2000,cone,0.04790012207881395,0.0775,2000,0.5265,franka,0.604
b2596e7b857a4c89ba0d8754bc5a07be,0.6555,2000,lampshade,0.043534656984697974,0.58,2000,0.07550000000000001,franka,0.6555
b464ff8d732d44fab00b903652c8274e,0.0,19,log,0.054361013570797395,0.74,2000,-0.74,robotiq,0.74
e865bf2af35442289d39bddc362919cc,0.903,2000,baseball_cap,0.0006871919554416365,0.373,2000,0.53,franka,0.903
097fcebca940470287600e01673e0494,0.8745,2000,generator,0.0006711987915385593,0.801,2000,0.07350000000000001,franka,0.8745
7af7c8158dd24062a5e49d6a25799628,0.46,2000,bucket,0.06719533624201114,0.0775,2000,0.3825,franka,0.46
34fa7bb706af4ee19c0bdee1cad4c710,0.0,521,aquarium,0.14238165768179614,0.001,2000,-0.001,robotiq,0.001
d0619d6964d045bf88e08148bdcfea82,0.613,2000,coat,0.0029368809281599007,0.7835,2000,-0.17049999999999998,robotiq,0.7835
593ae0b4fde44ea6b172bb5bc1769bca,0.9005,2000,candy_cane,0.05176510525907607,0.448,2000,0.45249999999999996,franka,0.9005
cf5278291d3b465c9481bac7759756eb,0.7675,2000,monkey,0.005981081742426351,0.668,2000,0.09949999999999992,franka,0.7675
b1e5257869b3437285f13275d21b43d8,0.772,2000,motor,0.07735204927262793,0.6455,2000,0.12650000000000006,franka,0.772
f817f0a83a3f49ac942d46e53f930136,0.6065,2000,desk,0.04415572992691885,0.438,2000,0.16850000000000004,franka,0.6065
ee1e4fa481484989b0e01b0078b71a96,0.55,2000,chair,0.03386851350567418,0.4995,2000,0.050500000000000045,franka,0.55
c2b524996b9c47aeb7d7b48bb142b960,0.9825,2000,balloon,0.017534321336336242,0.9255,2000,0.05700000000000005,franka,0.9825
a3b27c7977964cfd95fc52e179b6e978,0.748,2000,goose,0.3551628952399643,0.609,2000,0.139,franka,0.748
370b7c88b4334dd29cda3adce3a10fa6,0.922,2000,desk,0.00014046697119702344,0.4565,2000,0.4655,franka,0.922
1cf0d8795cf142739de1948f30a18a43,0.192,2000,chandelier,0.000131622076143909,0.462,2000,-0.27,robotiq,0.462
5e0f504bb5d144809390dac8c66a6dd5,0.0,2000,postbox_(public),0.04433457959067346,0.485,2000,-0.485,robotiq,0.485
0539d9218ee645f2a21e79c913f1aad9,0.615,2000,mast,0.0006958750762445235,0.453,2000,0.16199999999999998,franka,0.615
9ee66510a72d4ba7b5ef4b0ac7a22373,0.11,2000,wooden_leg,0.0002899932647176176,0.564,2000,-0.45399999999999996,robotiq,0.564
c41cc6cf539840a79a9e86c904d75665,0.8135,2000,polo_shirt,0.020243788995991188,0.433,2000,0.3805,franka,0.8135
f0478a8bb6b4419886c2817001509c42,0.9115,2000,snowman,0.055152282597097244,0.612,2000,0.2995,franka,0.9115
e1326c176959417ea8d55c5db3139fa7,0.797,2000,pelican,0.016486393660152546,0.751,2000,0.04600000000000004,franka,0.797
3d75ecc475504bfb8fa146ddfa09e3d5,0.272,2000,blazer,0.09596149864048803,0.17,2000,0.10200000000000001,franka,0.272
4a9d82569bca497da152ed97dfd10d3a,0.957,2000,rifle,0.02220548381366713,0.3755,2000,0.5814999999999999,franka,0.957
88e8a0f02689445eb7a00387c77cefab,0.693,2000,television_camera,0.0018168878460919698,0.557,2000,0.1359999999999999,franka,0.693
42ebbc013fae4437a68133f0811f94e4,0.575159605339524,1723,remote_control,0.020554060134788596,0.016,2000,0.559159605339524,franka,0.575159605339524
8b2618ae09ee429fa45bce42f0b2f3ec,0.6265,2000,horse_carriage,0.04204476990795974,0.4805,2000,0.14599999999999996,franka,0.6265
dab1778875214c4f8e4a09fc330aaed3,0.9175,2000,sofa_bed,5.43136887269157e-05,0.5435,2000,0.374,franka,0.9175
4540c1121ac043d180188d0b260e7e3a,0.706,2000,mascot,0.045248512113279446,0.539,2000,0.16699999999999993,franka,0.706
94e6346040b14bd9b8a06a0cfffd1bb7,0.9085,2000,guitar,0.0006640332067093623,0.5525,2000,0.356,franka,0.9085
2e7d437811254effbbeefd57a5742f23,0.813,2000,penny_(coin),0.004385677164302167,0.033,2000,0.7799999999999999,franka,0.813
eb98251fbccf4cdd8a3737362e2378e9,0.705,2000,bookcase,0.19512897200797832,0.4735,2000,0.23149999999999998,franka,0.705
2aec8d7d14a648d998e8e49a4f73960f,0.0011507479861910242,869,wine_bucket,0.07479991667304685,0.4205,2000,-0.41934925201380896,robotiq,0.4205
b5734beb93ff437181097ce57bfa759a,0.9135,2000,crucifix,0.016817826166338916,0.414,2000,0.4995,franka,0.9135
be1feaa978dc4c9fb3b2851a96a89307,0.671,2000,camper_(vehicle),0.060490192661123036,0.513,2000,0.15800000000000003,franka,0.671
7b86302721384590913615a50cfb7afd,0.728,2000,antenna,0.0022277443382460256,0.605,2000,0.123,franka,0.728
58f66d35ccae498a958a90569398a419,0.814,2000,wardrobe,0.13251565638417534,0.1575,2000,0.6565,franka,0.814
986f0f69f2e2435ba1c8e40d2b35583c,0.7335,2000,flagpole,0.00045064310237302854,0.619,2000,0.11450000000000005,franka,0.7335
8548328038184738ab4835f4efa9b33a,0.9785,2000,thread,0.018083249285409223,0.03,2000,0.9485,franka,0.9785
3a2325cfcb2a4c7daedb92fd230581a7,0.9605,2000,propeller,0.0449485852874434,0.501,2000,0.4595,franka,0.9605
ea6e507253f14d438528836856358b7a,0.822,2000,race_car,0.03303241603925271,0.71,2000,0.11199999999999999,franka,0.822
e2c1f3a3079f410a90ede41dba8c4b06,0.61,2000,crown,0.0011712031318761936,0.7885,2000,-0.1785,robotiq,0.7885
83fc61b85be04fc2bbdf3b94fec14c11,0.6845,2000,pastry,1.0415709922140208,0.3735,2000,0.311,franka,0.6845
25bafa6241bd4246965a39f07d4b7a0e,0.0,2000,shopping_bag,0.001481193766822342,0.025,2000,-0.025,robotiq,0.025
3dd575e0223747f68d69aa5d549a0065,0.362,2000,kitten,0.010882373762610436,0.663,2000,-0.30100000000000005,robotiq,0.663
ad7011caa5714a9dae06bfd54e220dc4,0.8005,2000,dolphin,0.05554090067575769,0.69,2000,0.11050000000000004,franka,0.8005
be6ff8750f64417d9eb55c1ff4762d3d,0.2575,2000,cloak,3.296967074357672,0.1745,2000,0.08300000000000002,franka,0.2575
82b453658227429aa8eeee6ba5e0df0a,0.6765,2000,veil,0.002826025552359476,0.566,2000,0.11050000000000004,franka,0.6765
939b8ecc10a049c798165148453464d0,0.6575,2000,notebook,0.0020937421170595313,0.3705,2000,0.287,franka,0.6575
889af5a31bf1423680c2ce28e53b2d68,0.0225,2000,binder,0.00044046894384498195,0.0,2000,0.0225,franka,0.0225
cb9298397f6341a8b4a547613367bbfb,0.694,2000,bunk_bed,0.11798769309459906,0.2765,2000,0.4174999999999999,franka,0.694
1878341a4ac34cb49896188da4169c95,0.6535,2000,vodka,0.1693685304698993,0.321,2000,0.33249999999999996,franka,0.6535
d1f4aa651d9d4953a5a2742914b84635,0.01716500553709856,1806,keg,0.09208655289781835,0.226,2000,-0.20883499446290144,robotiq,0.226
4eadb7226f404c35aa3a506957f01bbf,0.0,2000,Tabasco_sauce,0.003543442768186711,0.873,2000,-0.873,robotiq,0.873
82c91049303f4664a56cc0eaffa8d662,0.936,2000,dishwasher,0.0032029168840613294,0.9095,2000,0.02650000000000008,franka,0.936
d8a64bf6320b489ca6aabc02001722cb,0.6685,2000,traffic_light,0.07918522129929581,0.776,2000,-0.10750000000000004,robotiq,0.776
2dfdd57b93224b0cb2f72015deac0978,0.8475,2000,spectacles,0.01358320568452863,0.44,2000,0.40750000000000003,franka,0.8475
7e094efa6d184bdb8d0e05f5d0961f13,0.719,2000,cushion,3.7840699110693426e-05,0.5525,2000,0.16649999999999998,franka,0.719
1beb5cc59f734f24a3800a1888f529f0,0.84,2000,space_shuttle,0.00014036357723023717,0.369,2000,0.471,franka,0.84
3feb2eab325f4f33bc3e4ac871e7105a,0.8585,2000,medicine,0.004509985984698492,0.677,2000,0.1815,franka,0.8585
c2310837dca94c008d3cb31d0c8885bb,0.837,2000,cone,0.001739915976359858,0.617,2000,0.21999999999999997,franka,0.837
561b8497a9044dd093c177db64a28043,0.275,2000,teakettle,0.11737715778717361,0.344,2000,-0.06899999999999995,robotiq,0.344
ae2d1d85b1a34466bf64810b85050a33,0.5585,2000,tractor_(farm_equipment),0.12105899724201315,0.395,2000,0.16349999999999998,franka,0.5585
aa710bcf8b8c4fee9bf416d4b59d98e5,0.724,2000,kayak,0.0003785523608691792,0.465,2000,0.25899999999999995,franka,0.724
0c42257deeac4d45b134a72b42abdf20,0.329,2000,mask,0.009466125980226402,0.104,2000,0.22500000000000003,franka,0.329
ce6c82f1f7cf4b04af854f8f53c55c2d,0.9715,2000,hammer,0.058186217242792534,0.532,2000,0.4395,franka,0.9715
a1d2ef559c774fca910084b1136535a8,0.7365,2000,rabbit,0.04567783886127746,0.8325,2000,-0.09599999999999997,robotiq,0.8325
581e861e33d84e4fa5e82695a610e7ff,0.146,2000,wedding_cake,0.003650572035156749,0.379,2000,-0.233,robotiq,0.379
dda99212e94c44cea83e958e03b7c205,0.946,2000,monitor_(computer_equipment) computer_monitor,0.10833740091858847,0.1025,2000,0.8434999999999999,franka,0.946
899f97d8c92342c0aa8c1d4969cfc0a6,0.1495,2000,crucifix,0.021918363745707128,0.265,2000,-0.11550000000000002,robotiq,0.265
3b7c2124180c4b349ca533f0bb4cc955,0.2045,2000,pole,0.0013259982807034346,0.1865,2000,0.017999999999999988,franka,0.2045
9ccc2f73a30f4ff7b4612ac30921e38e,0.78,2000,desk,0.000769159195365989,0.6025,2000,0.1775,franka,0.78
b6e77162f78747abbd85ca4a5c5ec487,0.9215,2000,table_lamp,1.495221567608997e-06,0.641,2000,0.28049999999999997,franka,0.9215
9f47a26ae86b4bb39695d3734dd78ee5,0.7055,2000,dress,0.0014310581978768373,0.3605,2000,0.34500000000000003,franka,0.7055
8175832c9f0f45559de7aff797940d3e,0.0,4,bread,1.9161946049959044,0.0,108,0.0,robotiq,0.0
2e5faea64b4841c68c01bde24674a380,0.8745,2000,chili_(vegetable),0.009796154995505589,0.8355,2000,0.039000000000000035,franka,0.8745
8bd6eda897ec4f86816fbfe8616b041f,0.7155,2000,truck,0.000639124116257114,0.6035,2000,0.11199999999999999,franka,0.7155
f3fba327f0d44b908948f365850b9160,0.834,2000,painting,1.282478843200587,0.129,2000,0.705,franka,0.834
ff2589e974214cf0bba715bfa40fcadd,0.658,2000,milestone,0.1463892057123144,0.596,2000,0.062000000000000055,franka,0.658
cb5c3b342854497e811a1234cb5e68b9,0.9255,2000,pizza,0.0018794748355912515,0.518,2000,0.4075,franka,0.9255
3cb0f51108aa4b43b19e20d43dcc141c,0.0,7,gemstone,0.03551273274553817,0.1655,2000,-0.1655,robotiq,0.1655
1ae202f921bd48e6863a01a93744e499,0.817,2000,sofa,0.0671869384879853,0.591,2000,0.22599999999999998,franka,0.817
0bc2011018e2463ca119ebce4e15a94b,0.7935,2000,chair,0.16495421305085747,0.348,2000,0.4455,franka,0.7935
4ccf7c65e5ad447bae9de15ed0d53b16,0.7225,2000,horned_cow,0.001375093307263134,0.984,2000,-0.26149999999999995,robotiq,0.984
b55b9acad32b4ffe913c90dfcaaeec45,0.087,2000,motor_vehicle,0.06527866408939818,0.6535,2000,-0.5665,robotiq,0.6535
b52fdceb5c4d4b94a78306ff13ab9872,0.9345,2000,hardback_book,0.08081881085033338,0.2935,2000,0.641,franka,0.9345
696c7dbd7a9e431f9e405e1a824cab18,0.954,2000,dagger,0.06600085446196362,0.411,2000,0.5429999999999999,franka,0.954
0d3b71f006e64fca9a2cdbdfcd5601e7,0.823,2000,monkey,0.10548901773643855,0.536,2000,0.2869999999999999,franka,0.823
c6ad2d2710b349ffa7b9057d1b611082,0.451,2000,chair,0.028490198048217893,0.36,2000,0.09100000000000003,franka,0.451
104d34aa17e648adb50231219edf8665,0.8195,2000,postcard,0.0003758056404707676,0.458,2000,0.3615,franka,0.8195
b180b79e98834a83bf6dd1c14a588796,0.001,2000,turtle,0.00676067093880376,0.229,2000,-0.228,robotiq,0.229
5436ef3fcb5b4621954136da5f1ee8cb,0.9275,2000,gourd,0.0066066501656205055,0.998,2000,-0.07050000000000001,robotiq,0.998
03860ba96d824aeb87acc457ca6e65f9,0.961,2000,orange_juice,0.020352295574822456,0.643,2000,0.31799999999999995,franka,0.961
fe6ef80aa82d45abba038037d2a10879,0.4045,2000,pastry,1.1055547462478474,0.468,2000,-0.0635,robotiq,0.468
e46fab2176ba4fe0bca2a105412dec24,0.9475,2000,mallet,0.0005927463746633879,0.4835,2000,0.464,franka,0.9475
92cb84778eb546d39cf57676595a626b,0.5535,2000,belt,0.00013110614871268144,0.606,2000,-0.05249999999999999,robotiq,0.606
f5a8be337bec4e6081242adcbc272437,0.5675,2000,lamppost,0.0005317283461634799,0.489,2000,0.07850000000000001,franka,0.5675
66a35234648c418f8b67ce1b015f525c,0.086,2000,goggles,0.023806827314490707,0.4975,2000,-0.4115,robotiq,0.4975
460c8d31ee2349679efee969ffd80fa0,0.52,2000,monkey,0.05857509574612987,0.5185,2000,0.0015000000000000568,franka,0.52
c9c72a8329f34a0e922bdd4fb1aa233d,0.862,2000,lamp,0.7333779857326893,0.1095,2000,0.7525,franka,0.862
f64f5a3f80f444a88a6b341f89e8716c,0.971,2000,heart,1.195248550787218,0.0545,2000,0.9165,franka,0.971
4befc0f57d414a76ba7a827f709a9f51,0.7895,2000,grizzly,0.10002630814088913,0.7785,2000,0.01100000000000001,franka,0.7895
6826d90c0cff487ebff7282b1adc691e,0.7295,2000,grocery_bag,0.3665616896612147,0.526,2000,0.20350000000000001,franka,0.7295
0a3dc72fb1bb41439005cac4a3ebb765,0.7585,2000,napkin,0.04675525853206675,0.32,2000,0.43849999999999995,franka,0.7585
caf4b801a11a4b7da82515c758a6bc17,0.2795,2000,television_set,0.0020702460860962915,0.4505,2000,-0.17099999999999999,robotiq,0.4505
b220eea1400d41cda3b2c670fcc5c605,0.9305,2000,chopping_board,0.8333744536054385,0.2165,2000,0.714,franka,0.9305
7344e85b512c46d187d76bfa20f394a6,0.9315,2000,soupspoon,0.00981039933489746,0.3165,2000,0.615,franka,0.9315
ecc33fdd7146485eab310921c2368016,0.7525,2000,lettuce,0.054830795917697794,0.3915,2000,0.36099999999999993,franka,0.7525
f5aa336ab89a45ffbc9b7dd2119ff25c,0.875,2000,telephone_booth,0.03748051471324724,0.214,2000,0.661,franka,0.875
e5493f66561b4b7f8a81599135c12455,0.3225,2000,soup,0.00563945469720204,0.312,2000,0.01050000000000001,franka,0.3225
50814499f5184d2d988de5c56cfc63c7,0.709,2000,space_shuttle,0.019392233405899396,0.838,2000,-0.129,robotiq,0.838
e1efafc9fbea4d40af9f1aa5e27e693d,0.2735,2000,squirrel,0.031161507772941917,0.576,2000,-0.30249999999999994,robotiq,0.576
6346aa7ff84d4272a35da13dabb8193e,0.933,2000,jewelry,0.008214754468305958,0.4595,2000,0.47350000000000003,franka,0.933
7a383f39b2ba46129284ccdad3c1c05a,0.962,2000,heater,0.03526676134164246,0.4845,2000,0.4775,franka,0.962
9677308598274571b4203b0ea8be5148,0.9805,2000,microphone,1.1816287616489842,0.385,2000,0.5955,franka,0.9805
d574d3b45b0e4cb78ef3fdb08039143c,0.8125,2000,lampshade,0.003757037153123919,0.703,2000,0.10950000000000004,franka,0.8125
de0f1ffa93c64725a99e0f7a8b526501,0.653,2000,cardigan,0.07507965746140668,0.368,2000,0.28500000000000003,franka,0.653
9155b2b4be5f452a98837459112a3b9b,0.0015,2000,flowerpot,0.25533767441894656,0.2525,2000,-0.251,robotiq,0.2525
964aef818b3e41bbbaeea481be857af8,0.77,2000,fish,0.0004811089680148018,0.4795,2000,0.29050000000000004,franka,0.77
f5fd2475def347a58089a52bbc0ffb33,0.608,2000,elk,0.0051423223647773155,0.513,2000,0.09499999999999997,franka,0.608
8bfa354e4afb4d95b2274a7b45cf4986,0.8295,2000,headset,0.013691746735278489,0.857,2000,-0.02749999999999997,robotiq,0.857
a4d4dc74c3d04053a4578f3b734aabaa,0.2475,2000,hose,0.0011795054458740694,0.237,2000,0.01050000000000001,franka,0.2475
888f15c535bd4eeea3934e235370941d,0.8005,2000,toaster,0.00019075126961978078,0.6915,2000,0.10899999999999999,franka,0.8005
4b7662bfd57c4be79b01c7b16819b06b,0.8655,2000,baseball_cap,0.0004177981633159122,0.431,2000,0.43450000000000005,franka,0.8655
527deee7bc3540febe5e44569dc934e3,0.374,2000,log,0.012524492710834636,0.2605,2000,0.11349999999999999,franka,0.374
ab949cc33dfc4c06a7b79bbf8709ebe6,0.895,2000,ostrich,0.016515495108258733,0.6075,2000,0.2875,franka,0.895
0400821fce28402a88999aa32a2a7934,0.6785,2000,apricot,0.9827454735792245,0.255,2000,0.4235,franka,0.6785
e03abb198f644cc083e36350769d7273,0.8685,2000,spider,3.498337779292204e-05,0.283,2000,0.5855000000000001,franka,0.8685
ffcd4919efe047329173e7a8d188be08,0.704,2000,plastic_bag,0.004542294674673708,0.259,2000,0.44499999999999995,franka,0.704
4493602bc41e482a975482c1830f77fb,0.5905,2000,bonnet,0.0012438286688124698,0.4365,2000,0.15400000000000003,franka,0.5905
fd3beca9386548d185d4151e51325434,0.917,2000,compass,0.0014199796556980482,0.954,2000,-0.03699999999999992,robotiq,0.954
3eab64fff65c407aa0cf00ced4e493b0,0.878,2000,wig,0.030862303828431213,0.6845,2000,0.1935,franka,0.878
ad4a281c460f40a9bcd88d87e86cacac,0.6255,2000,armor,0.0018830093716064936,0.491,2000,0.13449999999999995,franka,0.6255
d8e8e17950a44b179d0c1ee61fb45b6c,0.5915,2000,dresser,0.037435302525363215,0.136,2000,0.4555,franka,0.5915
3b4dea4f05f04ed7876484d25c5e396d,0.848,2000,chair,0.16804322317502782,0.294,2000,0.554,franka,0.848
6da9fd8b9d224e1c8a346f397396623a,0.5105,2000,bicycle,0.020581452400803123,0.388,2000,0.12249999999999994,franka,0.5105
53fe14148bab45e6834b7cee38068dd5,0.852,2000,antenna,0.036967368926659465,0.5325,2000,0.3195,franka,0.852
1e5c21e32bdd447c8e89923a6e15ffb4,0.897,2000,wooden_spoon,0.0005178622119927929,0.295,2000,0.6020000000000001,franka,0.897
824b5a229eef441084c8af016aeb419b,0.8315,2000,swimsuit,0.000680256430334099,0.631,2000,0.2005,franka,0.8315
13e21b22a38c4d82b3c4b2af2e9d765e,0.6035,2000,cornet,0.15652877219648625,0.5135,2000,0.09000000000000008,franka,0.6035
00fd0618c93b4979b258f25df0109a6a,0.3225,2000,hot_sauce,0.261095645782849,0.4785,2000,-0.15599999999999997,robotiq,0.4785
74b3d7b21d5c4567a6e34f71ab0023f6,0.292,2000,pony,0.14333820360326113,0.2505,2000,0.04149999999999998,franka,0.292
d2c7221ac2634362b29ba3b15f72aae1,0.0,666,pumpkin,0.001247364953998911,0.912,2000,-0.912,robotiq,0.912
8d444320adba48039e486446d25cf978,0.676,2000,ladder,0.07191730956543775,0.504,2000,0.17200000000000004,franka,0.676
dc4a1ef856b24492a2290f45c8156d4e,0.645,2000,pew_(church_bench),0.030599029756203277,0.52,2000,0.125,franka,0.645
cfc49bcb02134ecea34f4fda58f00590,0.9005,2000,wrench,0.9188608554050495,0.398,2000,0.5025,franka,0.9005
05ab63c372f94b4686b20c8930ffd4c4,0.1755,2000,pot,0.03761955887995195,0.1895,2000,-0.014000000000000012,robotiq,0.1895
0741405f9d9942e292dc1d0eb20fa815,0.7615,2000,mask,0.000350834304241111,0.3495,2000,0.412,franka,0.7615
41b074fe3c6440f49e8e6d7ddccdb3cf,0.867,2000,wedding_ring,0.0035553325254206267,0.7745,2000,0.09250000000000003,franka,0.867
4682fe0accb24ddcaf9673d36c2bb94e,0.6095,2000,bucket,0.5442462541492997,0.0695,2000,0.54,franka,0.6095
7953176b75304c4a8c457cfb8a94c0ae,0.661,2000,bridal_gown,13.207336013004578,0.6495,2000,0.011500000000000066,franka,0.661
58b875eb8678462db567694f9537b79e,0.772,2000,crow,0.2629953077974433,0.495,2000,0.277,franka,0.772
d600eb8281854718a65d3a9bed9cf0a8,0.8605,2000,helicopter,0.09959793645696605,0.1385,2000,0.722,franka,0.8605
3871ba9b2b2c4b118c8823ec8c8a8176,0.1665,2000,pottery,0.3512870327817976,0.103,2000,0.06350000000000001,franka,0.1665
bb7b29c238484c3281d1d8033a29583e,0.345,2000,scraper,0.00043748344445186004,0.18,2000,0.16499999999999998,franka,0.345
6f762bd59fe04888b840f324c85d6e31,0.8185,2000,camel,0.05846560039438035,0.3915,2000,0.427,franka,0.8185
f4c2fcb0219743c2a717461882df7f7a,0.4905,2000,tractor_(farm_equipment),0.00011049322323599226,0.5605,2000,-0.07,robotiq,0.5605
67be9e77389c4ff99d5ed30e1b6b363c,0.8885,2000,earring,0.05372811327198323,0.8065,2000,0.08199999999999996,franka,0.8885
c67f61fa444044bcb88ec3e28f0ca7ac,0.8745,2000,desk,0.02808803529796424,0.478,2000,0.3965000000000001,franka,0.8745
1d702f4c5ec44f37bfa6ebafca3275a5,0.953,2000,liquor,0.03305799914657247,0.821,2000,0.132,franka,0.953
56414f33231949beaf58e05095e1acbe,0.784,2000,wineglass,0.02303607339426978,0.804,2000,-0.020000000000000018,robotiq,0.804
27bce186f25a4316a7c6345cbc749b88,0.3515,2000,giant_panda,0.0090216423050406,0.486,2000,-0.1345,robotiq,0.486
f8e991a5a44a465cb9997af2308f7a8c,0.10301650540694365,1757,postbox_(public),0.024795290422928107,0.2235,2000,-0.12048349459305635,robotiq,0.2235
87c189f61957456fb9cf08475554e358,0.8535,2000,pipe,0.0008493322710891349,0.4825,2000,0.37100000000000005,franka,0.8535
29c1dee5992e485891703501f457a613,0.9415,2000,ambulance,0.046656926414395984,0.722,2000,0.21950000000000003,franka,0.9415
f61b549e1980446498df40ba6f21999e,0.603,2000,figurine,0.0003596423288653256,0.496,2000,0.10699999999999998,franka,0.603
24966191cff0474facf8e56dcee453bf,0.8845,2000,cone,0.001695132373588381,0.4655,2000,0.41899999999999993,franka,0.8845
285af8e962924feca3d1dc61550aa716,0.1065,2000,cab_(taxi),0.06032633273501936,0.465,2000,-0.35850000000000004,robotiq,0.465
34401b6462e3454189f292f2b03a0d67,0.382,2000,sock,0.0496315878179672,0.5015,2000,-0.11949999999999994,robotiq,0.5015
966784b16f6d4b1b9a85a1bfd2510d18,0.77,2000,gravestone,0.2890596173184546,0.2185,2000,0.5515,franka,0.77
54ea03d661e64b279c7666f2212f3849,0.023,2000,garbage,0.000568076695460202,0.665,2000,-0.642,robotiq,0.665
38036b2af8ae46dc83351fd81b3af1a5,0.4035,2000,candle_holder,0.006373821835213246,0.6605,2000,-0.25699999999999995,robotiq,0.6605
9b3e16a7a2c04ca5907a09e4e4daaac7,0.4955,2000,ladle,0.0002600680404859968,0.487,2000,0.008500000000000008,franka,0.4955
031574a75f51411b9d73c386893ca7a6,0.5515,2000,armchair,0.11178718881845458,0.509,2000,0.04249999999999998,franka,0.5515
ea9c0c4d033a42bab8768294b392a85e,0.881,2000,bullet_train,0.013028451883854087,0.275,2000,0.606,franka,0.881
0084f2a137bd46b6829f136800b6270b,0.911,2000,dumpster,0.03370357837159615,0.959,2000,-0.04799999999999993,robotiq,0.959
d5a9b0df4da3493688b63ce42c8a83e2,0.8135,2000,crow,0.0014081249964974466,0.5405,2000,0.273,franka,0.8135
b405dd9808a04d92b416a02d017c2ff9,0.7735,2000,sofa,0.04746632561635882,0.5945,2000,0.17899999999999994,franka,0.7735
298090ba739e4f5f82ba70d0262283d4,0.9095,2000,flute_glass,0.03125161203351697,0.536,2000,0.37349999999999994,franka,0.9095
e2b4a7374f584924a74b60e896bb1567,0.9325,2000,loveseat,6.559224173549438e-05,0.5865,2000,0.346,franka,0.9325
525b1f5b6fbc47f38f66dfe5ab67934f,0.5775,2000,horse,0.18821981513391117,0.3995,2000,0.178,franka,0.5775
c7d79c5a304a476d87c8014a2f6565cf,0.6815,2000,desk,0.0006150374619380318,0.3455,2000,0.336,franka,0.6815
02d84a6901584cf9ab42cd07c1514731,0.803,2000,pet,0.26279874996263475,0.825,2000,-0.02199999999999991,robotiq,0.825
874d6caf332f4afd9d9d30b43dde2de0,0.764,2000,tank_top_(clothing),0.4210499857763251,0.35,2000,0.41400000000000003,franka,0.764
7bdf6e4f9f9f43b2aaa6befcfc331abf,0.691,2000,gemstone,0.42897586520753067,0.124,2000,0.567,franka,0.691
dec1bb1c2b85451183f33066311e73a8,0.504,2000,squirrel,2.194745033139219,0.5345,2000,-0.03049999999999997,robotiq,0.5345
8aed0b6d92b343869fcfb36853927e49,0.718,2000,igniter,0.07779086946763586,0.2505,2000,0.46749999999999997,franka,0.718
5cd508e9465d4c709d064efc772031ad,0.602,2000,ram_(animal),0.0010147089934654176,0.7325,2000,-0.13050000000000006,robotiq,0.7325
892c3c4705b54efd804377ffad907d0d,0.0,1141,garbage,0.0017555939017153202,0.094,2000,-0.094,robotiq,0.094
77ce9161326f4e4b8615bc0d14754837,0.6865,2000,hamburger,0.09627416431638203,0.2975,2000,0.389,franka,0.6865
d4fc0ce8902d43349f23284a2f654ec4,0.8585,2000,bench,0.00039324113844288634,0.181,2000,0.6775,franka,0.8585
faeab5ae48db457abc390b65f793e961,0.8125,2000,turtle,0.00042583112560737557,0.9755,2000,-0.16300000000000003,robotiq,0.9755
22822988a9324d9dbd18126945e18f02,0.421,2000,telephone_pole,0.0259004522132529,0.3845,2000,0.03649999999999998,franka,0.421
bffff45d3fda434aaba30eb0d5485d73,0.6885,2000,yogurt,0.021232310908843692,0.4405,2000,0.248,franka,0.6885
9a9da7e77f1e4216b86cff73352cb30e,0.785,2000,birdbath,0.04866089216118586,0.1735,2000,0.6115,franka,0.785
356baab40aeb4815878f375262cdd705,0.8615,2000,gravestone,0.008018386755655416,0.474,2000,0.38750000000000007,franka,0.8615
e91308b4723240d99de1870d4de3ef1c,0.4325,2000,bullhorn,0.0009490320249406036,0.3955,2000,0.03699999999999998,franka,0.4325
f05759c515544ea4abc1f61c718c516d,0.9665,2000,heart,0.004995724789257353,0.208,2000,0.7585000000000001,franka,0.9665
1e4d5f1551a94e75b407bb5119fca8c2,0.6685,2000,fighter_jet,0.015625738052564845,0.347,2000,0.3215,franka,0.6685
e970b13897514109879976706967e75d,0.536,2000,teakettle,0.059362275932099015,0.6925,2000,-0.15649999999999997,robotiq,0.6925
6cfe7772bb6f415d88b61135b612b76d,0.8295,2000,headboard,0.07573173530391596,0.3965,2000,0.433,franka,0.8295
1e1cf17d40d947deaa25bfc48effd1b0,0.711,2000,notebook,0.036869552854435494,0.119,2000,0.592,franka,0.711
7d3bd717e22b4ba6bb90333bafe8e173,0.9215,2000,mask,0.014354244275391188,0.068,2000,0.8534999999999999,franka,0.9215
42f2e5cf65a3440e8176873bc24d8d57,0.6775,2000,tights_(clothing),0.033731371901437615,0.4245,2000,0.253,franka,0.6775
ced5d54c132c4ac697d9d37f0e7732db,0.852,2000,rhinoceros,0.032066985073646304,0.775,2000,0.07699999999999996,franka,0.852
a7ebb51ccafe4bf0a97fcdcc1a877ec6,0.7805,2000,pepper_mill,1.3077596605071025,0.5465,2000,0.23399999999999999,franka,0.7805
1850c472a3b944e0a1ad7c1da2ea14cf,0.381,2000,kitten,0.03920915164396796,0.673,2000,-0.29200000000000004,robotiq,0.673
6ca0d62287c2439d9b24ba3179aae960,0.78,2000,domestic_ass,0.04385716703774498,0.6165,2000,0.16349999999999998,franka,0.78
7a8dae0520a445049a9487b1950d838a,0.0,1216,keg,3.5284526858479683,0.207,2000,-0.207,robotiq,0.207
d8bf7bf749784f1ba92c0b174c85c41a,0.8295,2000,lamppost,0.07733580942444129,0.8355,2000,-0.006000000000000005,robotiq,0.8355
deeb1abf8a6b4c44adac7c7589da0df8,0.954,2000,rifle,0.8915339528358246,0.4115,2000,0.5425,franka,0.954
8c375ece6c444908bf8bfe784c332d30,0.815,2000,banjo,0.04646125198774334,0.4815,2000,0.33349999999999996,franka,0.815
c48aa0cc75394a07b5d9a718e23156b8,0.0,241,amplifier,0.06553731087285769,0.013349514563106795,824,-0.013349514563106795,robotiq,0.013349514563106795
c95d35128efd4b34861bd381746671a3,0.906,2000,key,0.0035702609258867826,0.4035,2000,0.5025,franka,0.906
684f3b1f63f74ac8b4465152f1d48d56,0.898,2000,envelope,0.00033550036190474936,0.1075,2000,0.7905,franka,0.898
1df4fe30c19a440286fb56c19ac8fd69,0.967,2000,subwoofer,0.07802313468835678,0.2895,2000,0.6775,franka,0.967
3e562f02fa0c40598438c4236060c2cf,0.1025,2000,jeep,0.025902901680758327,0.406,2000,-0.30350000000000005,robotiq,0.406
b4b640a1b01d41098241c51fb5798d14,0.0,1346,cushion,0.4993418099689807,0.0235,2000,-0.0235,robotiq,0.0235
e57b59b6037643a99662316493a831da,0.7965,2000,kitchen_sink,0.06357904811517684,0.3655,2000,0.431,franka,0.7965
ba4afd4437e2473696ce2d1955694a0c,0.816,2000,motorcycle,0.11571164494433385,0.5075,2000,0.3085,franka,0.816
ce23ebb7eb65459bbdbeaffd9a62584e,0.1995,2000,onion,0.2738113070256769,0.48,2000,-0.28049999999999997,robotiq,0.48
9e0675ca575445a89d98acbdabf123a6,0.1105,2000,spear,0.030046449876901714,0.102,2000,0.008500000000000008,franka,0.1105
561141e945864cc29e2a5758d05e0994,0.9755,2000,thumbtack,0.00021476194426981983,0.672,2000,0.3035,franka,0.9755
b2be25ef306d4be8b613148634bb8c4e,0.964,2000,celery,0.17478872666766881,0.2355,2000,0.7284999999999999,franka,0.964
53ad133a4e8149119fea35f905ebcea1,0.872,2000,baseball_bat,0.0011973717029101752,0.5825,2000,0.2895,franka,0.872
a7106fbdda3b40fab6bf0e15449650c7,0.926,2000,necklace,0.0014189005975645671,0.478,2000,0.44800000000000006,franka,0.926
7646f7866c984898b7e5924025bb032f,0.0,12,wine_bucket,0.000817278460220462,0.0,97,0.0,robotiq,0.0
80cdf4d7d9ed4df3b5d9458357b89000,0.317,2000,cruise_ship,0.03663571466093981,0.384,2000,-0.067,robotiq,0.384
b926f529275c497a970dd8e95c2460a6,0.6975,2000,fire_extinguisher,0.45553276126847,0.3015,2000,0.396,franka,0.6975
d3f2431b849340b98871f1dabc531941,0.274,2000,control,0.03469074536434504,0.407,2000,-0.13299999999999995,robotiq,0.407
bd3ac97071104b64bc388a155b64f79e,0.5065,2000,tank_(storage_vessel),0.010248102030541694,0.5705,2000,-0.06400000000000006,robotiq,0.5705
0c56257ff74e4dc789fa52c5a2620405,0.4785,2000,trampoline,0.03948621478160824,0.221,2000,0.25749999999999995,franka,0.4785
2b7d17764811472595b298f2b328760f,0.3775,2000,hookah,0.0018112750165785187,0.2515,2000,0.126,franka,0.3775
a17baedb219941199b05c8a381059c76,0.0,2000,silo,0.17619883053904306,0.3585,2000,-0.3585,robotiq,0.3585
3317dab62c6e458088a6575ed4c286c0,0.4545,2000,lampshade,8.089425934735597e-05,0.3545,2000,0.10000000000000003,franka,0.4545
286b7eb50e514488b45302304e3ab679,0.9595,2000,runner_(carpet),0.001170707612072008,0.0195,2000,0.9400000000000001,franka,0.9595
47941ec1f8664b57980b1cd6609af220,0.881,2000,chair,0.14310165056454138,0.4245,2000,0.4565,franka,0.881
baddb68ba030434fbaa162e56f11edf3,0.5855,2000,fedora,0.02796287506062523,0.6725,2000,-0.08699999999999997,robotiq,0.6725
5a8c95a1768f4d3ca4ac774c6e63e6ca,0.634,2000,armor,0.0007565289696074043,0.5405,2000,0.09350000000000003,franka,0.634
83adcce7c3d140748082575bbcb4d19e,0.943,2000,beer_bottle,0.007756276340704868,0.536,2000,0.4069999999999999,franka,0.943
67bc83d3e71a432180833eabc4c29906,0.911,2000,radiator,0.04574314544578322,0.1675,2000,0.7435,franka,0.911
f3c14e0c58b14b808c2f2c5cf34736df,0.9105,2000,rifle,0.012946588949865473,0.479,2000,0.4315,franka,0.9105
14a02f73a2a44eb5aafc8bb623d95451,0.793,2000,wig,0.22231375998653824,0.4415,2000,0.35150000000000003,franka,0.793
c4060934d0c241feb8c7ff738db61398,0.388,2000,playpen,0.001593721403248498,0.307,2000,0.08100000000000002,franka,0.388
5aea27c2078740faa9e586410e723a4d,0.879,2000,popsicle,0.03882939920582658,0.3535,2000,0.5255000000000001,franka,0.879
e377d5de7c054d8b91905114ba92861b,0.869,2000,pipe_bowl,0.04342191757574383,0.53,2000,0.33899999999999997,franka,0.869
c45144af966a44c4b242b1e2fdbfdb29,0.9185,2000,can_opener,0.5709792625570287,0.5605,2000,0.358,franka,0.9185
b56b81331886482a9da2126d2d9e1125,0.763,2000,bicycle,0.11445934162381313,0.4605,2000,0.3025,franka,0.763
79eb859310b04ffbaf0e842caccde71a,0.7305,2000,table_lamp,0.0038641938449101433,0.6645,2000,0.06600000000000006,franka,0.7305
046e3307c74746a58ec4bea5b33b7b97,0.0005,2000,toolbox,0.04809391602880932,0.5845,2000,-0.5840000000000001,robotiq,0.5845
4c302192035d40e59b7c0f18bb74f212,0.866,2000,chair,0.07869369185295426,0.6855,2000,0.1805,franka,0.866
91a82a11e9a04589b3ba79a104f2cbf5,0.323,2000,blimp,0.0007180181308329285,0.492,2000,-0.16899999999999998,robotiq,0.492
f19b8b01ac31493bb89958763c00c706,0.5685,2000,lab_coat,0.18839102563145366,0.472,2000,0.09650000000000003,franka,0.5685
46c8760116a342c69eddbe1c0c028b60,0.9075,2000,soccer_ball,0.0021019798570851476,0.369,2000,0.5385,franka,0.9075
7c4651bb7bbe490aa2d0f8c9a1ac7bf0,0.9535,2000,doormat,6.106683257289984e-07,0.035,2000,0.9185,franka,0.9535
528e0d4231ac47a180253652d28f7812,0.899,2000,shopping_bag,0.0021175987288722833,0.823,2000,0.07600000000000007,franka,0.899
891a170bd9b549d6a1d3d8b6f64b9529,0.996,2000,mirror,0.003361185209879572,0.1615,2000,0.8345,franka,0.996
d9176822f72f45f68a3f65e369fdc9d1,0.49,2000,control,0.0012947285301495807,0.5325,2000,-0.04249999999999998,robotiq,0.5325
424f51f77f7c4824a1453d1706f3f914,0.965,2000,remote_control,0.02492038386557951,0.222,2000,0.743,franka,0.965
17639e8d26e344bb89dcc57dda32311a,0.839,2000,snowman,0.03322249165216269,0.845,2000,-0.006000000000000005,robotiq,0.845
ea8fa9c8e5b2410c95425c17074b7a5b,0.947,2000,pole,0.002853084778054506,0.7745,2000,0.1725,franka,0.947
50bd4cc3a141400cb84ea66fd8dfb2a6,0.3785,2000,tablecloth,0.1417108732926357,0.52,2000,-0.14150000000000001,robotiq,0.52
9b7f4eeb5cfd454f836367163ade8ba3,0.731,2000,space_shuttle,0.0019151633358245508,0.2615,2000,0.4695,franka,0.731
7e099001a6204ea1a585d1b33d68bde4,0.308,2000,pickup_truck,0.0004941331940798055,0.4885,2000,-0.1805,robotiq,0.4885
8568f8a081454979898fbae2dcbe03b5,0.8375,2000,chair,0.14438504564329593,0.348,2000,0.48950000000000005,franka,0.8375
cfbfff197509468b94534dbee3e4a287,0.0,452,box,0.1460658142007609,0.0,2000,0.0,robotiq,0.0
b95e29b0b4dc4fdfba81d740b6d5baf2,0.536,2000,horse_carriage,0.00117865950646298,0.5135,2000,0.022500000000000075,franka,0.536
76b8b232c4aa4a91999d949f2cf943d4,0.0,32,apple,0.18945914985457205,0.0,8,0.0,robotiq,0.0
85bc7daeb1d74df981a828b0c232895c,0.954,2000,penny_(coin),0.0026558633027417566,0.911,2000,0.04299999999999993,franka,0.954
1c9866a995084b7ba237b8bcd36f68a2,0.312,2000,clippers_(for_plants),0.009026342177714057,0.5975,2000,-0.28550000000000003,robotiq,0.5975
626cbc01b17f49e2bbf8b0a286ffa0ec,0.919,2000,notepad,0.0012436371083263589,0.915,2000,0.0040000000000000036,franka,0.919
a5def4decf18404cb999ca6b9e22fee2,0.7055,2000,teakettle,0.0694776850914704,0.738,2000,-0.03249999999999997,robotiq,0.738
ba8b7a59eda34d1d9f86667594dae7b5,0.385,2000,squirrel,0.22116801478233275,0.359,2000,0.026000000000000023,franka,0.385
048948358cf94472bd0946621a653709,0.947,2000,mallet,0.019206655811211507,0.5045,2000,0.4425,franka,0.947
3fbe870a98794cf08daeeebf163fdf24,0.0205,2000,shoe,0.001837912056029472,0.34,2000,-0.3195,robotiq,0.34
423923017b6b40a3b98a6988d36f2183,0.939,2000,microphone,0.010091866900949873,0.307,2000,0.6319999999999999,franka,0.939
35c1c29616e146c59a39dcfbd56795db,0.924,2000,newspaper,0.13209915299280914,0.027,2000,0.897,franka,0.924
8ec7d178bdc140c6a20bad2386c8aa1e,0.219,2000,crab_(animal),0.015381419290971745,0.198,2000,0.02099999999999999,franka,0.219
37c810a063e84b93aa4405de11cd2866,0.754,2000,faucet,0.00818132490385811,0.537,2000,0.21699999999999997,franka,0.754
9760df31938f4180940ad814b950d5d8,0.0595,2000,golfcart,0.0075781314997094345,0.297,2000,-0.2375,robotiq,0.297
3577ed950fd1455693c0cd32cff56510,0.9565,2000,wineglass,0.01721772010643301,0.0185,2000,0.9380000000000001,franka,0.9565
f654bfb8ae2b48dfac9ba5b6a86708d8,0.9475,2000,table,0.10854882686933724,0.211,2000,0.7365,franka,0.9475
8a9031ec320e4ec3b25f79039fae1886,0.844,2000,ring,0.013429730754032396,0.368,2000,0.476,franka,0.844
0906b4391bc2490098dbb009e783a699,0.784,2000,candle,0.3694203060923178,0.652,2000,0.132,franka,0.784
1cdad3cea6f64a0a81e02a7aebf4bdf0,0.665,2000,painting,0.5745474581086728,0.3875,2000,0.2775,franka,0.665
e7d86d674e934510bf8a228893729303,0.78,2000,kennel,0.0019002794991659002,0.538,2000,0.242,franka,0.78
40146275463249dd87511ce2422575aa,0.9025,2000,award,0.021723794869344167,0.4425,2000,0.45999999999999996,franka,0.9025
5c512a0a5d23490399725b818f3d5aee,0.7105,2000,cat,0.0048014556505935726,0.4935,2000,0.21700000000000003,franka,0.7105
db4460e67e164cdcb33b0c3ba31c641d,0.628,2000,stagecoach,0.00044962925115293233,0.5455,2000,0.08250000000000002,franka,0.628
e12493a7481548129179d926b9a15b35,0.714,2000,cigar_box,0.17202226449777405,0.0605,2000,0.6535,franka,0.714
a55aa27f5b124dfc8391c6445c49b23f,0.351,2000,statue_(sculpture),0.02748842411086812,0.2395,2000,0.11149999999999999,franka,0.351
605a2c7ebd1b4cd1b47bac9fbdb4c98a,0.6995,2000,alligator,0.04811184151587876,0.3185,2000,0.381,franka,0.6995
aede8475ffc7456db913f0c340696453,0.7115,2000,desk,0.06231106780744519,0.4075,2000,0.30400000000000005,franka,0.7115
a2a9d279102c40eaa6e18d8d8e22dc17,0.8065,2000,wolf,0.016639908095694,0.736,2000,0.07050000000000001,franka,0.8065
ac0eaf563bd2405e93a152554211294e,0.664,2000,elephant,0.0011771103143456353,0.817,2000,-0.1529999999999999,robotiq,0.817
b65cba53888f46a4b3c363f1836d0851,0.003,2000,mug,0.8840106390994746,0.652,2000,-0.649,robotiq,0.652
d147f184ab8a43f29542bf3ec4f10dba,0.8425,2000,water_heater,6.41986517599816e-05,0.7295,2000,0.11299999999999999,franka,0.8425
abeefb84a7de47609539905af497c3fb,0.9785,2000,drumstick,0.1988238468145783,0.404,2000,0.5745,franka,0.9785
ffcdc8ec5cb647b3893a2746bbea929f,0.74,2000,gazelle,0.1450923641643139,0.3835,2000,0.3565,franka,0.74
78dd6c8318ee43ff8d33687267707a54,0.854,2000,book,0.08198429827154351,0.241,2000,0.613,franka,0.854
f65a9fac1fd845c496b3324bed3b61d9,0.484,2000,crab_(animal),0.0459372862009134,0.685,2000,-0.20100000000000007,robotiq,0.685
2fa7c150df1247f191b40dcc8371126d,0.7085,2000,toothpick,0.09738995765661738,0.333,2000,0.3755,franka,0.7085
b782621200834da5ba22c5acb2bc6d5b,0.7005,2000,candle_holder,0.00021575357916047927,0.9025,2000,-0.20199999999999996,robotiq,0.9025
7681ce5abf894b968637585b616e665e,0.7195,2000,cooker,0.004721900848724788,0.759,2000,-0.03949999999999998,robotiq,0.759
b3b2e3d24ca54f888c8c453e3611c255,0.009,2000,heart,0.07808199817788966,0.3025,2000,-0.2935,robotiq,0.3025
f1b2299c7e034451b5e34257246e2bb7,0.543,2000,beanie,0.010392390938519047,0.5405,2000,0.0025000000000000577,franka,0.543
1bd2933b309943febc7e3e2b63a89205,0.9,2000,notebook,0.0049853256571486225,0.069,2000,0.831,franka,0.9
6bb5630e58e145a594a2832affbb2aa6,0.291,2000,pottery,0.00023117962103066738,0.1695,2000,0.12149999999999997,franka,0.291
e7c613a89e5944539139b1333021330e,0.66,2000,camel,0.06477690429408885,0.43,2000,0.23000000000000004,franka,0.66
4293cb6ba9524175b6e4ba3e10e52ec6,0.804,2000,diary,0.12829533320639191,0.1255,2000,0.6785000000000001,franka,0.804
0e16c237a7da44c7a4cd5d63b534540c,0.946,2000,oar,0.20300102629916128,0.3335,2000,0.6124999999999999,franka,0.946
61f957a7bde34eb9ab3896f0cfe6144b,0.059,2000,birdcage,0.03233153794928407,0.591,2000,-0.532,robotiq,0.591
9844f791b54a4f499adad837237fdf0a,0.944,2000,newspaper,0.007113475337473325,0.0775,2000,0.8664999999999999,franka,0.944
cbd8cc04489d41b08c1416c3425cfaf5,0.652,2000,diary,0.274962959120961,0.135,2000,0.517,franka,0.652
bc0a622924c54731aed507c6d907fe6d,0.8245,2000,tape_(sticky_cloth_or_paper),3.3396320565321065,0.4325,2000,0.392,franka,0.8245
a331b3d7b0fe44b89cafd9f8821ee8a2,0.3505,2000,plow_(farm_equipment),0.04861515867783694,0.4865,2000,-0.136,robotiq,0.4865
258a3d42ec59460daa6805fdad354c9c,0.6625,2000,bulldozer,0.009194050225238204,0.735,2000,-0.07250000000000001,robotiq,0.735
dfcd15bef17e4e3996809a5723482f8f,0.4495,2000,basket,0.05815941769615764,0.313,2000,0.1365,franka,0.4495
c077d30ffebc4e179a8f2a30caf4317c,0.2865,2000,sugar_bowl,0.020651403197718896,0.0145,2000,0.27199999999999996,franka,0.2865
eb0807309530496aaab9dcff67bf5c31,0.903,2000,doughnut,0.6417856807302975,0.9915,2000,-0.08850000000000002,robotiq,0.9915
921e4467c7904b21af139862e691eac0,0.928,2000,ax,0.009988907986773893,0.699,2000,0.2290000000000001,franka,0.928
575b69e4b20847bf9a59c10345cacc65,0.8645,2000,dish,0.002449607564929766,0.2765,2000,0.5880000000000001,franka,0.8645
4183c8164e7c4336a44899feb51aaeaa,0.8365,2000,headset,0.026102717066290262,0.682,2000,0.15449999999999997,franka,0.8365
cb917aa0cf024ef3a8022385c05ee1af,0.2045,2000,earring,0.00010655026568210886,0.2575,2000,-0.05300000000000002,robotiq,0.2575
980abc395d744207b89999989d11fe3a,0.8755,2000,canoe,0.001040294833638441,0.438,2000,0.43749999999999994,franka,0.8755
ee8d0281536a472c9b0bf6ad4ce880c8,0.317,2000,dalmatian,0.06505740020608837,0.4055,2000,-0.08850000000000002,robotiq,0.4055
5370fb64a0e9493aaa350fec85207fbb,0.195,2000,helicopter,0.00010223517090506792,0.085,2000,0.11,franka,0.195
7ea465a1489c4b12bb5a8ff33325cccb,0.7705,2000,bunk_bed,0.00046781145724399977,0.6685,2000,0.10199999999999998,franka,0.7705
b581cd5112214abb847796710b91671b,0.889,2000,Lego,0.5814206599817209,0.7635,2000,0.12550000000000006,franka,0.889
9f1ed56c02a04fd9b6acd2aacfe3d5cb,0.4705,2000,mask,0.0005156548521320608,0.7195,2000,-0.24900000000000005,robotiq,0.7195
84f961ce13974fcab4d65dcfb3ce0e26,0.8905,2000,coin,0.1085463303706708,0.045,2000,0.8454999999999999,franka,0.8905
7373dd044c5c4b7887caa91b10f0bd15,0.962,2000,card,0.0012944953280847867,0.098,2000,0.864,franka,0.962
1ce74ac683d44784afcdd95c4702d239,0.7825,2000,dinghy,0.00014140928228926044,0.749,2000,0.033499999999999974,franka,0.7825
cbd406d01c8d45a3ab2bc66855f8c955,0.6065,2000,blouse,0.013355869168822218,0.3885,2000,0.21800000000000003,franka,0.6065
ac469ebf4a7841eeb0e2997825ea46f5,0.731,2000,sponge,0.09590632925598158,0.5475,2000,0.1835,franka,0.731
04a47d898e704e1a809d24433c409bf5,0.9015,2000,lamppost,0.018097006081033307,0.6065,2000,0.29499999999999993,franka,0.9015
08889596bcba4a2ab09f3533d7cf14f3,0.09,2000,kitten,0.22547058833434322,0.27,2000,-0.18000000000000002,robotiq,0.27
6bad08ab16ff43fcad74f9c0c05160d1,0.814,2000,tripod,0.00029025182339512297,0.516,2000,0.29799999999999993,franka,0.814
71199b86b8874de5a8823453c266e0e8,0.9955,2000,penny_(coin),0.08493184736288995,0.119,2000,0.8765000000000001,franka,0.9955
6d43731dcae44371bd7917b52be2f52f,0.955,2000,runner_(carpet),0.001207127085798233,0.0045,2000,0.9505,franka,0.955
21ec37b286474fedb43307f6f289269e,0.198,2000,ottoman,1.2825342650370253,0.235,2000,-0.03699999999999998,robotiq,0.235
092e352fcf0d41ea87d084deec3c5625,0.7365,2000,lightning_rod,0.002585285296134365,0.4625,2000,0.274,franka,0.7365
00b2c8c60d2f45a893ee73fd1f107e27,0.9465,2000,liquor,0.0326501886554331,0.403,2000,0.5435,franka,0.9465
71882e981b164d34a2ecf1bd614a2d31,0.0,211,kennel,0.0342228136903253,0.0,2000,0.0,robotiq,0.0
b06080e80c294565a0f0d978e4c30ded,0.7375,2000,suit_(clothing),0.0644916823532479,0.1905,2000,0.547,franka,0.7375
a14d471ffda04d38a1910b9ef87e8dff,0.8775,2000,laptop_computer,0.07692787375679253,0.0675,2000,0.8099999999999999,franka,0.8775
acd8ae7c85044c74abf8514b977deb65,0.705,2000,chair,0.05832644740895157,0.7035,2000,0.0014999999999999458,franka,0.705
0b168196d835416d89d89302548273c1,0.5015,2000,radar,0.006454436040057019,0.473,2000,0.02849999999999997,franka,0.5015
1765a8a8921947f8a9124badcc28aa23,0.58,2000,pumpkin,0.0004575274002377745,0.983,2000,-0.403,robotiq,0.983
f8ae73f41a6f40259d9d811f525ee745,0.798,2000,wolf,0.0022869978582254237,0.5005,2000,0.2975000000000001,franka,0.798
8348e83531b0408a97a28ea7ea4e169c,0.0965,2000,bulldog,0.012590405408793165,0.596,2000,-0.49949999999999994,robotiq,0.596
5d300f7c06834fe3b8f11b3c8817e7a5,0.67,2000,drill,0.4531390850105867,0.232,2000,0.43800000000000006,franka,0.67
557bc13b763c4f51bccc831c7cc1119c,0.9725,2000,computer_keyboard,0.0069643046680438825,0.4295,2000,0.543,franka,0.9725
3c009bb478e24ecf80f5be96f88f22c6,0.825,2000,skateboard,0.0037285558042230984,0.2905,2000,0.5345,franka,0.825
ec9a413d88f84cc7ba9106e476276409,0.8655,2000,water_gun,0.03122281475482116,0.422,2000,0.44350000000000006,franka,0.8655
0ecb3119b8894cc1baaacd0830b55b3b,0.895,2000,chair,0.042194825925698586,0.5325,2000,0.36250000000000004,franka,0.895
84a8483b74014517a9e80fb9cb5683a0,0.926,2000,tomato,0.03367614246436349,0.55,2000,0.376,franka,0.926
878df3bb45804a2fa246034420d03cfa,0.9545,2000,booklet,0.7580835222281047,0.6045,2000,0.35,franka,0.9545
8cfad14dc1cd4a418e31d0a10e52b079,0.878,2000,potholder,0.18901493857486867,0.0515,2000,0.8265,franka,0.878
397d2d4dec1e4535aff0254beea5cb77,0.9105,2000,sword,0.0005789998156423886,0.4205,2000,0.49,franka,0.9105
66e162a4c38640789598d41f923ad722,0.782,2000,water_jug,0.005210620143809622,0.26,2000,0.522,franka,0.782
418bc9b5d4a04ffabdfc65df242b67c9,0.7455,2000,clothes_hamper,0.08171380209596985,0.451,2000,0.29450000000000004,franka,0.7455
435bab21e6494be28fd4106e58772674,0.4565,2000,pug-dog,0.16037559607095808,0.4095,2000,0.04700000000000004,franka,0.4565
d9374c880c80434da39cb7d3aa420477,0.856,2000,control,0.00869697343949277,0.8245,2000,0.03149999999999997,franka,0.856
c5bdec662adc4beab4e925551a34fdf3,0.8675,2000,lamb_(animal),0.1131560810865963,0.673,2000,0.1945,franka,0.8675
a8dd30124e9d4c32a77fc5c4b8c689bd,0.0,474,speaker_(stero_equipment),29.90950001282815,0.38343881856540085,1896,-0.38343881856540085,robotiq,0.38343881856540085
a4ea5742827e426fb213410cfa001174,0.7635,2000,grizzly,0.03742419089974465,0.954,2000,-0.1905,robotiq,0.954
f926b7290db44b77a66d5c72a35f8b4e,0.3835,2000,pop_(soda),0.03951000641137056,0.172,2000,0.21150000000000002,franka,0.3835
a06b6613ae2a4f61b15a66f6c8b8c92a,0.7315,2000,router_(computer_equipment),0.027344552476271503,0.658,2000,0.07350000000000001,franka,0.7315
660a71e0c4c647748f927613a669a233,0.8255,2000,checkbook,0.0016347475491161117,0.0475,2000,0.778,franka,0.8255
c0686894c7c64a95ba1b03a0db5a82e7,0.746,2000,bowler_hat,0.0007997699183365427,0.244,2000,0.502,franka,0.746
2176cf8cab7745e5b145bcdfcff950ce,0.6905,2000,lion,0.00031301334873429617,0.843,2000,-0.15249999999999997,robotiq,0.843
28c7af955b8547ce92264df91c1983d8,0.3905,2000,teakettle,0.09282080419364801,0.428,2000,-0.03749999999999998,robotiq,0.428
916dde37ea224f1fb83f74bb75341317,0.5645,2000,platter,0.18095417189778665,0.0905,2000,0.474,franka,0.5645
a5f57d3736584c44b221a181d558dc39,0.0,1948,playpen,0.196088282924647,0.214,2000,-0.214,robotiq,0.214
43ec6a3241df4279ae477a2ccea3ef05,0.9235,2000,dress_suit,0.3072958210657104,0.1295,2000,0.794,franka,0.9235
9305e4bfbb3f4224ab8fc091ffeadc80,0.785,2000,crown,0.0043319079272622785,0.2395,2000,0.5455000000000001,franka,0.785
a9bffee2cac14831a5190d8f9252eb71,0.0,29,seashell,0.2836205118753395,0.008,2000,-0.008,robotiq,0.008
21fc2bf84daa45d79e483655997d58b5,0.848,2000,awning,4.389171405724347e-05,0.738,2000,0.10999999999999999,franka,0.848
e342b1cda2d040ee973b25503acbd3f8,0.9015,2000,toilet_tissue,3.142883662938615,0.9595,2000,-0.05800000000000005,robotiq,0.9595
f6988feef75e42b7acf028cb310407c3,0.7785,2000,squirrel,0.0006667336608173776,0.5665,2000,0.21199999999999997,franka,0.7785
3071a0b4ade44e7887f97664152575a9,0.745,2000,waffle,0.06112623785595288,0.5775,2000,0.16749999999999998,franka,0.745
766b9386506c40c7862a9b32234298c2,0.474,2000,teapot,0.08511291572811965,0.591,2000,-0.11699999999999999,robotiq,0.591
7e87642c9805464aacdd8c5bfe36a323,0.93,2000,wineglass,0.0375312377600425,0.598,2000,0.3320000000000001,franka,0.93
77eb557575c147708f0e07b487055690,0.0,2000,dumpster,3.57994787940081e-05,0.179,2000,-0.179,robotiq,0.179
e83a068816b64c38b947abbee973b202,0.3585,2000,bowl,0.1735721663174717,0.041,2000,0.3175,franka,0.3585
d8bf00993fcb4ee39c63e5c567d5e53c,0.683,2000,handbag,0.02375474520218325,0.4895,2000,0.19350000000000006,franka,0.683
4c656b98557f433499726238dfa8eaa5,0.3875,2000,tank_top_(clothing),0.0013167835808081984,0.192,2000,0.1955,franka,0.3875
857e60a63bd24c73830d8e7b68ed216a,0.635,2000,chair,0.07947690555923813,0.281,2000,0.354,franka,0.635
48d339f788aa4ffe8c78d9946c8af44c,0.8415,2000,puppet,0.08416524912620042,0.4915,2000,0.35000000000000003,franka,0.8415
d914d958f6b844f9aea3fa18208b6093,0.482,2000,reflector,0.009790478414513833,0.1065,2000,0.3755,franka,0.482
cd8d26b2cb8341be8617b13a5ae74be8,0.839,2000,dirt_bike,0.0019417173219337036,0.27,2000,0.569,franka,0.839
0e2d79b42d9b4147aa4414ddd1cd61f6,0.57,2000,bedspread,0.012747319006861893,0.144,2000,0.42599999999999993,franka,0.57
6d99c6c1a8bc4b3e97cebbc49d62115d,0.7025,2000,banana,1.2776385117848703,0.345,2000,0.35750000000000004,franka,0.7025
0bd1914cc9864973956c51a821f8c619,0.721,2000,popsicle,0.001643504325270999,0.4925,2000,0.22849999999999998,franka,0.721
386b1f6f4f7543568fe541f86b4e063f,0.0,571,keg,0.002087100957773229,0.0205,2000,-0.0205,robotiq,0.0205
ef9ab39abd2946a29f94a1b670a9063b,0.92,2000,earphone,0.007644048265554352,0.05,2000,0.87,franka,0.92
679b2b3572d74da3b6fdd52d621963d3,0.3935,2000,beanie,0.17648755118068976,0.0425,2000,0.35100000000000003,franka,0.3935
b96042deae774f45a81bbe60727769cf,0.9465,2000,calculator,0.012197259975701624,0.583,2000,0.36350000000000005,franka,0.9465
12a6d48ad07b48a6b86a207662151e06,0.4605,2000,cast,0.012218937216175414,0.468,2000,-0.007500000000000007,robotiq,0.468
0ddc5b75bc3941fe8822e79aa3244ab1,0.589,2000,drum_(musical_instrument),0.0015008424165699511,0.213,2000,0.376,franka,0.589
fc62c6020b2f4b10823634d5116805ab,0.4565,2000,soya_milk,2.2945252138825927,0.152,2000,0.3045,franka,0.4565
0d79bad60595405c8690a4e9cdde47cb,0.7655,2000,cooking_utensil,0.00021683017109064179,0.6335,2000,0.132,franka,0.7655
8fe316b8474c4d8aa86860eaef2702f4,0.668,2000,ladder,4.2266022020737183e-07,0.5455,2000,0.12250000000000005,franka,0.668
a331ca50b4d44c02be1db4a3e7a0ca9e,0.6195,2000,mascot,4.189041335538791,0.491,2000,0.12850000000000006,franka,0.6195
8dc1904184114fa28f957f4031fbf83a,0.957,2000,knife,1.8971041398306496,0.346,2000,0.611,franka,0.957
ecd9399625ae46faa718d6838f3d9570,0.7415,2000,paperweight,0.060132928100522454,0.1065,2000,0.635,franka,0.7415
562f7696a58843cba62c794444b7b748,0.8115,2000,salmon_(food),0.2282580476346313,0.1835,2000,0.628,franka,0.8115
e028200c278246399b15e7825f750a9c,0.8895,2000,napkin,0.14933210687101153,0.038,2000,0.8514999999999999,franka,0.8895
6cf216e7c4b44eeeb8c32286c2ad3508,0.801,2000,turtleneck_(clothing),0.03592794443856189,0.443,2000,0.35800000000000004,franka,0.801
9ac3804f84b84c8db8cbf39cef76faf6,0.943,2000,measuring_stick,0.00652293076054764,0.5875,2000,0.3554999999999999,franka,0.943
807c059e0580473490770ea1847e51ae,0.8895,2000,shovel,0.00014752191537699993,0.4405,2000,0.44899999999999995,franka,0.8895
06111598a57045008e5f3367eaf58873,0.0,2000,milk_can,0.11719632251600558,0.0695,2000,-0.0695,robotiq,0.0695
2c438bd8848740f8992ef2985e3ebdc9,0.0,650,vending_machine,0.14878005793683263,0.01,2000,-0.01,robotiq,0.01
63cf7909e5ef44c9966b6a1f6ceb4752,0.821,2000,beeper,0.008868753856295803,0.0855,2000,0.7354999999999999,franka,0.821
f2536b8f11b84cf3bc3c5f72cd887aba,0.9245,2000,parachute,0.2551345748437092,0.48,2000,0.4445,franka,0.9245
d69a8d74eb72414aae505d4d51a3002a,0.693,2000,tablecloth,0.0015570344344398182,0.416,2000,0.27699999999999997,franka,0.693
bbb5020467514e8781918234943dfdc6,0.9495,2000,cassette,0.21501579315773062,0.132,2000,0.8175,franka,0.9495
6e22f0a4099c448c80ab8dead3a82155,0.797,2000,dress_suit,0.00030074500760864933,0.4985,2000,0.29850000000000004,franka,0.797
9587de3156554dc0bb39cfdef2bf682f,0.816,2000,canteen,0.002293890209654999,0.534,2000,0.2819999999999999,franka,0.816
1f9aed934b2f4ca59eb2f8bf6e4b8290,0.92,2000,pen,0.031836844076573535,0.238,2000,0.682,franka,0.92
6c35649cfcd74afd924690814d79e755,0.6685,2000,butterfly,2.603861262850949,0.472,2000,0.1965,franka,0.6685
688855d765b84371b52e9f68ae5593e0,0.8915,2000,blouse,0.000888430880662221,0.678,2000,0.2134999999999999,franka,0.8915
40f6d5d6721f470eb9e4d802335cfea4,0.0915,2000,whipped_cream,1.5367649209325729,0.1,2000,-0.008500000000000008,robotiq,0.1
e38557286d5b41049dc972ccc5bd7e39,0.945,2000,dagger,6.752017763777011e-05,0.4345,2000,0.5105,franka,0.945
495b1cb96b1b479da86c8ffb7e513ba8,0.0,66,tartan,0.03190767017633831,0.679,2000,-0.679,robotiq,0.679
1570ecb3f99e46eea13eb6d5b980ae7e,0.9435,2000,bear,0.04349559915772207,0.068,2000,0.8755,franka,0.9435
609200b0c7af4f40815ea1cefe6f7e0a,0.151,2000,birdcage,0.4793397871616941,0.5595,2000,-0.4085,robotiq,0.5595
33e63cc6647c42b7a53c5cb1001bff87,0.9285,2000,umbrella,0.010761854844867566,0.467,2000,0.46149999999999997,franka,0.9285
f5697200004840e499702cd40dedebf4,0.6955,2000,lion,0.09251597686538705,0.185,2000,0.5105,franka,0.6955
9146eb43193c47f0afee92b8d319b3c3,0.0,9,carton,0.026879024947459494,0.23,2000,-0.23,robotiq,0.23
d361a461f05d4c5e8df00f6b8df9686c,0.0,2000,bread-bin,0.2708159484303924,0.071,2000,-0.071,robotiq,0.071
eb9b47bddcf5412380178455f0c1fb62,0.6775,2000,breechcloth,0.10145410915851966,0.504,2000,0.1735,franka,0.6775
81a6758d93024a2d9fd31f804a4b395c,0.386,2000,figurine,0.07942795487970149,0.3845,2000,0.0015000000000000013,franka,0.386
74f04332ea4a4a02af086f27f65ee30e,0.869,2000,envelope,0.0022631391153037743,0.8365,2000,0.03249999999999997,franka,0.869
61bb272c9ea149e18511c2e9c6a77d49,0.936,2000,keg,0.09361633549929996,0.889,2000,0.04700000000000004,franka,0.936
2cc9988bfb09440f9b4bc4931f531971,0.667,2000,dustpan,0.0023146135875632525,0.5065,2000,0.1605000000000001,franka,0.667
386aba5ab8cc4f048e5742a6b054071a,0.84,2000,boiled_egg,0.007463185473444503,0.5975,2000,0.24249999999999994,franka,0.84
c6cd39ea5e194651aeb6d960b4c993a3,0.833,2000,tablecloth,0.011821717912145972,0.2135,2000,0.6194999999999999,franka,0.833
5dd23327f3d846c687e89bf8228d872f,0.486,2000,pool_table,0.00012077091325529822,0.194,2000,0.292,franka,0.486
9970c928900840e182d466d83a7e56f8,0.0,2000,triangle_(musical_instrument),0.004931946432412173,0.27,2000,-0.27,robotiq,0.27
dd9986feaa144141b6c8cabc8cc7faa5,0.65,2000,quiche,0.2605476201780327,0.211,2000,0.43900000000000006,franka,0.65
49feb4af7ad9484c94a13b6653aa9f81,0.5735,2000,bow_(decorative_ribbons),0.42365852604700827,0.4285,2000,0.14500000000000002,franka,0.5735
48ecdf7441b6496c97a91c1a87c949e7,0.811,2000,bicycle,0.06173873941532377,0.535,2000,0.276,franka,0.811
b7d60407f41a4db5ba6f69320c5f5060,0.4875,2000,boat,0.005892095389730689,0.4125,2000,0.07500000000000001,franka,0.4875
5c47b26f85eb4659af66c10c568c1df3,0.7485,2000,compass,0.0036585575624902486,0.1385,2000,0.6100000000000001,franka,0.7485
054738a828404745b7333877f6f5e0a7,0.8735,2000,pumpkin,0.023563386410600354,0.532,2000,0.3415,franka,0.8735
bc52aa4d98744f999c1e1e5046addfe7,0.6155,2000,puppy,0.04195610084536568,0.4905,2000,0.12500000000000006,franka,0.6155
9fcbf84a8d024ed5b088457376bb53ab,0.5595,2000,ladybug,0.0025430423285505085,0.323,2000,0.2365,franka,0.5595
47d019b5d3244cceb63fd47e6fdf5410,0.7585,2000,heart,0.0007378823691303854,0.5695,2000,0.18899999999999995,franka,0.7585
8b7831b323234d70b8a553b67de90ed2,0.9145,2000,banana,0.002470516034511843,0.6685,2000,0.246,franka,0.9145
fe643f106a794fa09cd490b51eb689d2,0.605,2000,chocolate_bar,0.0005632017487796247,0.514,2000,0.09099999999999997,franka,0.605
1f4ad051c7eb4d62aabb554c2f96a228,0.9255,2000,flag,0.6022916725743718,0.351,2000,0.5745,franka,0.9255
768da275f1574b36aeac4ff3b0af9a55,0.9195,2000,cup,0.0004381446315298137,0.67,2000,0.24949999999999994,franka,0.9195
a35c18272af64e6db8188c6f1a15136a,0.856,2000,chaise_longue,0.11433465802852336,0.403,2000,0.45299999999999996,franka,0.856
1dcebebd1e5f4642b309294eee8b1bd3,0.9785,2000,cover,0.06774151651426205,0.2245,2000,0.754,franka,0.9785
70c1759794534b79bb7efa9b40e79c9c,0.186,2000,puppy,0.0002771588930008745,0.1655,2000,0.02049999999999999,franka,0.186
fd40add519e541e5a9aa882397e25997,0.4065,2000,handcart,0.009330361989754858,0.1735,2000,0.23299999999999998,franka,0.4065
aa96f905533044bb97ca639444c44597,0.0,873,owl,1.0187497752780574,0.2395,2000,-0.2395,robotiq,0.2395
53ef79b8097248b3b77081d031486db7,0.8075,2000,chair,0.17846012423675875,0.3795,2000,0.428,franka,0.8075
4189fb8e955a4999a268b071cbc7098e,0.6495,2000,pop_(soda),0.005784329915517128,0.7895,2000,-0.14,robotiq,0.7895
23df23edda25472994f6665b612e7ab4,0.979,2000,desk,0.01734519608734639,0.0695,2000,0.9095,franka,0.979
a0df60746f1641ba9c60559077703533,0.8305,2000,dog,0.02179065450318382,0.561,2000,0.26949999999999996,franka,0.8305
2cb8488d2bd24bf991053aba6798f869,0.5985,2000,eagle,0.0006068803946100396,0.2855,2000,0.31300000000000006,franka,0.5985
f577556c8cd04319b120dd945e33aa3e,0.8565,2000,Tabasco_sauce,0.006674146912925283,0.4315,2000,0.42500000000000004,franka,0.8565
e7b123784dc14a26b25a384400339b7f,0.0,967,cider,0.3219128779620388,0.0,2000,0.0,robotiq,0.0
4d7ed627b1834922bdefafca91e54796,0.561,2000,rabbit,0.30748703868808036,0.596,2000,-0.03499999999999992,robotiq,0.596
b0c489d1f7f74c2c9a7fb8cc86663989,0.252,2000,barbell,0.06797088648976245,0.314,2000,-0.062,robotiq,0.314
5f674ac6a3ed47109fa598fd6ead408c,0.7455,2000,tomato,0.00945144026636985,0.6965,2000,0.049000000000000044,franka,0.7455
55d534750aa941a981896f8c31d50d16,0.71,2000,chessboard,0.00012193755363639592,0.3385,2000,0.37149999999999994,franka,0.71
b8932befffdd4992ba20afbd91e65029,0.857,2000,wall_clock,0.11225663750147867,0.162,2000,0.695,franka,0.857
7d572663201440f29ee52ae87e1a7bd5,0.8625,2000,racket,0.004219739349744897,0.615,2000,0.24750000000000005,franka,0.8625
fabd9b92e1b74467aa5120f52e8c32ab,0.6715,2000,comic_book,0.5771996204131059,0.3705,2000,0.301,franka,0.6715
296da41f47534f98ae2d3b958d4c4f98,0.6725,2000,squirrel,0.051894468519347245,0.7515,2000,-0.07899999999999996,robotiq,0.7515
d7c705d3773d4642bee7bfea7820dc87,0.9035,2000,pear,0.002543867859130166,0.996,2000,-0.09250000000000003,robotiq,0.996
031ec8b3708d40979d32e5fcc96a8c3b,0.536,2000,necklace,0.005459772195657796,0.265,2000,0.271,franka,0.536
33304ead62d64efbabd179e94b9b33e1,0.7565,2000,diary,0.08186754869377352,0.3225,2000,0.43399999999999994,franka,0.7565
603f6559d0cc4152aadf0d8cd8e299e0,0.7255,2000,cardigan,5.711419903881779,0.4845,2000,0.24100000000000005,franka,0.7255
a91492359e664c3f8010a041b2d05de8,0.8785,2000,router_(computer_equipment),0.0010568301251324568,0.1685,2000,0.71,franka,0.8785
6d7f2518e42b49baad0ad1f3cb2597af,0.558,2000,gameboard,0.00012781518257057092,0.0965,2000,0.4615,franka,0.558
fa6642c122d14a728eca409ff2b8d2da,0.0,71,water_heater,0.4439306530386973,0.06,2000,-0.06,robotiq,0.06
f027d6138adf44ef974a9aac44407cfe,0.941,2000,chopping_board,0.017636085713298326,0.6885,2000,0.25249999999999995,franka,0.941
79a3902f37f2482c97520f3f19e419ab,0.471,2000,glove,0.07450614976248511,0.526,2000,-0.05500000000000005,robotiq,0.526
dd5a6fdd09ec4ebb9af3453bb651397a,0.565,2000,cupcake,0.028449366361902394,0.703,2000,-0.138,robotiq,0.703
87fb36edceaf4d62ac679b38bc919afc,0.9255,2000,business_card,0.00423135184355515,0.0605,2000,0.865,franka,0.9255
e0d993974f054f0a838d43323de8140b,0.5075,2000,tractor_(farm_equipment),7.059038042376901e-05,0.4395,2000,0.06799999999999995,franka,0.5075
7e51da3a75aa4334bb0dda4c5b7b899f,0.793,2000,mound_(baseball),0.0011006372343250043,0.116,2000,0.677,franka,0.793
e2ee65bf1c8b40ac8b78fe6a1e392575,0.00156128024980484,1281,cooker,0.40344559731198,0.0045,2000,-0.0029387197501951597,robotiq,0.0045
d6c0191439214e1e899c4ad1ea77fa74,0.5865,2000,figurine,0.2697140690945845,0.334,2000,0.2525,franka,0.5865
211ab520b68640a883ed9e2829f9b49f,0.6095,2000,bulldog,0.0773241321479762,0.607,2000,0.0025000000000000577,franka,0.6095
c89f01b2d4bc4a27981d26ddb9b0e49d,0.8505,2000,wolf,0.028069771449779478,0.6935,2000,0.15700000000000003,franka,0.8505
34920ca3027c440d80047bc466a746f1,0.7015,2000,pajamas,0.0915630585550325,0.5915,2000,0.10999999999999999,franka,0.7015
c23e91ab16e0450e8832d7bd4baaa326,0.8245,2000,starfish,0.09337103757602148,0.582,2000,0.24250000000000005,franka,0.8245
1edb8ced7a73417fad2ca97a1b6b5d23,0.7725,2000,giant_panda,0.0006365228601143411,0.7575,2000,0.015000000000000013,franka,0.7725
bfcf7b1990c14e849661a00bd8b55620,0.7195,2000,puncher,0.07212829670105896,0.3125,2000,0.40700000000000003,franka,0.7195
c8c312861f994d3ab10efebaef4a3d62,0.7295,2000,candle_holder,0.5226902451896266,0.4945,2000,0.23500000000000004,franka,0.7295
4ce462bf14334aeaaa3ba403f07f6f3f,0.8365,2000,headset,0.0019891431140752667,0.2305,2000,0.606,franka,0.8365
37cb8499613848dea45cd7d53d73c086,0.7855,2000,knob,1.0947244182618432,0.4375,2000,0.348,franka,0.7855
0b9e0fa4f17e4ebcbddbe7ff44cad963,0.549,2000,chicken_(animal),0.03660595154413153,0.6535,2000,-0.10449999999999993,robotiq,0.6535
2b07765da4be4fae8862e71efc77ef3a,0.668,2000,aquarium,0.008594326298961506,0.5605,2000,0.10750000000000004,franka,0.668
b0c48556bcb044949f8e213bad45967a,0.663,2000,apron,0.0016341592067778661,0.4745,2000,0.18850000000000006,franka,0.663
1fb892972d5041b2995f4ae940edd923,0.444,2000,sweater,0.07010194318623165,0.28,2000,0.16399999999999998,franka,0.444
c13d7df71b4748df94470ff00aa67567,0.668,2000,Rollerblade,0.13716225110809954,0.4945,2000,0.17350000000000004,franka,0.668
6d37d06dd4c84fd68fa212e82c8d27bf,0.0,2000,ram_(animal),0.0036733875696965987,0.8485,2000,-0.8485,robotiq,0.8485
834b6b22df6e4925a94b2517201fe702,0.9375,2000,arctic_(type_of_shoe),0.008480580551077775,0.215,2000,0.7225,franka,0.9375
c0951700653e4e978ef6199c38d07012,0.849,2000,bench,0.16740510770010741,0.514,2000,0.33499999999999996,franka,0.849
eebf5f172f174113a6ab7934e3156fcb,0.6435,2000,minivan,0.03440494673514681,0.4415,2000,0.20199999999999996,franka,0.6435
266fb75edcf94c249ccc81b67c793afb,0.525,2000,dish,0.0004183150489816184,0.025,2000,0.5,franka,0.525
3177fdf2630c4922a43fecb876d96e1d,0.6625,2000,chair,0.0599000216889579,0.8065,2000,-0.14400000000000002,robotiq,0.8065
db618e3f97d641bf9ba04af3f84eb059,0.487,2000,teddy_bear,0.07263671054949336,0.4275,2000,0.0595,franka,0.487
ea52f1800e814b7eb9df555d8cf46725,0.5015,2000,chopstick,0.0068462301930025575,0.2795,2000,0.22199999999999992,franka,0.5015
8b9955cbbbac4615be02728d2fda6106,0.939,2000,banana,0.06205201995973462,0.706,2000,0.23299999999999998,franka,0.939
e1badb6d32ac47de8ef38e9f4dad79a6,0.944,2000,armband,0.0008859469549268275,0.607,2000,0.33699999999999997,franka,0.944
e359db2718214aa58808e1fd88a26cca,0.9355,2000,ax,0.03616686976645824,0.329,2000,0.6065,franka,0.9355
2e138fb06d494f80b64d8dd5d665988b,0.5255,2000,fork,0.08673266023364834,0.4425,2000,0.08299999999999996,franka,0.5255
0331d321e5e5498b9275402736b406e4,0.683,2000,martini,0.047817049518168044,0.734,2000,-0.050999999999999934,robotiq,0.734
a329c478088e4e47bdd26747f06da880,0.8475,2000,pocket_watch,0.0027402121827284293,0.867,2000,-0.019499999999999962,robotiq,0.867
5dbfd6be3c7e4c8788c3eed8b4cf43b8,0.9195,2000,billboard,0.010448334091865928,0.2955,2000,0.624,franka,0.9195
c93e5655b94343afa12c6b3a1a81823a,0.793,2000,Lego,0.0003953316385564479,0.488,2000,0.30500000000000005,franka,0.793
215eb5d9238b4cef8d730cdfe6403daf,0.8325,2000,sword,0.07817710838263524,0.589,2000,0.24350000000000005,franka,0.8325
38b939e4f09b4870ac6a1495b917bb5f,0.9115,2000,parking_meter,0.019201129428473133,0.2425,2000,0.669,franka,0.9115
7b2ad0c3e4f94d61a46d1e567f30c2a8,0.007,2000,birdcage,0.36072697050668845,0.5315,2000,-0.5245,robotiq,0.5315
3dbccd077e3f41ecb23c81c7f215c156,0.1785,2000,slide,0.012462027275208627,0.1535,2000,0.024999999999999994,franka,0.1785
a5960dbba4b545f89a9c398c54cb68e0,0.8115,2000,chair,0.1436367823352406,0.4725,2000,0.339,franka,0.8115
b547277417184471855155ded759a85e,0.968,2000,fruit_juice,0.25601958222879884,0.7225,2000,0.24549999999999994,franka,0.968
e3c9238c87bf427a8343f685d0483347,0.851,2000,headset,0.0020717723443032417,0.317,2000,0.534,franka,0.851
4565942629194e1da2965d3fe499d0e4,0.735,2000,radiator,0.14261755110457733,0.0955,2000,0.6395,franka,0.735
6294a91fc19b4b908948f8bf571c209e,0.482,2000,keg,0.0003923488471559692,0.62,2000,-0.138,robotiq,0.62
a1e28c3f585a41a990814143e729b915,0.636,2000,honey,0.043433727464638264,0.2305,2000,0.40549999999999997,franka,0.636
dda4c8bcd0674f8191382f9f60aa6cfb,0.3195,2000,cloak,0.007890142400239743,0.448,2000,-0.1285,robotiq,0.448
84c2350e2e54442ea4b7066014759e97,0.9515,2000,blackboard,0.0005548448322347228,0.262,2000,0.6895,franka,0.9515
54d881742c8a4e2ab58c9c013a46dbc1,0.0,500,cylinder,0.005030388724315362,0.107,2000,-0.107,robotiq,0.107
ef682dfee3c946fabebefb616c3bf8c0,0.896,2000,lamppost,0.0007447493701992839,0.3815,2000,0.5145,franka,0.896
4c1fdfa1694c44ba9dbcba8550ec4ca0,0.609,2000,forklift,0.08027723251201582,0.698,2000,-0.08899999999999997,robotiq,0.698
e20c75d76db347d993ab8876c1fddd49,0.7345,2000,balloon,0.05351013315730975,0.6525,2000,0.08200000000000007,franka,0.7345
a03293cb4a80460bb30cbee9257215fb,0.982,2000,flip-flop_(sandal),0.005272663004586776,0.123,2000,0.859,franka,0.982
27e5a88033364be7a4c08ec5343180b6,0.4015,2000,wheel,0.023377957708502126,0.1825,2000,0.21900000000000003,franka,0.4015
51b66585d32142058500fc5001567d1d,0.7955,2000,bus_(vehicle),0.002304038821393749,0.3005,2000,0.495,franka,0.7955
d50b1a00e5e848a1b2505dd2972c3154,0.8055,2000,monkey,0.06330437745653014,0.635,2000,0.17049999999999998,franka,0.8055
b2fd5501ed21496a9b57c8713fd1d464,0.6065,2000,beetle,0.0019163881296025982,0.636,2000,-0.02949999999999997,robotiq,0.636
8dc46265694f4cb484a350d3fbea3616,0.942,2000,rolling_pin,0.0006062734220269292,0.5935,2000,0.3484999999999999,franka,0.942
ff814230abf44128af37ea768b50ff90,0.0,116,seashell,0.18382659908943483,0.0014285714285714286,700,-0.0014285714285714286,robotiq,0.0014285714285714286
21d30beafdd14c7aaedab5047f0707f6,0.949,2000,hammer,0.004321829950825204,0.432,2000,0.5169999999999999,franka,0.949
71853da424aa4b208e14f6cf430339ae,0.4255,2000,lamp,0.10916615449601139,0.2435,2000,0.182,franka,0.4255
70e1c543bc6b4216aaa1a6a88a33c750,0.6095,2000,shoe,0.000435574488362942,0.7215,2000,-0.11199999999999999,robotiq,0.7215
7f0e6574fafc43bc8d34066ac7cb2d77,0.88,2000,suit_(clothing),8.37871157107676e-06,0.485,2000,0.395,franka,0.88
2a3c480e033244578c3bff0fdf9d39dd,0.5705,2000,eggplant,0.0760900192916768,0.2485,2000,0.322,franka,0.5705
66920a4ddc5f4090bc846ea46182b7db,0.026,2000,packet,0.08385993934988689,0.1355,2000,-0.10950000000000001,robotiq,0.1355
19df061c4b2042c6959bc411a3ca100d,0.3,2000,mug,0.04227503006190383,0.095,2000,0.205,franka,0.3
2b88e342ff6b4e67a6bcdc8a0862b268,0.8825,2000,igniter,0.221263386483039,0.492,2000,0.39049999999999996,franka,0.8825
6f7eb2f032d146d6aa70d96d398bf3d7,0.927,2000,lightbulb,0.00021647515350594707,0.7175,2000,0.20950000000000002,franka,0.927
2fa9ab187c754b85810d743cbe003066,0.936,2000,harmonium,0.003366030508991557,0.539,2000,0.397,franka,0.936
798812890dfe4c6eba20d3df5080ac86,0.93,2000,candy_cane,0.024818566969943036,0.6125,2000,0.3175,franka,0.93
caa5374fe52a4e58bded914571311528,0.661,2000,earring,0.051964891063875994,0.6695,2000,-0.008499999999999952,robotiq,0.6695
2f83d2daa5584246ae174b340232ae3c,0.7455,2000,gargoyle,0.00021472279265096953,0.496,2000,0.24950000000000006,franka,0.7455
e67f5d257163448cbb8a5ec78b38aff4,0.01977186311787072,1315,camera,1.775254142382084,0.4755,2000,-0.45572813688212926,robotiq,0.4755
af603ab7f2174a6e98f3c8ff27ef3e5b,0.8795,2000,pole,0.1554064984547891,0.416,2000,0.46349999999999997,franka,0.8795
6a18c6f37a5e4c6bbcd3c707dfadef82,0.374,2000,coil,0.032625804843432894,0.7145,2000,-0.3405,robotiq,0.7145
908d57cd384c4f7986741724bac5a005,0.969,2000,table,0.0033276749999362793,0.305,2000,0.6639999999999999,franka,0.969
ad8a93bbc2a946bb87de2575036a6a69,0.8815,2000,lamppost,0.0004815111126608927,0.6305,2000,0.251,franka,0.8815
6441ba6422b74be0ba70003107ecacd7,0.695,2000,bathtub,0.1911231053503151,0.4335,2000,0.26149999999999995,franka,0.695
b204160d196c44028be0a898d0779de5,0.5605,2000,earplug,0.0012521042562686903,0.9375,2000,-0.377,robotiq,0.9375
bcbaa50489434ad68d5b748792ff30d5,0.9185,2000,steak_knife,0.06873529564819696,0.6315,2000,0.28700000000000003,franka,0.9185
8015ed2937b6422b9f7092a096c9453b,0.5755,2000,horse,0.1359897024929698,0.449,2000,0.1265,franka,0.5755
7ad83b29ff75452f99415fee5b99d993,0.1325,2000,mug,0.13692755106409443,0.108,2000,0.024500000000000008,franka,0.1325
5f906f1ccbde4b399b2f4dbfc497c34f,0.817,2000,shirt,0.004111095958857466,0.5005,2000,0.3165,franka,0.817
21b8fbffd30441729228c177e1e9c492,0.905,2000,basketball_backboard,0.004868021212089887,0.3695,2000,0.5355000000000001,franka,0.905
98bf659f134e4039b0f0187d1395adbe,0.737,2000,crown,0.5600679467573149,0.196,2000,0.5409999999999999,franka,0.737
5a95a3afbf164e26b538de19cdb74ea4,0.839,2000,chair,0.12013055341978561,0.609,2000,0.22999999999999998,franka,0.839
5620efbecd1042f5ad32a6fbb30849d7,0.9185,2000,checkerboard,0.026976555192836902,0.045,2000,0.8734999999999999,franka,0.9185
96da6745b3d04b0fb182e5744c19702e,0.858,2000,backpack,0.01152040187238988,0.6865,2000,0.17149999999999999,franka,0.858
ba3452a9b65b4edbabb2eb6bcd20720f,0.94,2000,stirrer,0.4078735850731308,0.3465,2000,0.5934999999999999,franka,0.94
a5cce410728140c492855a109f219ac1,0.6315,2000,book,0.009020018082776509,0.0295,2000,0.602,franka,0.6315
eb7a7147e72b48348dc5211c4af45f63,0.354,2000,spectacles,0.021456870387382733,0.2685,2000,0.08549999999999996,franka,0.354
ecebd5c1be464d2aae52df96f1e547a7,0.6795,2000,fireplace,0.13303424893081778,0.264,2000,0.4155,franka,0.6795
afcf3a0143f04f219fd1914fc0baef3f,0.4965,2000,sofa,0.014335257259252634,0.397,2000,0.09949999999999998,franka,0.4965
9fbaa630285e496b9a5ab7841d740740,0.212,2000,pencil,0.4087389704503387,0.0015,2000,0.2105,franka,0.212
b4c523b0b00849aba5395d6f28bfb0ce,0.6665,2000,armor,0.010017597784355781,0.632,2000,0.034499999999999975,franka,0.6665
69643553cb794eec90a5d633ddbb504d,0.0015,2000,vase,0.17213899098997965,0.2905,2000,-0.289,robotiq,0.2905
9b4ac1e7593246159e65e4362a9c5de5,0.0,2000,cooker,0.006464967687762153,0.01,2000,-0.01,robotiq,0.01
40fee272465042bb9d91788c916e9502,0.9885,2000,tray,0.0001311294468220279,0.0955,2000,0.893,franka,0.9885
87f85f8e70974d8c8a5cbcdfbffeb176,0.6495,2000,gargoyle,0.07681127375288539,0.32,2000,0.32949999999999996,franka,0.6495
5fa1ad42a31f4ce8b2cd548a33656edc,0.946,2000,pencil_box,0.3465981384738286,0.4205,2000,0.5255,franka,0.946
f790323b83a34e0993a6cc71c5ba189d,0.0,347,beanbag,0.027702550624513163,0.071,2000,-0.071,robotiq,0.071
15fb7902d1b142d6996711e02ea7a357,0.0895,2000,cracker,0.18105734195318085,0.146,2000,-0.056499999999999995,robotiq,0.146
b51c7c0437bb4fb48619b7052dafba4c,0.8965,2000,chocolate_mousse,0.40204078289990086,1.0,2000,-0.10350000000000004,robotiq,1.0
8aea6a87c9d74d47ba2787f779a55561,0.5105,2000,spoon,0.028274881941947664,0.584,2000,-0.07350000000000001,robotiq,0.584
a7414b26948341c9ae5b70e4a2a81aac,0.979,2000,calendar,0.00012220185356220413,0.2235,2000,0.7555,franka,0.979
56cb0dc502ad4c8a85b290b358bbc058,0.714,2000,breechcloth,0.00043216228763259123,0.633,2000,0.08099999999999996,franka,0.714
a5197e89e7164431a6620ae7b58ccd2e,0.9385,2000,airplane,0.021636219654424523,0.4395,2000,0.499,franka,0.9385
d750992c125f4b20b7ca6126d8210ab6,0.3985,2000,crow,0.19517037458555492,0.122,2000,0.2765,franka,0.3985
ff47bc6e5ac444af87f80c413170d42b,0.948,2000,rifle,0.05605491352402578,0.395,2000,0.5529999999999999,franka,0.948
2f8ccd790ce74c00907b1b92d3b8c878,0.967,2000,chopping_board,0.6479105313388956,0.2485,2000,0.7184999999999999,franka,0.967
bf02e2c57f3b4beba33eca34b720f86a,0.492,2000,tennis_racket,0.01585924358838648,0.514,2000,-0.02200000000000002,robotiq,0.514
bc57dc01b8dd4eb290ebfac01eb92b9e,0.4525,2000,lasagna,0.009914123173456519,0.074,2000,0.3785,franka,0.4525
7a0c2a659e2441b6b568a9d2acf8419e,0.895,2000,bench,0.03338319982874423,0.4655,2000,0.4295,franka,0.895
a06ac84d848242c58c3d4517c189f8e3,0.7265,2000,motorcycle,3.945825468287848,0.4015,2000,0.325,franka,0.7265
a7ff74de323f4811a95c3495dbe05f40,0.8415,2000,giraffe,0.33309445250350683,0.4665,2000,0.375,franka,0.8415
c87799d0ebca4d939112bcee151f80cc,0.817,2000,cone,0.08458658790228636,0.2715,2000,0.5454999999999999,franka,0.817
8d6818b50166443f9e529afac52204e5,0.0,2000,pop_(soda),6.379084160468834,0.127,2000,-0.127,robotiq,0.127
099fe049c0cf4b219b0c9cd9a7361cb7,0.8645,2000,police_cruiser,0.00039334707276504404,0.05,2000,0.8145,franka,0.8645
4a5cdbf2d7264a90b3f2fedcd146fd5d,0.5955,2000,puppy,1.254696814232677,0.428,2000,0.16750000000000004,franka,0.5955
b4453b01bd6448e1871699d3cb825350,0.863,2000,water_heater,0.8948618035193228,0.4785,2000,0.3845,franka,0.863
53bfe86ec43e4aa1882a2802158f0630,0.9355,2000,skewer,0.02302364254858175,0.3215,2000,0.614,franka,0.9355
8ea60759ff8d4cf6b953ccd2676d56b7,0.9535,2000,telephone_pole,0.02543208662085144,0.578,2000,0.37550000000000006,franka,0.9535
7f85f9c7b3ab495aa097023ae8d9dac8,0.7745,2000,alligator,0.015305458427712271,0.674,2000,0.10049999999999992,franka,0.7745
fdc3b8cfc7df4fe9b1ecd1ae1198270b,0.4365,2000,pool_table,0.0008008435006015316,0.461,2000,-0.024500000000000022,robotiq,0.461
cb568e11f99d422aa9765c834187ef64,0.6765,2000,coin,0.019664300795066317,0.076,2000,0.6005,franka,0.6765
abf96a604fd9410b92a523b90239f8da,0.81,2000,heater,0.031110481774664345,0.296,2000,0.514,franka,0.81
8cd34fb8568d44d7a0940b51afde5957,0.5935,2000,lightbulb,0.006587694346976131,0.7115,2000,-0.118,robotiq,0.7115
c752c932af1a477a8fd37f6bb0ec5f64,0.758,2000,teddy_bear,0.0007409969957134804,0.955,2000,-0.19699999999999995,robotiq,0.955
2461c404fef444e186403b72e2d73c4d,0.0,53,beanbag,0.13128657395928484,0.0,2000,0.0,robotiq,0.0
d370a3eb0a164dc19ba4547a89956599,0.8165,2000,dining_table,0.008945182763645379,0.672,2000,0.14449999999999996,franka,0.8165
d07757f46042429895b639742b59957c,0.7215,2000,butterfly,0.0009027643001747636,0.364,2000,0.35750000000000004,franka,0.7215
5e7c4694b6284888bbb7832aca9afde8,0.016,2000,person,0.09834788652344487,0.6925,2000,-0.6765,robotiq,0.6925
9e884e487bf94784aa1e058e5aeafe61,0.7715,2000,toy,7.552063091990223,0.584,2000,0.1875,franka,0.7715
e6c4858d34f0440394c2aa772ebaca38,0.8685,2000,ambulance,0.0002054757967576249,0.6425,2000,0.2260000000000001,franka,0.8685
3da0104169054829a2edc58f275ad978,0.7755,2000,awning,0.0013894528464252528,0.589,2000,0.1865,franka,0.7755
e6270b9f9da84810a41ceb333f083b2f,0.8825,2000,rifle,0.0001254660005118746,0.6435,2000,0.239,franka,0.8825
bc204819e14d4c9b81d916ca7698a7fe,0.687,2000,baseball_cap,0.0009891656867676113,0.1045,2000,0.5825,franka,0.687
9835dac44cd94286956357c21f17bfda,0.9415,2000,key,0.0010678421773040385,0.8005,2000,0.14100000000000001,franka,0.9415
44672cde0c444f4a93f829261f97a3b4,0.6735,2000,fireplace,0.047702314077668236,0.658,2000,0.015499999999999958,franka,0.6735
512e5e98e7b74de5bf6e23c3615c87a7,0.9805,2000,Sharpie,0.018882879202518417,0.4045,2000,0.5760000000000001,franka,0.9805
57faa0f08ed342f6a0d56464f06d1535,0.0,597,camera_lens,0.005223404419721458,0.012,2000,-0.012,robotiq,0.012
27d03b6a571f4b509cd44a4fced77dd7,0.749,2000,camera,0.00041421207023038754,0.649,2000,0.09999999999999998,franka,0.749
46da0e25122b456b9f52930e58ce4bf9,0.5875,2000,telephone,0.03475948251683044,0.5065,2000,0.08100000000000007,franka,0.5875
84c402789645463eacb8fbb081f0bb67,0.864,2000,pool_table,0.053257447562523964,0.3495,2000,0.5145,franka,0.864
73a1eb92153a436e8332cb42bf0d4d9d,0.621,2000,fish,0.9824672145594585,0.5815,2000,0.03949999999999998,franka,0.621
43b835b4c0e847388a96c9bf27cd8d7a,0.902,2000,highchair,0.11025636395155504,0.5555,2000,0.34650000000000003,franka,0.902
f4ce57bc858940af9bbb3907231edf87,0.943,2000,hammer,0.06055078096502941,0.6235,2000,0.3194999999999999,franka,0.943
a670a16c94e941158541d959a5960891,0.815,2000,sugar_bowl,1.608938777127402,0.0345,2000,0.7805,franka,0.815
74d7117520f84fff825c8de9ed8c4b6e,0.833,2000,tow_truck,0.019496789259406618,0.2425,2000,0.5905,franka,0.833
059ddf8d773748a0aa32c778897e711e,0.001,2000,monkey,0.004212824849949128,0.0105,2000,-0.009500000000000001,robotiq,0.0105
e38433b796ca4b6b9b9b7fb6c98e6a84,0.9295,2000,cornice,9.495581798232745e-05,0.509,2000,0.4205,franka,0.9295
70d40deb92bc4aaca655a438278c73e6,0.8125,2000,bouquet,0.09910258111065981,0.2915,2000,0.521,franka,0.8125
0451dc8905f140639e0d081e78ea6b86,0.0,1885,bread-bin,0.09071637598249108,0.111,2000,-0.111,robotiq,0.111
7a94425ceb6d488a91c835885843b77a,0.0045,2000,armoire,1.3454692808209547,0.518,2000,-0.5135000000000001,robotiq,0.518
424120a0c9e042889b09eac5095476b4,0.6575,2000,packet,0.018565387970266512,0.299,2000,0.3585,franka,0.6575
6577b417c3de413fbf9fc0c32f643ebf,0.9385,2000,pen,0.031566306122491096,0.324,2000,0.6145,franka,0.9385
31d548329aa149ffaab1a41169f87f74,0.9085,2000,gun,0.024041324532845597,0.872,2000,0.03649999999999998,franka,0.9085
ac33b2fcd1524da8aa3d07637412093c,0.6695,2000,chair,0.19467841210131187,0.3515,2000,0.318,franka,0.6695
fd6e07cfccef4b5aa6416183cb54c13b,0.8095,2000,turtleneck_(clothing),0.1430373851912367,0.4195,2000,0.39,franka,0.8095
5b06a8970db74a7fb900ca6c84b99ff8,0.627,2000,elephant,0.000624365363858664,0.5655,2000,0.0615,franka,0.627
aaa9dee5e3e14ba3ac464401a24467d7,0.347,2000,cistern,0.08497909205305089,0.483,2000,-0.136,robotiq,0.483
5af966079ae64db9b89dd826ab6b54aa,0.04061371841155235,1108,pudding,0.00027187229530407697,0.136,2000,-0.09538628158844767,robotiq,0.136
40b15a403d7341b0beee9b8132245253,0.7715,2000,candle_holder,0.38024578141539184,0.3865,2000,0.38499999999999995,franka,0.7715
ac47df697aee4834a2b3ff24c83eb180,0.8985,2000,drone,0.05507068878321254,0.4765,2000,0.422,franka,0.8985
32643ff9d5994b35a8c6bb28f4bb1199,0.0,2000,cow,0.07025553716144523,0.2435,2000,-0.2435,robotiq,0.2435
158d45e79a9b449fbff24ddb7b36446d,0.784,2000,tricycle,0.04643230478293533,0.5845,2000,0.1995,franka,0.784
208757bc048249ad9b8a95743ede9b7b,0.608,2000,dress_suit,0.09142239915035641,0.409,2000,0.199,franka,0.608
dbefa974912b463491dcaaa247d74e58,0.6715,2000,table_lamp,0.012497526934967279,0.5225,2000,0.14900000000000002,franka,0.6715
bdb4d3ed9af541b9901b722913d79604,0.6075,2000,octopus_(food),0.3814275493823733,0.154,2000,0.4535,franka,0.6075
01a3637459644eaca392bb1ee521ad24,0.0005,2000,pitchfork,3.580564563253171e-05,0.001,2000,-0.0005,robotiq,0.001
15dd4489ca3d4c0183b2920c67f96d30,0.49,2000,pottery,0.013897765716890019,0.868,2000,-0.378,robotiq,0.868
f640e3f4e2224643b76646b6847622a4,0.428,2000,kettle,0.12379886265655245,0.2815,2000,0.14650000000000002,franka,0.428
ad93241454534401a44bc18597125e25,0.913,2000,racket,0.007973981769869855,0.4975,2000,0.41550000000000004,franka,0.913
f5ca6eff8f6741dfa44de5cda5fca188,0.968,2000,candle,0.4118726570501152,0.4215,2000,0.5465,franka,0.968
fb94ce07ce5b4af9acb2d54a262886ea,0.563,2000,arctic_(type_of_shoe),0.01624560443866812,0.392,2000,0.17099999999999993,franka,0.563
3cdb7952ed1d40d0a68cbc364cd175d9,0.6555,2000,dog,0.14436348534293228,0.4745,2000,0.181,franka,0.6555
29392dd175444772881f62436af56397,0.6905,2000,chandelier,0.05305970678959524,0.4645,2000,0.22599999999999998,franka,0.6905
e5756366246c4704bdece8786feb2fcb,0.818,2000,machine_gun,0.00019795571769466152,0.6275,2000,0.1905,franka,0.818
bad55ce1183a4965896446aa526c7ac2,0.2845,2000,bowl,9.918127041928447,0.056,2000,0.22849999999999998,franka,0.2845
62a41f67c53144d29f644b93bfb5ec61,0.621,2000,fish_(food),0.34221574626206125,0.3005,2000,0.3205,franka,0.621
daffc8252c1b4c8d9f6bc704e9e5fad7,0.8995,2000,nutcracker,8.037384022369082,0.464,2000,0.43549999999999994,franka,0.8995
029daded6fbb42e4a0f0e8bff11fd674,0.458,2000,cat,2.4196349072962655,0.3835,2000,0.07450000000000001,franka,0.458
792240a76bb94282b31494fdef52189d,0.7095,2000,umbrella,0.00047639087515362723,0.627,2000,0.08250000000000002,franka,0.7095
7bdc0420391345aa85c4b862b09870b9,0.935,2000,pocketknife,0.00016055545220016186,0.428,2000,0.5070000000000001,franka,0.935
b95ee38c708746399153f2b00b52551c,0.7065,2000,wine_bottle,0.05323221442480008,0.1825,2000,0.524,franka,0.7065
e0bf720a565e45498b6a395f2a5a3b33,0.9865,2000,reflector,0.04430560828063199,0.0785,2000,0.908,franka,0.9865
d9c061979e9048dab4f780ff70337d9d,0.417,2000,washbasin,0.0019409456856591919,0.502,2000,-0.08500000000000002,robotiq,0.502
4aae5e1de10f4627a737d3a8a215cef9,0.0,2000,binder,1.1380054621557187,0.0105,2000,-0.0105,robotiq,0.0105
d647a19a1ef94609a44e34e68677733d,0.9315,2000,checkerboard,0.013202292433450476,0.088,2000,0.8435,franka,0.9315
fd42746284f343c19183fa2376d8ce25,0.392,2000,oil_lamp,0.17190738985665918,0.252,2000,0.14,franka,0.392
8102032a85e34e1d9e9193e6149946f1,0.819,2000,chair,0.07856414077987417,0.688,2000,0.131,franka,0.819
5fd5dd9fe5854161aba5c65d8866b039,0.764,2000,elk,0.23229441464729073,0.4415,2000,0.3225,franka,0.764
5a6d088f0c5d46a599c5c48f1a9f543c,0.1215,2000,seashell,0.019133800703525945,0.1855,2000,-0.064,robotiq,0.1855
b43c4976643942688d2ed35a9c9a9c1b,0.813,2000,tiger,0.0004872560496353869,0.5965,2000,0.21649999999999991,franka,0.813
40d1e9d807fc41fc9b94c5511742071a,0.89,2000,ladle,0.07209272166780795,0.335,2000,0.5549999999999999,franka,0.89
242d37a17a334d3cb1ab4fb978ae0ad9,0.9175,2000,wrench,0.12705946232605933,0.49,2000,0.4275,franka,0.9175
a4f65b9be66740dc85b1e78ce4a1919c,0.934,2000,cupboard,0.007937577622712043,0.468,2000,0.466,franka,0.934
6f1504578f9343d088643cdbce38903e,0.6855,2000,trench_coat,0.002721317347222019,0.428,2000,0.2575,franka,0.6855
f34090dec2d845c1b1ec436325f5a56b,0.923,2000,Lego,0.033182990009140254,0.249,2000,0.674,franka,0.923
d54f8a1c5aac457c878d4a5cb3bfcd48,0.802,2000,shark,1.9684006665178016e-07,0.549,2000,0.253,franka,0.802
127dadb8391b40ad86903ddabefbeb72,0.0,186,mushroom,0.001879935851443517,0.06493506493506493,154,-0.06493506493506493,robotiq,0.06493506493506493
df0583c8a0c342e7ac0348e2301784d4,0.6595,2000,sculpture,0.23224530801066498,0.062,2000,0.5974999999999999,franka,0.6595
d7590389c3d4445da4822800f8ebfa65,0.889,2000,jewelry,4.804209090202326,0.3695,2000,0.5195000000000001,franka,0.889
12c83e9f00d0498b85ef1bb8218b5d36,0.718,2000,turtle,0.028351701793056527,0.3565,2000,0.3615,franka,0.718
8dfbbc8e7847404b9a3bed36fe9c5bcc,0.542,2000,hamper,0.0007314098078911863,0.201,2000,0.341,franka,0.542
928c257acd794839bc912a8df956bc7a,0.0,841,trash_can,0.05115778532461656,0.0,2000,0.0,robotiq,0.0
347a5f42b24648efb7606a661ac71a3f,0.0,180,carton,0.003303693255975462,0.1975,2000,-0.1975,robotiq,0.1975
ddb2c0e19b20491495c253f2ebcaeacd,0.907,2000,grater,0.0007381838436318908,0.118,2000,0.789,franka,0.907
601ed78848dd4fa0a9db1117bf688671,0.7795,2000,antenna,0.019068112345399704,0.509,2000,0.27049999999999996,franka,0.7795
8c63e5e160064cd3862e4b5f8781032b,0.933,2000,tray,0.03603114202324151,0.0975,2000,0.8355,franka,0.933
21b2513827744464b8d18083042380b5,0.6815,2000,boot,0.3786693621918241,0.4465,2000,0.235,franka,0.6815
089dba94300c4ac0b9d0c56ef49a0b65,0.915,2000,cleat_(for_securing_rope),0.000720598306639307,0.5485,2000,0.36650000000000005,franka,0.915
8487824860ab4ff7b9c54665eaf2f050,0.696,2000,bowl,0.30877346244865794,0.3025,2000,0.39349999999999996,franka,0.696
e0ae8199a19b4f8c9cb7ff05e5f94030,0.8255,2000,earphone,0.010196019156074503,0.847,2000,-0.021499999999999964,robotiq,0.847
74d64b35a3dd4c3ba7b6deb35685ed8b,0.8835,2000,violin,0.0014601617819155106,0.591,2000,0.2925,franka,0.8835
8ba0d24f3a1d43ffa5410d45406dea57,0.6025,2000,joystick,0.03827223542438083,0.226,2000,0.37650000000000006,franka,0.6025
dc0a1ae7d4bf4cc486b9b1ce5906d91e,0.4355,2000,arctic_(type_of_shoe),0.010111610811538286,0.377,2000,0.058499999999999996,franka,0.4355
50155edb7ef849baa20664431899c18f,0.813,2000,lollipop,1.106303530692536,0.444,2000,0.36899999999999994,franka,0.813
a02bece11676428eb2f4bdb4d241b120,0.924,2000,phonograph_record,0.003149140923270224,0.322,2000,0.6020000000000001,franka,0.924
2df864207ad248589dcaa149e445d7d8,0.6455,2000,pot,0.9960305174489957,0.135,2000,0.5105,franka,0.6455
39273ba4b01648508b07e8f76fff0841,0.8305,2000,hardback_book,0.0048146268598893175,0.438,2000,0.3925,franka,0.8305
6f6770b0a9e64d7d9ca99d722a9561f9,0.8485,2000,cow,0.00041673900284070966,0.807,2000,0.04149999999999998,franka,0.8485
023c84c399814304b3f876103faccb98,0.8255,2000,drill,0.12067618821565992,0.508,2000,0.3175,franka,0.8255
b71d80c276a94e9194301f0ab4893b00,0.6145,2000,pony,0.035707650857927084,0.447,2000,0.16750000000000004,franka,0.6145
1b90ef5f70fa42438582bca2ae1703de,0.9485,2000,eel,0.024991890655204862,0.4255,2000,0.523,franka,0.9485
18c081f765854d249bb8dc580a1e9f7c,0.8755,2000,race_car,0.04215640442570253,0.856,2000,0.019499999999999962,franka,0.8755
3678d5fd71c2413d82b8891282945510,0.99,2000,cube,0.03000390197625637,0.928,2000,0.061999999999999944,franka,0.99
75e25577f8cc44c9bc4ee089d235afc3,0.456,2000,boat,0.1427940867446461,0.2065,2000,0.24950000000000003,franka,0.456
f3e6f744d88743039b101b4305661665,0.7275,2000,pretzel,15.644741031745806,0.43,2000,0.29750000000000004,franka,0.7275
d35cec82ec35416392c9d803d0979ee8,0.6515,2000,telephone,0.0005949577308547922,0.428,2000,0.22349999999999998,franka,0.6515
993a1aeb956d41708b5aa30c993df276,0.5685,2000,dog,0.04098574599984806,0.5165,2000,0.052000000000000046,franka,0.5685
ce58e0e71de048a98eae3495be60d76b,0.7525,2000,slide,0.003473787162054295,0.4875,2000,0.26499999999999996,franka,0.7525
4d734a2b31c54e28a05fc94a2745047a,0.4365,2000,kettle,0.09162114868080962,0.4115,2000,0.025000000000000022,franka,0.4365
6f44910745a143a59b9fc08a58e6b1ab,0.9605,2000,hammer,0.688322849955766,0.54,2000,0.4205,franka,0.9605
61b43174742f43e3905095969442321f,0.4325,2000,rhinoceros,0.036260039221410474,0.706,2000,-0.27349999999999997,robotiq,0.706
60aef48a110e408887caf314360d0d38,0.461,2000,rag_doll,0.018843866107661936,0.2635,2000,0.1975,franka,0.461
e5f8272a046641a9b9d5a3cbac727883,0.248,2000,mallard,0.010024442332362863,0.3645,2000,-0.11649999999999999,robotiq,0.3645
a2fdd459222d4f7daf89c5621d2c9635,0.631,2000,ashtray,0.07773606280431412,0.5765,2000,0.05449999999999999,franka,0.631
1e72165edfe14b689b2021dc4557a2ea,0.9775,2000,hardback_book,0.0014546070546414401,0.9675,2000,0.010000000000000009,franka,0.9775
cfa28f49a0654674aa640b30be3d9490,0.109,2000,pottery,4.093772132429224,0.4435,2000,-0.3345,robotiq,0.4435
c61f4371e164490d8faf5bb6b7d07f8f,0.915,2000,surfboard,0.0007163896640204228,0.517,2000,0.398,franka,0.915
ff329251af9c47b9b6d8c5953a53323a,0.0005,2000,triangle_(musical_instrument),0.017004676378657053,0.0425,2000,-0.042,robotiq,0.0425
fb8efea3d12e4c0e91bfbc6e0b46e58c,0.548,2000,antenna,0.03193220900169167,0.5925,2000,-0.044499999999999984,robotiq,0.5925
146a40f1439d444eb2ae9bb553995d44,0.471,2000,barbell,0.5300878461352185,0.441,2000,0.02999999999999997,franka,0.471
a2a048847e414be6b4aa66fa6d3687e7,0.906,2000,key,0.0028454582381293283,0.363,2000,0.543,franka,0.906
ec124f25d0284aa7a41fdfb7af4b0a00,0.3835,2000,helmet,0.003874736626055377,0.868,2000,-0.4845,robotiq,0.868
32cd906750e14e29a8f15c53e6b7e88c,0.8615,2000,cornice,0.0005881411974090679,0.212,2000,0.6495000000000001,franka,0.8615
06b9717395af405abf17c56f6a40df17,0.143,2000,grizzly,0.025065916388442588,0.485,2000,-0.34199999999999997,robotiq,0.485
ba11f0bcd7c44f4cadafa4a91f964214,0.496,2000,pitcher_(vessel_for_liquid),0.0024096153108622543,0.6545,2000,-0.15849999999999997,robotiq,0.6545
d5f9c98735a2498ca125f3c90410e302,0.8365,2000,water_heater,0.0005816678778330182,0.649,2000,0.1875,franka,0.8365
5f9475aeea2343d29605c68aece4c9ee,0.8295,2000,eraser,1.586175618295765,0.215,2000,0.6145,franka,0.8295
992afd9f039b4773a5a7b9b89b91a244,0.479,2000,forklift,0.00530935962067604,0.664,2000,-0.18500000000000005,robotiq,0.664
6de9ad46b6794e78a08af59ebeb04ffd,0.7225,2000,cone,0.03977945125393794,0.2925,2000,0.43000000000000005,franka,0.7225
17ba30c2d85d43298d85b3367748df73,0.729,2000,thermos_bottle,0.013437180615430528,0.418,2000,0.311,franka,0.729
705e1d09e2fd4f0797bc540b34561e24,0.5725,2000,teakettle,0.08629779892201538,0.449,2000,0.1235,franka,0.5725
d149fc4c12084c669d6bd0ac24f213ee,0.781,2000,cloak,0.00021931737179649373,0.54,2000,0.241,franka,0.781
c4263723ebb64c7da734946ea5ca27f9,0.9455,2000,lamppost,0.04396892346637148,0.551,2000,0.39449999999999996,franka,0.9455
82e943e3cfac4da5a20d189ddbd6abdf,0.625,2000,mug,0.020757689108372113,0.1295,2000,0.4955,franka,0.625
7e799ebadd6a42fb9be301df7da69ace,0.7245,2000,shawl,0.0010151326783228436,0.379,2000,0.34550000000000003,franka,0.7245
c594e11c44e24b76974ccd454ebc173d,0.926,2000,vodka,0.011209487233110469,0.323,2000,0.603,franka,0.926
5ad4e3f489ee494ea2c361415735b72d,0.9905,2000,pan_(metal_container),0.0012621668158318868,0.918,2000,0.07250000000000001,franka,0.9905
0c1dd562535f4ef48d9e040332f12a9c,0.959,2000,toothbrush,5.145004139059649e-07,0.6305,2000,0.3285,franka,0.959
d0c620986bf142bd9ccdae83bc83a59e,0.36,2000,seashell,0.8865779715016926,0.4145,2000,-0.05449999999999999,robotiq,0.4145
1f7b8a16a6ea4da49082b4eee85d647b,0.772,2000,suit_(clothing),0.0987088595749954,0.5555,2000,0.21650000000000003,franka,0.772
06507b19ad684dada147ceac71dc2668,0.888,2000,goldfish,0.3825625641429711,0.1495,2000,0.7385,franka,0.888
2fc0fc6ebe564a249c4617e6b3e6da93,0.645,2000,fireplace,0.15108443123930385,0.435,2000,0.21000000000000002,franka,0.645
43da08b666764c5393053ad052852df8,0.7705,2000,costume,0.19145930037204617,0.4965,2000,0.27399999999999997,franka,0.7705
5676b179b3b744c0aaae53a3dcea2300,0.812,2000,fire_extinguisher,0.1552724046251311,0.2905,2000,0.5215000000000001,franka,0.812
b58efaedc77b428380eccede1505f81b,0.883,2000,tennis_racket,0.0016194106891699784,0.323,2000,0.56,franka,0.883
1e744cf9ae6f46c7ab67a211fe3cc7dd,0.947,2000,bench,0.0017734962732409486,0.217,2000,0.73,franka,0.947
0036481f67544ee79b067305af33ea4b,0.5705,2000,pillow,0.0007078283896491613,0.8955,2000,-0.32499999999999996,robotiq,0.8955
4d6a489ba16340b99c6f9eec58e71ba4,0.7905,2000,trophy_cup,0.07391490389567962,0.5265,2000,0.264,franka,0.7905
72676e99b7da41fba2e591779a5895cc,0.7215,2000,banjo,0.03071343123828184,0.4455,2000,0.276,franka,0.7215
5a31da20fee54f1c898ed0f2ddf73c86,0.715,2000,ferret,0.05514338036259983,0.482,2000,0.23299999999999998,franka,0.715
93e2849f69894083866efab3278f009b,0.7085,2000,tripod,0.010476567583330876,0.522,2000,0.1865,franka,0.7085
0849e24b30184cd78220783b8c185a8f,0.7655,2000,bathtub,0.00023575678722232172,0.3855,2000,0.37999999999999995,franka,0.7655
18f33c2f40824d80bfa67e13eedbc1d7,0.7485,2000,tricycle,0.19352436760275582,0.605,2000,0.14350000000000007,franka,0.7485
9ec5bdd5993f4cec9a99aaa8dccb5ed7,0.76,2000,lamppost,0.00010490622197253762,0.634,2000,0.126,franka,0.76
6c807780df124dbfb7105dd64160bb2b,0.774,2000,bear,0.014531726897516346,0.71,2000,0.06400000000000006,franka,0.774
d2206995e6f949619ff50c9d84ad02f4,0.7995,2000,salami,0.027048672043681908,0.221,2000,0.5785,franka,0.7995
c153c167eff5428e867c38e9bfa7d732,0.779,2000,drone,0.0019016320223307452,0.5825,2000,0.1965,franka,0.779
81af3075df234522a73abb96bf07f64a,0.8775,2000,glove,0.005036188093909564,0.4035,2000,0.4739999999999999,franka,0.8775
2e660a43215f4728902715b171302b34,0.763,2000,seabird,3.7095719899808456e-05,0.548,2000,0.21499999999999997,franka,0.763
98041e31c4ad4cecbd70eb7c1fd6ffb5,0.5115,2000,streetlight,0.05195087161954827,0.294,2000,0.21749999999999997,franka,0.5115
4bf8ad35caa84f12884c6f5ba6ad79f6,0.8175,2000,rabbit,0.271687110338585,0.8315,2000,-0.014000000000000012,robotiq,0.8315
e30f6b8aca7c4af081f6b5f6997ea551,0.7315,2000,crate,0.02060637427658567,0.115,2000,0.6165,franka,0.7315
6b07248adf484a67b4bc68682e4f6088,0.9395,2000,solar_array,0.0787680790202565,0.542,2000,0.39749999999999996,franka,0.9395
321a2fa8b8c2403f871014fb22708e39,0.619,2000,vest,0.12650497250700546,0.519,2000,0.09999999999999998,franka,0.619
c999333c40c54b50ac2e33fefc3df62e,0.8385,2000,garbage_truck,0.003410294681820194,0.3495,2000,0.48900000000000005,franka,0.8385
f336a10e46084212ab33de0ff811bd78,0.023047375160051217,1562,trash_can,0.01353891047633887,0.357,2000,-0.33395262483994875,robotiq,0.357
9c242421a7c1447f941f72b57e7473e5,0.546,2000,sofa,0.04308426810973214,0.372,2000,0.17400000000000004,franka,0.546
6178078a25644104943c4aafb698ddf2,0.7445,2000,headboard,0.04124034945706495,0.5065,2000,0.2380000000000001,franka,0.7445
5b28b362e57e4e34b6df6ab2241ba1a4,0.0,2000,fire_engine,0.00037787773155003045,0.452,2000,-0.452,robotiq,0.452
bba3a744c7424ca2886d1e8d29cfdcce,0.701,2000,toy,0.0029039782508015126,0.6525,2000,0.04849999999999999,franka,0.701
924c9b0f3cb4457b9fb4712e02384796,0.6845,2000,compass,0.0009785868836159543,0.038,2000,0.6465,franka,0.6845
15a06d5b503c44209aab85d579f422d0,0.8275,2000,trailer_truck,0.012692549029409627,0.5055,2000,0.32200000000000006,franka,0.8275
d32f3f2eedf2476fba8c6b4dce14cbc5,0.0,748,pear,0.512444689422324,0.18055555555555555,1080,-0.18055555555555555,robotiq,0.18055555555555555
8d8e00addeb04d858054f8650a770683,0.419,2000,headband,0.006324883365125023,0.4285,2000,-0.009500000000000008,robotiq,0.4285
3f67f11540da4e4f835ffd97982a1582,0.3372270187912646,1969,television_set,0.22574885637287895,0.1995,2000,0.1377270187912646,franka,0.3372270187912646
3f71baedb7424ac99bccda9bf4004fce,0.609,2000,camera,0.13428086942103346,0.3785,2000,0.23049999999999998,franka,0.609
3836c93ff52a49948f874972d1dea822,0.0,833,piggy_bank,0.0009914143666800359,0.0018963337547408343,1582,-0.0018963337547408343,robotiq,0.0018963337547408343
646b9ab87b6543499fc9284be87376f4,0.6375,2000,wall_clock,0.015869373056516818,0.532,2000,0.10549999999999993,franka,0.6375
fccbdc24b2f14616ae62c6d880cc7656,0.4415,2000,television_camera,0.3380051122019376,0.277,2000,0.16449999999999998,franka,0.4415
4a76b1f3c15e41d39267bf22782ab6af,0.7015,2000,sportswear,0.1734301487535813,0.433,2000,0.2685,franka,0.7015
30d456f3fc854fb2bff1bc73f85a5c08,0.87,2000,doughnut,0.204129818251922,0.914,2000,-0.04400000000000004,robotiq,0.914
c2c9174c2ade465b80f82cb2d481a7b0,0.8975,2000,wedding_ring,0.005565239764751086,0.593,2000,0.3045,franka,0.8975
dc250ffc3bf2441bae2ba83dbedeaee5,0.738,2000,garlic,0.019425771391059877,0.6745,2000,0.0635,franka,0.738
4d9107d7c30c42a3868dedd6e71c8005,0.8485,2000,cardigan,0.2887832967526897,0.5295,2000,0.31900000000000006,franka,0.8485
fb882b00bd864d0abb808635650cc59d,0.673,2000,barge,0.00900792696914731,0.5695,2000,0.10350000000000004,franka,0.673
5c8284c0eb2243ccb735604eaaad1ce9,0.8785,2000,vacuum_cleaner,0.00011102151815862269,0.755,2000,0.12349999999999994,franka,0.8785
723b227b63bb40d4adf89f265d79fb16,0.1815,2000,gull,0.00015077920406016078,0.1955,2000,-0.014000000000000012,robotiq,0.1955
ee52dceaff82462496bf159faec10f29,0.0,1718,television_set,0.01975001028329894,0.017,2000,-0.017,robotiq,0.017
638e3c18ad2f4b0a919ce2d94ce0d795,0.0005,2000,gemstone,0.07607508958865755,0.4755,2000,-0.475,robotiq,0.4755
14d73356e0484cc1936680b4b2a87cd5,0.903,2000,salmon_(food),0.011560653870087458,0.465,2000,0.438,franka,0.903
4e039f56282e4eaba43c607dcd83e9c2,0.0016194331983805667,1235,die,0.33773516746976806,0.0045,2000,-0.002880566801619433,robotiq,0.0045
f894299417414214b87993f031259e37,0.933,2000,locker,0.019779185078889087,0.1795,2000,0.7535000000000001,franka,0.933
e08bb2e734004870b1ed4c21f111a854,0.687,2000,goat,0.041824745789102565,0.4545,2000,0.23250000000000004,franka,0.687
693d13d8128447b09fe15f624df1a91e,0.0,655,gourd,0.009281203108372306,0.0011976047904191617,835,-0.0011976047904191617,robotiq,0.0011976047904191617
f80a2a0af6924562be10be7354b7a72f,0.738,2000,dumpster,0.057131469700162814,0.713,2000,0.025000000000000022,franka,0.738
b11316ffca09440e80f69cbc1505ef86,0.558,2000,paddle,0.007804619880265274,0.456,2000,0.10200000000000004,franka,0.558
48ea397d2cd64bc4a39f4aa98acd29a7,0.7395,2000,camera,9.472724656633118e-05,0.675,2000,0.0645,franka,0.7395
eddd78c746734197a81613e10affed89,0.9135,2000,armchair,0.0005390034643010438,0.7385,2000,0.17499999999999993,franka,0.9135
66fa4ded0b8943549430ac8a494e958c,0.0,872,bread,0.07462476647627948,0.198,2000,-0.198,robotiq,0.198
9cac8d2048ce44dcac5021cd2b63a371,0.959,2000,radio_receiver,0.06983063227216915,0.591,2000,0.368,franka,0.959
7a137d7496014da99f29bf45f6ae030c,0.7645,2000,drone,0.0061998951700093195,0.604,2000,0.16049999999999998,franka,0.7645
96dc535c87b342499cf9a542881d2103,0.449,2000,flower_arrangement,0.010694939674599916,0.3065,2000,0.14250000000000002,franka,0.449
0e5e674706974836bf792c7f4ab0bb76,0.9015,2000,wall_socket,9.042989646964271e-05,0.8295,2000,0.07199999999999995,franka,0.9015
fcc1aed5629849e6bc6d01bd1ca3c7e6,0.432,2000,ambulance,0.0007182631830995312,0.4895,2000,-0.057499999999999996,robotiq,0.4895
05b8ddefe0ad45f7b9d42742cd549b11,0.9825,2000,mallet,0.0014450567836531974,0.494,2000,0.48850000000000005,franka,0.9825
01a0487f34fd4c6598159d2c55259dca,0.7655,2000,bat_(animal),1.627016476829837e-05,0.3565,2000,0.409,franka,0.7655
5c036a82eebb44b99f7855cc0b04ced0,0.6715,2000,towel,0.044924826308095474,0.325,2000,0.3465,franka,0.6715
9d494e4e32bc44dab959c1ceeb7b5a9e,0.907,2000,solar_array,6.467344034253423e-05,0.174,2000,0.7330000000000001,franka,0.907
7e65934fffe7473c8b13fdb486a56d52,0.9535,2000,watch,0.022152272944492207,0.3485,2000,0.605,franka,0.9535
6af0d66a358f45469537e236348dd3d8,0.84,2000,wheelchair,0.11821182983491749,0.3995,2000,0.44049999999999995,franka,0.84
83eff5ee5f2e4190a007a5976b505c96,0.901,2000,steak_(food),0.06164671210798805,0.3375,2000,0.5635,franka,0.901
dcdf5af8a5434158bb9398a34cd4ccaf,0.664,2000,sponge,0.06377483823785102,0.7655,2000,-0.10149999999999992,robotiq,0.7655
dbccd6718dd446ee8c4e7765ec75bc5c,0.404,2000,gravestone,0.11390287920912874,0.381,2000,0.02300000000000002,franka,0.404
780876970a2c4106a98a838c4383a847,0.5685,2000,desk,0.008944116572561478,0.6215,2000,-0.05300000000000005,robotiq,0.6215
dfb3cdf1690a4c5a895b3243cd395107,0.7595,2000,water_bottle,0.03357143112314164,0.2335,2000,0.5259999999999999,franka,0.7595
03fc72349f38421eae0c55a92560e95b,0.582,2000,elephant,0.1367734216275663,0.606,2000,-0.02400000000000002,robotiq,0.606
92f751dab03e4a2792348a21b3673ec1,0.6995,2000,windmill,0.008404352485470168,0.679,2000,0.020499999999999963,franka,0.6995
bf8cb2f9a32c4078a35d7328105ee0ca,0.5725,2000,clothes_hamper,0.0013310063613590553,0.2885,2000,0.28400000000000003,franka,0.5725
7f10ef845b594690bff6cc5dc21c3f99,0.8905,2000,chair,0.0005609908552025196,0.4275,2000,0.46299999999999997,franka,0.8905
b4a41eae4ac04443a999ac22f50ee1ec,0.129,2000,chocolate_cake,0.010853855844183382,0.045,2000,0.084,franka,0.129
047d421fa2044bdba0193c2222a2b8dd,0.6295,2000,forklift,0.0091068429535876,0.8615,2000,-0.2320000000000001,robotiq,0.8615
5f2c70c450c5487caf6c424f79405256,0.958,2000,watch,0.08753053061951363,0.535,2000,0.42299999999999993,franka,0.958
67c96616f3e7450ab31166512a9290c2,0.1485,2000,lion,0.036509853313657185,0.1745,2000,-0.025999999999999995,robotiq,0.1745
17f17376386648c1b96f6905c81117dc,0.8845,2000,parakeet,0.2760415563583748,0.896,2000,-0.011500000000000066,robotiq,0.896
7a321a5dd76442b2999cbad79f5dbdd8,0.219,2000,stirrer,0.00020201900050791815,0.2955,2000,-0.07649999999999998,robotiq,0.2955
3abcaff1a11f4d03842f9c8d73bb0121,0.7945,2000,green_onion,0.0037802558080278557,0.64,2000,0.15449999999999997,franka,0.7945
1d6f87444d75400bb9098c7c3b5044ef,0.3105,2000,camera_lens,0.036983581531354094,0.461,2000,-0.15050000000000002,robotiq,0.461
343ca9e44e904869b23d40b30f1f4aae,0.582,2000,houseboat,0.0027370827889717135,0.81,2000,-0.2280000000000001,robotiq,0.81
ad6fbf4844504b4f8321a990fcc4d3bf,0.0,1217,vending_machine,0.16311797190101332,0.0705,2000,-0.0705,robotiq,0.0705
184f5c59cc6b45e8abf85b8d10257add,0.3785,2000,backpack,0.011458256252652394,0.428,2000,-0.04949999999999999,robotiq,0.428
f2d84c0f31fe42fe9aa2054ef3e9aea2,0.9005,2000,tongs,0.0022941372893320873,0.5315,2000,0.369,franka,0.9005
59d7aa3e1c4740029d47dc0bcd838444,0.0,1125,toaster_oven,0.017424386522247228,0.113,2000,-0.113,robotiq,0.113
1e70b26e426c45dcb9ebbc9e062d6113,0.3285,2000,necktie,0.0019768955992165976,0.4255,2000,-0.09699999999999998,robotiq,0.4255
97f741e3820a44a694fe27775dd1a7f5,0.6325,2000,baseball_bat,0.06738696838569407,0.2815,2000,0.351,franka,0.6325
784812e01f71466cbdba96245add0e27,0.559,2000,shirt,0.00048486103106169895,0.4125,2000,0.14650000000000007,franka,0.559
7ac65580fd7f4869990e00a6957d1c59,0.0015,2000,roller_skate,0.007347435200926519,0.4375,2000,-0.436,robotiq,0.4375
04bef8e589524b8c9d7a3bb206b206a8,0.7935,2000,flowerpot,0.08356732244260114,0.793,2000,0.0004999999999999449,franka,0.7935
895e0c5280a6438bb3126fa2b3f08ae7,0.887,2000,calculator,0.271474193126287,0.156,2000,0.731,franka,0.887
47c911cd086540d4b627ad4428cee322,0.6945,2000,parka,68.5186540291178,0.471,2000,0.22350000000000003,franka,0.6945
bd15dd4edc6047e8adcfb51972b97e7a,0.0,124,mushroom,0.8116517872260522,0.0845,2000,-0.0845,robotiq,0.0845
0ae3255707854840b7f7023ed93cc7ec,0.3395,2000,race_car,0.10057328162266377,0.3055,2000,0.03400000000000003,franka,0.3395
27fdadcde34640d8b60a48bea3133a3b,0.8755,2000,sugarcane_(plant),0.0015262262999917778,0.102,2000,0.7735,franka,0.8755
5a7ae8e0097c4eea85e975d34031a538,0.804,2000,pop_(soda),0.0066538155407443005,0.685,2000,0.119,franka,0.804
a2f9d3e31f5045579881b3d671a1120f,0.0345,2000,phonograph_record,0.0007518799394395321,0.101,2000,-0.0665,robotiq,0.101
da154bb403b64693aa3d76f9a935a5be,0.868,2000,awning,0.00029023784789722985,0.2005,2000,0.6675,franka,0.868
da02455b180546f78f1eb0bb526aa5fe,0.681,2000,broach,0.0061798208137012565,0.42,2000,0.26100000000000007,franka,0.681
d88ffe0f39dd45568c33df48af1756a3,0.8895,2000,handbag,3.317785620772667e-07,0.506,2000,0.38349999999999995,franka,0.8895
b2566e74d1574932965c1fc42e535ab0,0.7165,2000,police_cruiser,0.0007424784998553549,0.0505,2000,0.666,franka,0.7165
eba75e89899c49519a8edf2e131df19a,0.647,2000,tights_(clothing),0.08074367802621749,0.54,2000,0.10699999999999998,franka,0.647
145054ef8065466fb5102fd08bcec581,0.9365,2000,wall_clock,0.00015270921006988527,0.362,2000,0.5745,franka,0.9365
92af054625b8490ebfb5c08d13781b5d,0.921,2000,ferret,0.026592666227290656,0.7105,2000,0.21050000000000002,franka,0.921
f1ae551106df44a0a27766e0787254b8,0.8715,2000,gun,0.9561213540478652,0.4305,2000,0.44100000000000006,franka,0.8715
92af54ca2fc54f65bde19954bbfdb3dc,0.8575,2000,legging_(clothing),0.27129007771335595,0.507,2000,0.35050000000000003,franka,0.8575
95baabcbc8634f6dace4376767a6024e,0.0485,2000,grizzly,0.09627026329694467,0.2935,2000,-0.245,robotiq,0.2935
781916ea019747e48f663be0137c3e38,0.9165,2000,sword,0.0015636338693087698,0.2155,2000,0.701,franka,0.9165
eebe5055ac2f4fb8a25ef4a2d1ab077d,0.813,2000,doughnut,0.012707493472472554,0.2015,2000,0.6114999999999999,franka,0.813
660f938476444ad781feaa2aa4ff456f,0.7225,2000,raincoat,0.029171260963902667,0.591,2000,0.13150000000000006,franka,0.7225
e107705a68154eb0887417f34bbc2055,0.8685,2000,bucket,0.0005222494221295113,0.587,2000,0.2815000000000001,franka,0.8685
66323482c46f4b9687f16d5572934bda,0.7,2000,cowboy_hat,0.007466874746765624,0.807,2000,-0.1070000000000001,robotiq,0.807
ee9ce6c896664ab6a86a0c3f9d52f276,0.5255,2000,truck,0.03761433852902842,0.574,2000,-0.04849999999999999,robotiq,0.574
17e0f62253544acb8a369a0122fb02ec,0.5495,2000,kitten,0.000565685658099559,0.457,2000,0.09249999999999997,franka,0.5495
a7014d2bb7f648bb9aa2297a326934ae,0.7085,2000,bunk_bed,0.0005135867360968507,0.679,2000,0.02949999999999997,franka,0.7085
6143f411dbb54f03a6e0273c23dba77f,0.4445,2000,drumstick,0.0006009314319783376,0.2205,2000,0.224,franka,0.4445
0e9861e2a05d4814adfefc93ae0f96b0,0.020531400966183576,1656,birdcage,0.116446617936211,0.5395,2000,-0.5189685990338164,robotiq,0.5395
5c779f726bb94dff8031f878a3ff9493,0.1615,2000,trunk,0.0007297730157687912,0.083,2000,0.0785,franka,0.1615
c188489f4a3b4148b399239f94b1ee42,0.7475,2000,footstool,0.001385184446689557,0.671,2000,0.07650000000000001,franka,0.7475
a5dec9418fac4de0b47ad88b416075a5,0.8315,2000,dog,0.019493871703559987,0.2395,2000,0.5920000000000001,franka,0.8315
e905affda3d94d3897bf89f3975d3b35,0.0,119,persimmon,0.0009328699282719583,0.0,67,0.0,robotiq,0.0
0fcc68b789fb41bf827e999c2681a4a1,0.5855,2000,chandelier,0.0003496343622691661,0.642,2000,-0.056499999999999995,robotiq,0.642
b02c560d80314668ba3a52a004860d3e,0.905,2000,sheep,0.009470448017884726,0.9915,2000,-0.08650000000000002,robotiq,0.9915
5580f7c37a33445c8aa1afa157b3de54,0.294,2000,camper_(vehicle),0.12323537965764832,0.4125,2000,-0.1185,robotiq,0.4125
85516c3fc44046a6bd8b3f106512bb72,0.775,2000,lightning_rod,1.7618907264902646e-06,0.5495,2000,0.22550000000000003,franka,0.775
0a920656a7044660aa5f5c1f9a655364,0.651,2000,puffin,0.0032897204092044953,0.722,2000,-0.07099999999999995,robotiq,0.722
48fbc9e640db4171b252ebd776a8da39,0.99,2000,can,0.027547276072064954,0.9345,2000,0.055499999999999994,franka,0.99
49142b8956aa4eaeabad9706532e0e75,0.467,2000,cupcake,0.0012048632310184557,0.5925,2000,-0.1255,robotiq,0.5925
427cdf4fa9f54b4d90ae21ce135162d5,0.7675,2000,awning,0.0034354186662558946,0.3255,2000,0.44199999999999995,franka,0.7675
840cdfe9e26749ee89cb43ef36fa179f,0.422,2000,alligator,0.0016657449980990934,0.3915,2000,0.03049999999999997,franka,0.422
6f3f880ed56743f9984189a79720daf4,0.796,2000,raft,0.022924234576533465,0.4115,2000,0.38450000000000006,franka,0.796
96a3fc052dc94c07b52109d71032fc89,0.801,2000,headboard,0.09509268385751272,0.4155,2000,0.38550000000000006,franka,0.801
0f1ceb30652041aea96b9cfb40e159c6,0.9265,2000,bow-tie,0.01832864013237422,0.4455,2000,0.481,franka,0.9265
1378e50dc7314a0a8f93a09091436bc8,0.966,2000,hourglass,1.6701286809334464,0.862,2000,0.10399999999999998,franka,0.966
b9579ca17c274a48a1e083da0e909865,0.841,2000,doughnut,0.41881763991829357,0.967,2000,-0.126,robotiq,0.967
acf50680d8964e0fb7853349d3a222a4,0.774,2000,rabbit,0.00017895286206382705,0.582,2000,0.19200000000000006,franka,0.774
c46b8a42615b4a3ea4e0343ef68b0f23,0.532,2000,wolf,0.009920668807221514,0.505,2000,0.027000000000000024,franka,0.532
80c4b769405446b2b07e1ff6ba07289a,0.7195,2000,tapestry,0.10847828284126877,0.025,2000,0.6945,franka,0.7195
88cbd31fd0ec4fb7a27c45eeaa2af596,0.96,2000,cylinder,0.004869749492690074,0.5575,2000,0.40249999999999997,franka,0.96
4e1953a04cb44a61929a569bb868c090,0.891,2000,propeller,0.07583822318570493,0.517,2000,0.374,franka,0.891
721c9f0afa084b0d9a505ae4500a7f06,0.8405,2000,person,0.08088694678302444,0.8645,2000,-0.02400000000000002,robotiq,0.8645
7bdbfbab23f24e048b2ddd8e9d33438b,0.953,2000,umbrella,0.0012637645387149727,0.312,2000,0.641,franka,0.953
3d81c31c40174f00af1cf992696a9f71,0.9095,2000,briefcase,1.1287405039866143,0.8115,2000,0.09799999999999998,franka,0.9095
81fc2a54b625447387898156a4005f89,0.0,676,food_processor,0.11680800108788705,0.023549684089603676,1741,-0.023549684089603676,robotiq,0.023549684089603676
0f49497646b146daa768a17a61d65786,0.966,2000,runner_(carpet),0.0009204288632373303,0.0195,2000,0.9465,franka,0.966
1a6a02daf9a84b108e437f75fdcab2f7,0.4145,2000,sofa,0.004044672965851611,0.2855,2000,0.129,franka,0.4145
f7ade690a1f44d608fe0097156642510,0.5825,2000,tiara,0.15696139731249176,0.688,2000,-0.10549999999999993,robotiq,0.688
c28358d1992547099ead51a462562030,0.488,2000,sunflower,0.0010405186619248964,0.63,2000,-0.14200000000000002,robotiq,0.63
8dfc897919d64d939d3f722e83f2ee23,0.9785,2000,penny_(coin),0.09267937868711174,0.1505,2000,0.8280000000000001,franka,0.9785
16930ec31f5342a08e1233eaae01b2c9,0.9725,2000,matchbox,0.022668572758096077,0.979,2000,-0.00649999999999995,robotiq,0.979
b09fe7d9503f41d4a77966c48a5db04a,0.7855,2000,crab_(animal),0.012526125350410195,0.3915,2000,0.39399999999999996,franka,0.7855
109712ba0bff4a91a9288efb1e0b0730,0.8505,2000,teddy_bear,0.0028671826631910327,0.2175,2000,0.633,franka,0.8505
a08bef09584b490898b0d1c7ac2099cd,0.4125,2000,leather,0.36849335712511916,0.272,2000,0.14049999999999996,franka,0.4125
884defbca8c8473695e5a5420ca89de4,0.6345,2000,cock,0.0001532352030147991,0.5045,2000,0.13,franka,0.6345
fe4f7047a03247ecb5ef7a587de4e969,0.752,2000,camper_(vehicle),0.030915875229590245,0.6025,2000,0.14949999999999997,franka,0.752
168ca4d0cad641f797fa4edba00164a5,0.7765,2000,liquor,0.18844274677837436,0.561,2000,0.2154999999999999,franka,0.7765
ef350bfcf48b46618e3ffd1048b6e8fc,0.9535,2000,cookie,1.6906660077692768,0.044,2000,0.9095,franka,0.9535
44895b008b8a4546920d385b10f47c16,0.0,2000,cup,0.01425188350094463,0.0025,2000,-0.0025,robotiq,0.0025
7c792999fe1a468e848a17fe0504117d,0.9615,2000,grill,0.11689150194891192,0.38,2000,0.5815,franka,0.9615
26640d041edf4570b396c555efd4f818,0.338,2000,bathrobe,0.17510088187282766,0.3635,2000,-0.025499999999999967,robotiq,0.3635
8fe6ee86ddf4460c879e6214e5ea3c42,0.0005,2000,dress_hat,0.052064848711280615,0.355,2000,-0.3545,robotiq,0.355
ad1bc5b0800047f4b08db424eeb78437,0.6725,2000,gourd,0.00022627140512076254,0.942,2000,-0.26949999999999996,robotiq,0.942
669f98a3dcf34443ae88062e498b05bb,0.859,2000,Ferris_wheel,0.021002160697700768,0.343,2000,0.516,franka,0.859
9e4f6c7c49214be1b98cf180e1c432ac,0.075,2000,dish_antenna,0.11145723173398513,0.2865,2000,-0.21149999999999997,robotiq,0.2865
eb3d02aade5d4632a57a2ae2464eed52,0.799,2000,teakettle,0.9360097321997587,0.944,2000,-0.1449999999999999,robotiq,0.944
24f9bc38b64e4aed871dcf11080c5e8b,0.1025,2000,helicopter,0.0021592102711893973,0.1245,2000,-0.022000000000000006,robotiq,0.1245
eab46a489c5745a689bb02995f98bf77,0.547,2000,shawl,0.0027534523807846902,0.5365,2000,0.010500000000000065,franka,0.547
6ca1982c5d1f444ea08b3e6e8fa0ecc8,0.9395,2000,gravestone,0.0082409418017796,0.7105,2000,0.22899999999999998,franka,0.9395
8d0a014482e347f1b43a60fee82f6ecb,0.8585,2000,sunhat,0.013025467212118126,0.3655,2000,0.49300000000000005,franka,0.8585
0aed233caa4f4617be82edbbb9d4be87,0.86,2000,turban,0.0014623953904187397,0.7475,2000,0.11249999999999993,franka,0.86
4502d0bef442476d816d082e13a2fecd,0.8085,2000,microphone,0.0008284067678462885,0.228,2000,0.5805,franka,0.8085
b14cd20828ba47548d38ba5b88aa439d,0.875,2000,igniter,0.00014096940667959035,0.3965,2000,0.4785,franka,0.875
e83afd6ddaa34928af8f1f28a87e6f6f,0.0,161,saltshaker,0.004708903700309416,0.124,2000,-0.124,robotiq,0.124
9f6f9018f14a4dbea1ad1aea0ce89e7c,0.9385,2000,monitor_(computer_equipment) computer_monitor,0.0001752350833386561,0.13,2000,0.8085,franka,0.9385
9028c1cd5d7a49fdbdaf4c0512ffafb3,0.7135,2000,awning,0.008787890606333603,0.335,2000,0.3785,franka,0.7135
d51fcd44b74f4daf8012c41e0400c041,0.9175,2000,convertible_(automobile),0.0002651649649825523,0.943,2000,-0.025499999999999967,robotiq,0.943
9d3a26928bbe4c66ba834aad3428badf,0.8175,2000,giraffe,0.006506806992644733,0.5525,2000,0.265,franka,0.8175
08a416fcf03e4f4c85a1efb831475378,0.853,2000,lamppost,0.00028050896486816985,0.619,2000,0.23399999999999999,franka,0.853
d09143c8b9894cecb8b934db411d5e14,0.7825,2000,condiment,0.0782338911013541,0.4985,2000,0.284,franka,0.7825
b70a5d186ddb4e5fa2289f52a93db635,0.879,2000,space_shuttle,0.029184187172297697,0.6555,2000,0.22350000000000003,franka,0.879
4909c74fb03645ac99ca11ddfd036c2a,0.3425,2000,bow_(weapon),0.08116227929533759,0.306,2000,0.03650000000000003,franka,0.3425
ac2d1663b18e48be9693df967aec45d7,0.0315,2000,motor,0.47281694243234623,0.2105,2000,-0.179,robotiq,0.2105
de9efa09830a40448af09972470726d7,0.86,2000,shark,0.00036222647714982464,0.555,2000,0.30499999999999994,franka,0.86
f5fd28e6723b474ca1fa3f61de01af12,0.0095,2000,hamster,0.00822846378673307,0.972,2000,-0.9625,robotiq,0.972
c64724448870413bbb7d896188dfac8c,0.1885,2000,kitten,0.001309876081947954,0.3445,2000,-0.15599999999999997,robotiq,0.3445
8b8ab9357d6a463183e5dd47c075345e,0.952,2000,checkerboard,0.06354518612708351,0.1765,2000,0.7755,franka,0.952
30faa9f06c044f7dbfe59a01e880cedf,0.638,2000,doughnut,0.9194684836147254,0.6565,2000,-0.01849999999999996,robotiq,0.6565
c5c009d8f7e6473c8eea32cbf5bab14e,0.571,2000,beer_bottle,0.09038227365506103,0.196,2000,0.37499999999999994,franka,0.571
021d4fb28dc5452f8168504610beb86f,0.661,2000,joystick,0.013164350597612449,0.426,2000,0.23500000000000004,franka,0.661
2f42722313cc4c48861f43d1a4950834,0.8685,2000,cone,0.15307482266839925,0.5665,2000,0.30200000000000005,franka,0.8685
c73a41d4fcb8493aae327e039dfcc67f,0.8335,2000,minivan,0.033998675940356576,0.5425,2000,0.29100000000000004,franka,0.8335
15a583ac9db84a529e7ea1d2bd7eadbe,0.742,2000,refrigerator,0.057420047711997914,0.3675,2000,0.3745,franka,0.742
9eff77e9c5974c0d91418339eedccccd,0.716,2000,police_cruiser,0.0010203741155222236,0.544,2000,0.17199999999999993,franka,0.716
d878d181cc3947f3a4e4fa22c6cd11f5,0.9105,2000,hummingbird,0.08148319338370831,0.7295,2000,0.18099999999999994,franka,0.9105
d2c529d598d04d278034564b6e4377a1,0.3425,2000,umbrella,0.08167610370375267,0.396,2000,-0.05349999999999999,robotiq,0.396
aa90a0bfa0fe41c8af443300b19e21dd,0.5465,2000,hookah,0.15146974179158934,0.516,2000,0.03049999999999997,franka,0.5465
4a24de5470994e429e1fe79683a6ca06,0.9745,2000,stop_sign,7.073325309283676e-05,0.5015,2000,0.4730000000000001,franka,0.9745
f1526584726d4e87a735d9732c227a74,0.939,2000,belt_buckle,0.8786251450368325,0.488,2000,0.45099999999999996,franka,0.939
73d35ab1db52466b9c70d321fa5ae024,0.5055,2000,birdcage,0.007697028069172162,0.591,2000,-0.08550000000000002,robotiq,0.591
0305b7bf2650453d8aca2639b9a3c5ca,0.748,2000,folding_chair,0.07531917496979079,0.7575,2000,-0.009499999999999953,robotiq,0.7575
f601cd38f655447da2e83e3d9f5beb80,0.903,2000,toy,0.011290016231828551,0.5345,2000,0.36850000000000005,franka,0.903
72253ff6c3d1420d9698bd096e99977c,0.897,2000,screwdriver,0.0005973784053099663,0.433,2000,0.464,franka,0.897
1c361808142e49cf96f6035bc60e507c,0.85,2000,flash,0.11449791240691713,0.5265,2000,0.3235,franka,0.85
4e80cb5cbfea4390b8332e2239e769ac,0.9755,2000,hardback_book,0.740455391943115,0.1115,2000,0.864,franka,0.9755
5ecc887c3f8f40febfc08a7b81cfb965,0.832,2000,cassette,1.050324507706054,0.239,2000,0.593,franka,0.832
c08f39ce6a654ae4afcc925d7d11a6d3,0.52,2000,dress,0.04331845634334879,0.569,2000,-0.04899999999999993,robotiq,0.569
7242dc92501742cabc6edfc501e219a4,0.735,2000,wheelchair,0.07225050467193488,0.6255,2000,0.10950000000000004,franka,0.735
9237246f9a21433ba6a58782f5328e45,0.863,2000,spider,0.0011443417512746509,0.569,2000,0.29400000000000004,franka,0.863
1f499b5cd3fd4c8392e81231e7def77e,0.5025,2000,elk,0.21347291609222158,0.541,2000,-0.03850000000000009,robotiq,0.541
f80ff01911ea4811af89effae580765f,0.731,2000,fan,0.0013425126275310765,0.5125,2000,0.21850000000000003,franka,0.731
c01c1f205b2f40d5a58cd3ff38a634bc,0.1874032008260196,1937,drawer,0.0027448778549320906,0.587,2000,-0.3995967991739804,robotiq,0.587
1390c6cae6b34933a06a88502e284236,0.81,2000,snowman,0.15812992245176602,0.688,2000,0.12200000000000011,franka,0.81
4f4fe076fe624d2a8f198588c64fc6cb,0.4545,2000,mask,0.003968940627945938,0.161,2000,0.2935,franka,0.4545
c0a1e0cd1c744f55b5c7df7e8f43eba9,0.609,2000,Christmas_tree,0.028978932368111516,0.745,2000,-0.136,robotiq,0.745
74475cde29474c7683cb63bab6a0b94c,0.301,2000,birdfeeder,0.02806392509644678,0.477,2000,-0.176,robotiq,0.477
002be48987e54ac0924772d6a562eb51,0.833,2000,antenna,0.1205172634468897,0.6385,2000,0.1945,franka,0.833
db4affe7ebb34fe7b67ff302436dd549,0.0,1015,pug-dog,0.0839676195366536,0.035,2000,-0.035,robotiq,0.035
7c4a25ac913b4592927cca87792eaa11,0.655,2000,parrot,0.0004747747827680882,0.5905,2000,0.0645,franka,0.655
3ded283182614210a48ce29c4a2e0de8,0.7875,2000,dolphin,0.14348063460508928,0.679,2000,0.10849999999999993,franka,0.7875
3baf7d8e62e040f9ab54e1f06870fffa,0.6205,2000,chair,0.05294623356022569,0.757,2000,-0.13649999999999995,robotiq,0.757
0dc88e7e32d948a7a59bad388f55d472,0.4375,2000,alligator,0.021579929112738153,0.5415,2000,-0.10399999999999998,robotiq,0.5415
61567313e06345cfb42e945b10cf5405,0.339,2000,dinghy,0.00018909606084596773,0.355,2000,-0.01599999999999996,robotiq,0.355
0eeef145c31b4b65bccc12e000c5673f,0.7785,2000,sandwich,0.00963879579380801,0.3645,2000,0.414,franka,0.7785
1f4e5ea82d9e4e8bb6f4262f0355c7c9,0.8565,2000,thumbtack,0.035789077200582955,0.4385,2000,0.41800000000000004,franka,0.8565
dc9652c425194c8192c34874503df434,0.714,2000,shepherd_dog,0.012671739966955753,0.6,2000,0.11399999999999999,franka,0.714
8a22f1a1c43f42249a51872321e5f834,0.824,2000,cowboy_hat,0.03798124116816626,0.3425,2000,0.48149999999999993,franka,0.824
83ef1a1ea3ad4a2fb6c5c18c8454fdbf,0.824,2000,cone,0.11840830840085195,0.124,2000,0.7,franka,0.824
c68e6c50b4b040d780e3c137965a97f0,0.9295,2000,steering_wheel,0.046736676042160724,0.4735,2000,0.456,franka,0.9295
f8b6bf5626914e1e9f05d784e7cecc19,0.8395,2000,chopping_board,0.0061470379399455755,0.2935,2000,0.546,franka,0.8395
071be99aeb3044efa1d098f9c92a3449,0.0,128,speaker_(stero_equipment),0.13306675281530883,0.0009025270758122744,1108,-0.0009025270758122744,robotiq,0.0009025270758122744
ccaf84bc1c2c4afb82a208a84ec09dce,0.854,2000,fire_hose,0.0015743002209411927,0.676,2000,0.17799999999999994,franka,0.854
483fa14bd2804dd994acd137948bed97,0.9635,2000,water_gun,0.053985720640221974,0.5875,2000,0.376,franka,0.9635
7b5e576348c54318bb05374136e34b1f,0.7645,2000,mammoth,3.3232757781798353e-06,0.263,2000,0.5015,franka,0.7645
7b58228d95664e24aa54f9636a3de5a2,0.0,2000,ashtray,0.06225148469595135,0.156,2000,-0.156,robotiq,0.156
97b09c13d2fd4f77a39b9a5a016d2f14,0.836,2000,cork_(bottle_plug),0.7685579608423565,0.571,2000,0.265,franka,0.836
0c2491f4e91b48ec9b071e981df82340,0.7505,2000,forklift,0.005970509317101064,0.7625,2000,-0.01200000000000001,robotiq,0.7625
b5d22010f2ab4123a72d7b2a7d6643d7,0.2485,2000,bread,0.0135065355967807,0.425,2000,-0.1765,robotiq,0.425
7ff21a2134ef41a483278063f76712e4,0.7485,2000,shark,0.0008488260028945328,0.512,2000,0.23650000000000004,franka,0.7485
9c680c88b95e433e97cbfe3b37b4a3b1,0.81,2000,cylinder,0.0010504531728793762,0.7355,2000,0.07450000000000001,franka,0.81
f56d8998e8e9432d847bfbd18b52f673,0.677,2000,heart,0.0011611145105811503,0.437,2000,0.24000000000000005,franka,0.677
175a6fdbcff742bc9b18ce93d6a28d37,0.6635,2000,giant_panda,1.1269502048411563e-05,0.6635,2000,0.0,robotiq,0.6635
765572af5003423aa4e18230c4620dc1,0.0,2000,crate,0.01860668934377682,0.592,2000,-0.592,robotiq,0.592
c0b33a7cbd184b82943db196052a0f52,0.7405,2000,earphone,0.00012082251114567413,0.495,2000,0.24550000000000005,franka,0.7405
79e205bf89454102b85dbd488c3201ba,0.806,2000,monkey,0.05007352732895129,0.6345,2000,0.1715000000000001,franka,0.806
ca049ca2444c4ede874bb9744081ae64,0.913,2000,cellular_telephone,0.0024743690534251212,0.3935,2000,0.5195000000000001,franka,0.913
67a5956349574fac8431b9b12aad8b81,0.9045,2000,remote_control,0.0008308147155589558,0.387,2000,0.5175,franka,0.9045
a5bbeefabff747858aac0796dc74c9fe,0.963,2000,pool_table,0.0031819157061266532,0.1265,2000,0.8365,franka,0.963
e728dd63c5df41faa8913528062fa3fa,0.0,385,pumpkin,0.11136848577098671,0.587,2000,-0.587,robotiq,0.587
8c891444d62d443592d6451d0afeca27,0.8065,2000,tux,0.030991169733000958,0.598,2000,0.20850000000000002,franka,0.8065
94a4eba8ce784f95b726f7bdfbd086b7,0.9035,2000,sail,0.01386460382316008,0.361,2000,0.5425,franka,0.9035
37c3ed5fe7e44b5e8bd3ce89077cf40f,0.9775,2000,keycard,0.003478556981695115,0.0475,2000,0.93,franka,0.9775
3fdcc5bc702d40f6bfee171e7046e32d,0.857,2000,chair,0.0651853284617779,0.538,2000,0.31899999999999995,franka,0.857
e427c94cb6ae428fbbd22a8054934e67,0.9365,2000,lamppost,0.054040200197368646,0.4795,2000,0.457,franka,0.9365
ba31bc006ceb414b9bf5904f7bfeeca5,0.8205,2000,hatbox,0.11220062373453442,0.535,2000,0.2855,franka,0.8205
6add0a1fa81942acbb24504b130661c1,0.07,2000,water_bottle,0.0004181275108377088,0.2375,2000,-0.16749999999999998,robotiq,0.2375
bc0d0d9ea7544c0a84e7dc9cd72a09cf,0.905,2000,locker,0.10400007927603881,0.244,2000,0.661,franka,0.905
ad1ef89672ba41dca171b5b36e6a15ce,0.95,2000,puncher,0.0004927462856873369,0.2315,2000,0.7184999999999999,franka,0.95
ba1aff45888346dca386806022c56554,0.9035,2000,mousepad,0.000658745161675194,0.0105,2000,0.893,franka,0.9035
1a05d820c3e54ab99d110922beff9be8,0.531,2000,dress,0.0031620347467829556,0.3745,2000,0.15650000000000003,franka,0.531
bc9475576006482b88dfe0505d6f6769,0.724,2000,earplug,0.45455482583597745,0.4205,2000,0.3035,franka,0.724
804d6814818247978f28d12efcc38cce,0.743,2000,jet_plane,0.001660799542836383,0.764,2000,-0.02100000000000002,robotiq,0.764
b62f2e256a7a46c4a8615db21c199997,0.764,2000,cap_(headwear),0.04349776870075668,0.1265,2000,0.6375,franka,0.764
e328d1e4fd5b4f23a0dc04c9b5c7110d,0.0,575,cider,0.09082876405180239,0.0,881,0.0,robotiq,0.0
f3be35040fe94782bf5e3c0a88d34d5e,0.821,2000,blackboard,0.06840823593344991,0.295,2000,0.526,franka,0.821
8b004ccbf98a4926937cac33d16041e3,0.564,2000,bagel,0.8599913876340228,0.2585,2000,0.30549999999999994,franka,0.564
e6b8de64e9364eb294b3b0a530080fdb,0.897,2000,cupboard,0.10963339676993691,0.031,2000,0.866,franka,0.897
c38f909edb6e4186a05aa528fb046d77,0.768,2000,wet_suit,0.30277790490039913,0.5895,2000,0.1785,franka,0.768
df8e4d7ce33f4aa985f1fe15c5af4646,0.856,2000,celery,0.009919103764943182,0.7695,2000,0.08650000000000002,franka,0.856
baec476b08af4a539389652fce06a084,0.0015,2000,drawer,0.040657357638912754,0.637,2000,-0.6355000000000001,robotiq,0.637
f060379cd25d42f398a96824c503307e,0.3045,2000,wheel,0.2291708624986135,0.0795,2000,0.22499999999999998,franka,0.3045
d14007b844e14d2f957f1d92f47253f7,0.8495,2000,camcorder,0.5488840347487236,0.1945,2000,0.655,franka,0.8495
27cff3716bf84fedadd282b23c64a092,0.196,2000,teapot,0.1191210374220859,0.363,2000,-0.16699999999999998,robotiq,0.363
0fa0fbd329d34a63bc0d4c2ecf0a8d5d,0.8425,2000,alarm_clock,0.002187819383709706,0.3255,2000,0.517,franka,0.8425
92180fdb64ec49c39c420135877ca394,0.0,644,balloon,0.03985630157210142,0.18806509945750452,1106,-0.18806509945750452,robotiq,0.18806509945750452
b7f382dcc5094561a88ffc765fabe978,0.6595,2000,frog,0.16008071554044492,0.5575,2000,0.10199999999999998,franka,0.6595
e66068a7b1774abcabf96709695a7fe3,0.878,2000,chair,0.06708584438880856,0.5595,2000,0.3185,franka,0.878
fea67bc5f8d0428dade7289d9f85174d,0.959,2000,gameboard,0.016213830676946015,0.095,2000,0.864,franka,0.959
50eca44a12d84a39b500658f2f8d891e,0.4635,2000,lizard,139.88971919806673,0.4355,2000,0.028000000000000025,franka,0.4635
1ef90928c6994bb28d8069069dd5adce,0.195,2000,mallard,6.105483579275596,0.404,2000,-0.20900000000000002,robotiq,0.404
591ac582089148778213915bbb41ab8e,0.3545,2000,bench,0.031829898246591146,0.195,2000,0.15949999999999998,franka,0.3545
a173e9948ecb4d22ad23f427652d5cdc,0.6145,2000,pajamas,0.00018371652156633588,0.668,2000,-0.05349999999999999,robotiq,0.668
cd382cced38748238da190f7c9a90bd0,0.8365,2000,gravestone,0.052934192085986556,0.6535,2000,0.18300000000000005,franka,0.8365
b9d5c1b5497a4395a9f13224307f20bc,0.983,2000,file_cabinet,0.001683318905255953,0.2435,2000,0.7395,franka,0.983
3457cd69aee4442e87333e57943573af,0.06856187290969899,598,pumpkin,0.00037017003238976005,0.738,2000,-0.669438127090301,robotiq,0.738
18f3810848254462a820fcda25dd7713,0.292,2000,patty_(food),0.010101920974837008,0.2785,2000,0.013499999999999956,franka,0.292
deb570767fda4f24a6700f9106a616ae,0.9105,2000,pottery,0.0007477061189371365,0.9245,2000,-0.014000000000000012,robotiq,0.9245
b87a65917e494aa4b306aeb6ee961182,0.8685,2000,clock_tower,0.11238072352356769,0.8675,2000,0.0010000000000000009,franka,0.8685
f73fccfd8d46445eacc4bfc2d6ca5c72,0.469,2000,television_camera,0.0025866949734235254,0.411,2000,0.057999999999999996,franka,0.469
d816b210bf524123b9c3898fa1a89ae9,0.917,2000,puppet,0.005487903473878752,0.573,2000,0.3440000000000001,franka,0.917
82118925322647e38a6ea1a33e3bec4d,0.563,2000,drill,0.7808492367481908,0.2525,2000,0.31049999999999994,franka,0.563
2c7a80e3990e4d769e9b2b6ae00cb516,0.8325,2000,bass_horn,0.007414648610935235,0.5075,2000,0.32500000000000007,franka,0.8325
98eb39cbbff7448e8b8b26b8bd203dc0,0.932,2000,sword,9.815327989458699e-05,0.4435,2000,0.48850000000000005,franka,0.932
cbf26a0df9c14729bcc82017675a43e3,0.9065,2000,computer_keyboard,0.08218362842645245,0.8465,2000,0.05999999999999994,franka,0.9065
98746c2704284e57a3676cd5d767a7d3,0.4615,2000,bunk_bed,0.1523928109879699,0.256,2000,0.20550000000000002,franka,0.4615
ea71417c1d9841d4ad51e3522cce4207,0.5015,2000,tank_(storage_vessel),0.02841177820097107,0.3415,2000,0.15999999999999992,franka,0.5015
3b1d248e9ae443ec9a5d154abe7e238d,0.952,2000,dagger,0.012838091680657311,0.33,2000,0.6219999999999999,franka,0.952
9f95b2c1dd424685964f58618b6265ec,0.594,2000,fireplace,0.010836425189166606,0.3755,2000,0.21849999999999997,franka,0.594
945b559539f541c5be08ec9f1475363a,0.013,2000,gorilla,0.034476972737076554,0.6445,2000,-0.6315,robotiq,0.6445
6b8bad65c4a946e0898ec81af98f836d,0.001,2000,pancake,0.0022676765202613493,0.001,2000,0.0,robotiq,0.001
56b7b83dd08d475e894bb478cf4125d7,0.56,2000,globe,0.09567668906333072,0.6645,2000,-0.10449999999999993,robotiq,0.6645
cda1f64d6c3f48248e15db0854e32c4a,0.9015,2000,candy_bar,0.0021209077497983736,0.466,2000,0.43549999999999994,franka,0.9015
7ca7ebcfad964498b49af73be442acf9,0.9035,2000,tissue_paper,0.07589345436376202,0.0975,2000,0.8059999999999999,franka,0.9035
9e6fdad4420c4d0ab6aaa9a50a309c93,0.928,2000,crucifix,0.041144615155783604,0.403,2000,0.525,franka,0.928
ece9b0b818004e738a634294cbe1d2ff,0.8655,2000,bat_(animal),0.0022191903528866732,0.9765,2000,-0.11099999999999999,robotiq,0.9765
8e3c1c49387c4b799f422637449a060e,0.0665,2000,elephant,0.03087633636968373,0.4135,2000,-0.347,robotiq,0.4135
9affa340947c4ec6a2712ceff577311d,0.91,2000,calculator,0.0005540953150580579,0.283,2000,0.627,franka,0.91
4234b9646b4c49818623a14651659e2d,0.7005,2000,lizard,3.156316137784474,0.5395,2000,0.16100000000000003,franka,0.7005
e43c904708844579896bcb31f4416726,0.8855,2000,elk,0.02086035671946515,0.469,2000,0.4165,franka,0.8855
7d840006d0184ef496c9860765023f52,0.921,2000,telephone_booth,0.09206734092451084,0.4785,2000,0.44250000000000006,franka,0.921
8d2a40bb2f3940d3a8d050391327a2de,0.392,2000,armoire,0.14809845262676663,0.2305,2000,0.1615,franka,0.392
80c655fc179a4e068b03868fd4e2c708,0.7355,2000,basket,0.0055361502092938575,0.654,2000,0.08150000000000002,franka,0.7355
dd0f0bfbc3524063af20e2fd14ae846d,0.937,2000,stagecoach,0.006019306828006208,0.319,2000,0.6180000000000001,franka,0.937
618b0adc2df1477c80ea3a27247ca196,0.8105,2000,seaplane,0.0003559196613434848,0.4455,2000,0.365,franka,0.8105
cbb8524b46e34a218861f30a3997f954,0.0,360,pan_(metal_container),0.0016481458381253364,0.4415,2000,-0.4415,robotiq,0.4415
4ecc9c627863497a9cd94e39ebe30a17,0.961,2000,crate,0.0008070721487910318,0.268,2000,0.693,franka,0.961
ef7eb9989b124364ab06c390e9948421,0.91,2000,cup,0.0009136484579919777,0.229,2000,0.681,franka,0.91
3e24a039fc3541d1823089b1187497e2,0.7805,2000,dagger,0.021180698158052465,0.805,2000,-0.024500000000000077,robotiq,0.805
28d5f8f70d5c49258cd64381d0f6998c,0.8105,2000,bedspread,0.023808995278187486,0.5295,2000,0.281,franka,0.8105
155282a31dfb4972b4ae2e3072d281d6,0.8355,2000,armchair,0.11628966686257895,0.7935,2000,0.04200000000000004,franka,0.8355
751ed3b5331d4c3c869f0dab880ac19f,0.30407523510971785,1276,avocado,0.09962054455665183,0.1175,2000,0.18657523510971785,franka,0.30407523510971785
cbe93b42cf9047e5b55a2767886cef35,0.0,429,vest,0.007782605404595662,0.0725,2000,-0.0725,robotiq,0.0725
be82f54dc95e4130b2803c10713686e3,0.877,2000,sewing_machine,0.00039384084961277435,0.9805,2000,-0.10350000000000004,robotiq,0.9805
8ea2235340054945858b9834a60d5b0a,0.679,2000,generator,0.03709878965864904,0.4185,2000,0.26050000000000006,franka,0.679
6687061f614f4340bd44b8c4006f7e2e,0.951,2000,machine_gun,0.013281857609736695,0.716,2000,0.235,franka,0.951
12df0b75adc84fe58e49e602308dcef7,0.6625,2000,sandal_(type_of_shoe),0.003140606053156266,0.4515,2000,0.21099999999999997,franka,0.6625
fd831b815fcd4b6894d840adf460fb18,0.353,2000,beanie,0.03551814084530035,0.899,2000,-0.546,robotiq,0.899
62903f8a858f4baf9e6dda24d2a93c40,0.767,2000,sandwich,0.07229955623434206,0.3285,2000,0.4385,franka,0.767
b1dd6e4881b648039779b58a9c82d72c,0.881,2000,tequila,0.06113360214372991,0.874,2000,0.007000000000000006,franka,0.881
170e6dc134234e30ba2d7f23401e5cf4,0.9905,2000,horned_cow,0.0004895929553571535,0.0995,2000,0.891,franka,0.9905
4a199a2264d44fd69e5114730e774ae6,0.7685,2000,bow-tie,0.044051466942327755,0.6125,2000,0.15599999999999992,franka,0.7685
f251170274014dd99e092660f7cc4053,0.232,2000,cardigan,0.0005916374840790247,0.572,2000,-0.33999999999999997,robotiq,0.572
36fe89a5c53d469cb8d3b0558ee6f0b4,0.7865,2000,flamingo,0.0209473045300998,0.463,2000,0.32349999999999995,franka,0.7865
a5d403034bf74a63ba8131d4f7f83ae4,0.0005,2000,parka,0.12857597234879414,0.3795,2000,-0.379,robotiq,0.3795
6992dae82b99461a9a43c2debd84cbd5,0.836,2000,bow-tie,0.0018473241200848377,0.542,2000,0.29399999999999993,franka,0.836
99a83e49b53c477ca4a91edd600e0016,0.7305,2000,recliner,2.450896102870383e-06,0.6665,2000,0.06400000000000006,franka,0.7305
8db33631ba4e4ac19393aac9721e8d39,0.957,2000,bottle_opener,0.0026364968556009958,0.519,2000,0.43799999999999994,franka,0.957
dc98f3242881403392950e5246d85ed1,0.0,1068,patty_(food),0.017318607466122397,0.0,2000,0.0,robotiq,0.0
ab1b676239b44c4bac53d652a4147738,0.0021929824561403508,456,cake,0.13986079313763045,0.1525,2000,-0.15030701754385964,robotiq,0.1525
75c058a8028340e1adbdc9ea2dfda9d4,0.8355,2000,soya_milk,0.11949122845383739,0.401,2000,0.4345,franka,0.8355
b30b6a9018f842e7b12622387979b0fa,0.783,2000,diary,0.09817689447471557,0.0835,2000,0.6995,franka,0.783
4e6d591f6e50493aa5e31355084fc4e8,0.7825,2000,hummingbird,0.8869580921308726,0.421,2000,0.3615,franka,0.7825
3188e466f8f44fff81264ff64ceaff82,0.9,2000,chair,0.05788590717090649,0.364,2000,0.536,franka,0.9
154f869343954bdda90bb4802828a1f7,0.51,2000,grizzly,0.008957850986051244,0.881,2000,-0.371,robotiq,0.881
918ee5f333344b4da18e5e95c2acf34b,0.8695,2000,musical_instrument,0.006217347510757633,0.613,2000,0.25650000000000006,franka,0.8695
fcabee72a3a44fba8c94583d56a1cb06,0.695,2000,baseball_cap,0.6132563825279091,0.477,2000,0.21799999999999997,franka,0.695
5882f74fb1444037851fb12c1572a0cd,0.8415,2000,pool_table,0.007672073431816303,0.2175,2000,0.624,franka,0.8415
66d208d29503450ca28c0152864b7379,0.8385,2000,armor,0.07033528952731107,0.612,2000,0.22650000000000003,franka,0.8385
6609a15e952a4ea2be993cdb9aead425,0.3575,2000,patty_(food),0.0010078305199773666,0.2865,2000,0.07100000000000001,franka,0.3575
e3206a63a96a4419b4bce297462cb05f,0.897,2000,trench_coat,0.0005651110645533432,0.769,2000,0.128,franka,0.897
1c606ef8da3d4881a87b29087f6ef4a1,0.6325,2000,aquarium,0.17958352331339983,0.566,2000,0.0665,franka,0.6325
b4a2c7380da24adf8ac7777870088983,0.2315,2000,Christmas_tree,0.015598104524336924,0.5215,2000,-0.2899999999999999,robotiq,0.5215
210a6f607e5e4036846b50e7f783f842,0.4445,2000,pastry,1.7182573029926627,0.1765,2000,0.268,franka,0.4445
aab5fc38bece40f3a170aa456534706d,0.9315,2000,pocketknife,0.007970799646919753,0.574,2000,0.35750000000000004,franka,0.9315
cedf99b8e91845c6bdfac05153e4a14c,0.919,2000,gravestone,0.00047588069491864946,0.558,2000,0.361,franka,0.919
6d7bf998d2374980ba9a08c5567fcf24,0.6405,2000,bookmark,0.00026777875763276207,0.382,2000,0.25849999999999995,franka,0.6405
40c94d8b31f94df3bd80348cac8624f1,0.4125,2000,pickup_truck,0.047025503402590776,0.5585,2000,-0.14600000000000002,robotiq,0.5585
2b924e8700034b5288a8aa36f69c86ab,0.3685,2000,helicopter,0.004147457916055741,0.462,2000,-0.09350000000000003,robotiq,0.462
c8b416221569445382a3a0f3bcc792ec,0.8825,2000,avocado,0.0002868980724347296,0.8535,2000,0.028999999999999915,franka,0.8825
00c86cb620a743cc81d9cb87ad4d8696,0.08150134048257372,1865,book,0.015401755713931119,0.1825,2000,-0.10099865951742627,robotiq,0.1825
69de621a1f7a41efba3e7b982054835e,0.111,2000,gargoyle,0.32328235364758345,0.1935,2000,-0.0825,robotiq,0.1935
1d4c42c6fb614608b43ed75aa9457f16,0.2445,2000,cloak,4.2951583257989956e-05,0.0915,2000,0.153,franka,0.2445
6875bd180a0e4e399b8a1636c49e46d4,0.888,2000,gargle,2.0358246220850584,0.6855,2000,0.2025,franka,0.888
da6d646358d1451fa751f1a9141290a3,0.5075,2000,armchair,0.005334540870438457,0.6,2000,-0.09250000000000003,robotiq,0.6
32760dd5ef044579938634e68eede737,0.906,2000,candle,0.298020219622235,0.551,2000,0.355,franka,0.906
250ffc764c0a47df9318302f008d30c8,0.6015,2000,pocket_watch,0.09351187239681244,0.1545,2000,0.44700000000000006,franka,0.6015
64ee92cebf5441629c4ed97c2ebed515,0.6045,2000,pirate_flag,0.16419711185587788,0.538,2000,0.0665,franka,0.6045
7fbe7e469b784e8884eb07389d990a01,0.425,2000,limousine,0.36628399220667646,0.32,2000,0.10499999999999998,franka,0.425
d96b4536148d44fe9fc8e947088e215b,0.66,2000,rifle,0.012816681789353735,0.4425,2000,0.21750000000000003,franka,0.66
11884dc5030840efa444dcfcc446389c,0.7285,2000,doughnut,0.051507855110921416,0.3615,2000,0.36700000000000005,franka,0.7285
2c5b7dfb22e94b3cbdd6abcba9aea222,0.646,2000,taillight,0.05639089023512457,0.665,2000,-0.019000000000000017,robotiq,0.665
800d25d41e9641f7b349c564c3af32c7,0.38,2000,blouse,0.10397580951294023,0.143,2000,0.23700000000000002,franka,0.38
1358f096c19248d1a5284cac34c7ce25,0.943,2000,stop_sign,0.11217967973472441,0.469,2000,0.474,franka,0.943
e00fafc01bdf48939f6fb1909b247672,0.5605,2000,fireplug,0.044299732626608426,0.5965,2000,-0.03600000000000003,robotiq,0.5965
4ae1654173bf4d3185a4b88723fa372f,0.944,2000,vodka,0.004331645340096879,0.4825,2000,0.46149999999999997,franka,0.944
a38c0b0536d345ee86c883c931ad33c8,0.843,2000,seahorse,0.006766756140014621,0.754,2000,0.08899999999999997,franka,0.843
4ffc8ffb491f4db49308f4a730ae24a0,0.671,2000,boom_microphone,0.013440550522994976,0.435,2000,0.23600000000000004,franka,0.671
115a4de0551b4caa9ff726d263dceaeb,0.5595,2000,fish,0.02601036061024443,0.5185,2000,0.041000000000000036,franka,0.5595
28b34d3b51dc45eb9805a7eed479af63,0.5575,2000,cufflink,0.00016306007480611123,0.699,2000,-0.14149999999999996,robotiq,0.699
f3512126d36a4630893585f1ee2e44d2,0.9705,2000,wine_bottle,0.008346952555524551,0.4855,2000,0.48500000000000004,franka,0.9705
f3f0116f5ec749959c8831dd1074771b,0.936,2000,dog_collar,0.006489026769411049,0.483,2000,0.45300000000000007,franka,0.936
079495b273584867b3767d05aa244bad,0.839,2000,ram_(animal),0.005771599625953132,0.612,2000,0.22699999999999998,franka,0.839
4187c26ebd76413181528663df783a26,0.668,2000,bookcase,0.13465445561997885,0.349,2000,0.31900000000000006,franka,0.668
dcd14d186bcb4354a38b7e094989f251,0.7395,2000,cigarette_case,1.4255555005909952,0.6445,2000,0.09500000000000008,franka,0.7395
149ab79d9b81432ab641029d524ef0ee,0.7225,2000,waffle,0.5127601506396724,0.2035,2000,0.519,franka,0.7225
18a7bc41962748aab88ace9c70b90c31,0.8365,2000,chocolate_cake,0.38944098550980544,0.2435,2000,0.593,franka,0.8365
072e3ae09bf84f2f9b8556e6e4f15e5f,0.0,12,aquarium,0.002880559074096593,0.0,2000,0.0,robotiq,0.0
954bcc16347940af96136bc6b666cb69,0.893,2000,bed,0.0011953569809728102,0.244,2000,0.649,franka,0.893
3ea200a8e39d487ca90647b046cd29c3,0.9815,2000,doormat,0.013452565466395039,0.0495,2000,0.932,franka,0.9815
e3976ad400224227834384d8d2784f5d,0.078,2000,duffel_bag,0.0002859865665922093,0.6455,2000,-0.5675,robotiq,0.6455
33344266dad14c4593a0ad37b140e333,0.5205,2000,heater,0.004625273598344874,0.444,2000,0.07649999999999996,franka,0.5205
9273c66886cd4792a983263d2082da82,0.7715,2000,helicopter,0.032632103365611044,0.4785,2000,0.293,franka,0.7715
a2472c273f2d4cb48eae31378898ea5e,0.805,2000,barrow,0.00011726840249446166,0.481,2000,0.32400000000000007,franka,0.805
b8a7cc0278304cf0882ddf25040af3d9,0.8345,2000,bottle,0.018496703786588044,0.6,2000,0.23450000000000004,franka,0.8345
70005f64dc8a4250bb3017515b83f878,0.5605,2000,hardback_book,0.009585495627063479,0.033,2000,0.5275,franka,0.5605
e2258433d1134e30aed8ad6b8a01bfe3,0.3515,2000,flag,0.007518374502801173,0.248,2000,0.10349999999999998,franka,0.3515
f825c82b549045b3b090af98aab40a60,0.5565,2000,drum_(musical_instrument),0.039484065224626975,0.555,2000,0.0014999999999999458,franka,0.5565
5d87131def87474883f7c7254d6ac313,0.0485,2000,pinecone,0.005021245245132155,0.813,2000,-0.7645,robotiq,0.813
a854eacb9a784cfa96f49c07d44402da,0.6905,2000,wall_clock,0.0073289977648623335,0.298,2000,0.3925,franka,0.6905
fd38da81ce0e41f29869c0dc7d051d2c,0.6372670807453417,1610,locker,0.13291870618524054,0.4685,2000,0.16876708074534164,franka,0.6372670807453417
8b6b1487054a4a1b9a640387f5b819c2,0.4665,2000,piano,0.0015653031735331424,0.287,2000,0.17950000000000005,franka,0.4665
1a767a727c484ff6b82c0a80f2f8649a,0.874,2000,tequila,0.0039637921851650056,0.348,2000,0.526,franka,0.874
02c4ee90724144fba9cb896602318f2d,0.838,2000,lampshade,0.001984542536991168,0.4715,2000,0.3665,franka,0.838
b06cbd9f8fbe40ffa93ee49ed9f052c3,0.5485,2000,waffle,0.14571991276517832,0.0415,2000,0.507,franka,0.5485
bf4187ec36724f8b97f048cfaf7b07aa,0.6335,2000,fighter_jet,0.01707716395855289,0.3805,2000,0.25299999999999995,franka,0.6335
c9405115a26344bb810ab1eb31ff73bc,0.842,2000,beeper,1.23018396164073,0.583,2000,0.259,franka,0.842
e0eb9050274b479e84006a601c9824c4,0.618,2000,postbox_(public),1.613183373382751,0.3745,2000,0.2435,franka,0.618
f880b45cde9f41cf9b4afbfe25ce9887,0.5085,2000,blazer,0.018998996942161644,0.237,2000,0.27149999999999996,franka,0.5085
9d9557c5f3af4639bcacf468e4e5182a,0.0,2,cooler_(for_food),0.16086364120354904,0.0,750,0.0,robotiq,0.0
7613cd31be404757aa0003643ee8f794,0.766,2000,lamp,0.0005131426335215907,0.5405,2000,0.22550000000000003,franka,0.766
12f8507c2eae4ce6a73b322a78a2c0c6,0.886,2000,thermostat,0.007626764639470215,0.511,2000,0.375,franka,0.886
c44bacfdae344940a33033d9e6143fa5,0.995,2000,coin,0.7365804599346006,0.04,2000,0.955,franka,0.995
ca8714754e0c4a4f82adefadbf1b2d1d,0.5995,2000,dustpan,0.03651334776821911,0.535,2000,0.0645,franka,0.5995
9b1161c5e56e43218d42c639e3511fe5,0.947,2000,shield,0.0017696595487036644,0.57,2000,0.377,franka,0.947
bcd8eaf8dc13433493944a7f6b882f9a,0.5345,2000,mug,0.0005107975705387069,0.1615,2000,0.373,franka,0.5345
ecbcf91746d246c394823464af2feef4,0.4955,2000,birdhouse,0.19336799139000102,0.2975,2000,0.198,franka,0.4955
d5aeb3ea0de74d3f989a1649da50aae0,0.006,2000,pan_(metal_container),0.002933203619705678,0.348,2000,-0.34199999999999997,robotiq,0.348
a00f60192d1740f49902009c3d0aac05,0.941,2000,spectacles,0.000773317680958341,0.304,2000,0.637,franka,0.941
40c0747bd8b84d319850ca415644cb72,0.824,2000,awning,0.020928574267623783,0.259,2000,0.565,franka,0.824
d8230f06e9b74316a175e9b618947423,0.822,2000,parasail_(sports),0.031010030254099343,0.731,2000,0.09099999999999997,franka,0.822
59b9bb5fd55a4cc5ab71f24fcca26f8f,0.7965,2000,buoy,0.3447376151217044,0.9255,2000,-0.129,robotiq,0.9255
aa44b7cb272b4a9d837fd9b46e9aa577,0.9935,2000,crayon,0.10672387909820125,0.1075,2000,0.886,franka,0.9935
33fced7c840f42539e699ead09a68517,0.9695,2000,toaster_oven,0.00023765174024176913,0.9805,2000,-0.01100000000000001,robotiq,0.9805
797e7d8967e34d829788927f4599b4a1,0.954,2000,paperback_book,0.08087473069991177,0.0425,2000,0.9115,franka,0.954
2cf72e290a2e4849841df9d29905911e,0.0,2000,pottery,2.4096991006903106,0.0385,2000,-0.0385,robotiq,0.0385
9be8ac59af9a4ac780952a1055c8f131,0.9915,2000,pastry,0.11118427838844805,0.0575,2000,0.934,franka,0.9915
c8990092ef234f5799c377464eb8fe56,0.67,2000,kennel,0.05617613489520342,0.6175,2000,0.05249999999999999,franka,0.67
04eebb0543df40bda1034ddefe0047f8,0.308,2000,pitcher_(vessel_for_liquid),0.1638480811962144,0.252,2000,0.055999999999999994,franka,0.308
897ce33a65d04bb69eb3d87d0742464f,0.836,2000,rocking_chair,0.30433347628904905,0.4925,2000,0.34349999999999997,franka,0.836
41d5ba704e154fc8889f5190fffdde07,0.871,2000,salmon_(food),0.053413071263769894,0.4285,2000,0.4425,franka,0.871
27b34ca5f7a940bfa3ef5245c664024b,0.696,2000,chinaware,0.006441397885958918,0.5105,2000,0.1855,franka,0.696
fee4160588ea40bca74e17785f5c3179,0.9035,2000,pliers,0.0006634256894707201,0.1125,2000,0.7909999999999999,franka,0.9035
f86b9aa9cd18453ab8d20f96ce8cb9bc,0.297,2000,casserole,1.5347867614196022,0.218,2000,0.07899999999999999,franka,0.297
40fd88f3ac3c4fa28bef52b972667a59,0.8805,2000,hot-air_balloon,0.002802808459595143,0.763,2000,0.11749999999999994,franka,0.8805
e8196d182de94b52914ee491d605f971,0.001,2000,soup_bowl,0.04929660539113106,0.0605,2000,-0.0595,robotiq,0.0605
82780cbdeae548c582caf7ba16ed0f87,0.665,2000,reflector,0.023704863908369723,0.4215,2000,0.24350000000000005,franka,0.665
ddc05284711b4132808bcd187bbcd503,0.9175,2000,blackboard,0.007388369541208122,0.4685,2000,0.44899999999999995,franka,0.9175
282a990de8e24cdb9ba9d3aa093670a0,0.763,2000,surfboard,0.1523161649766135,0.333,2000,0.43,franka,0.763
8c9bceca966f4d47b2a440a1dc434989,0.205,2000,dress,0.002179750663070635,0.3675,2000,-0.1625,robotiq,0.3675
e1d2eda711e9492c8be09b22c21fb4c4,0.0,1294,gemstone,0.0007314005765348238,0.2105,2000,-0.2105,robotiq,0.2105
8a36fcb9485d4071b43415b595bd6c9d,0.0,384,gourd,1.6802211045227853,0.6755,2000,-0.6755,robotiq,0.6755
57396e794e2947c5b29c36c7d4764dc3,0.311,2000,pie,1.7009974197268563,0.0135,2000,0.2975,franka,0.311
93f48ed116e44dc8b1dc4801bbd3a3eb,0.479,2000,snowmobile,0.005248728128088438,0.4015,2000,0.07749999999999996,franka,0.479
9dc66ee21cce436c801f6bf203b61291,0.144,2000,owl,0.00023696900135442567,0.4305,2000,-0.2865,robotiq,0.4305
08acb0c266f14531a7860463e66518de,0.9575,2000,checkerboard,0.01139967551585345,0.3415,2000,0.616,franka,0.9575
fa711666ac094d2c91d21018b8c9b421,0.6845,2000,kitten,0.0028392680029918137,0.6445,2000,0.040000000000000036,franka,0.6845
7075ff0a93d14fdd8cf34121f0897777,0.3775,2000,turtleneck_(clothing),1.9944424061195891,0.299,2000,0.07850000000000001,franka,0.3775
7a8f962342b5422bb0a5d1234a4b5747,0.559,2000,log,0.00385028101124443,0.8025,2000,-0.24349999999999994,robotiq,0.8025
307a4f5a12fc4f799468bb6139a1be09,0.876,2000,chessboard,0.029488376861544083,0.2495,2000,0.6265000000000001,franka,0.876
e693a7b4f7dc49a3aaee4048f986ed14,0.0,2000,seashell,0.0050130799553055145,0.0575,2000,-0.0575,robotiq,0.0575
b9a919debbd6431fbafb893393bb6eac,0.0,2000,bucket,0.0452171116529385,0.7385,2000,-0.7385,robotiq,0.7385
84625e10b6bb40ddbc12f411e75c68b3,0.6685,2000,marker,0.024227249019106636,0.655,2000,0.013499999999999956,franka,0.6685
ed6850e61792430581c8f9851fb7b4c5,0.5475,2000,dish_antenna,0.03973505988581703,0.804,2000,-0.25650000000000006,robotiq,0.804
043156aea7a54ee48673019c4c414b5e,0.418,2000,skewer,0.00015263379792080777,0.18,2000,0.238,franka,0.418
22ce6b6e9a9041a4ba7ebd9f8e30d063,0.8185,2000,eagle,0.11208411585169528,0.467,2000,0.3515,franka,0.8185
c99cb8139fc6429ca610660e5fddca2e,0.6155,2000,lizard,0.10521142563398397,0.5235,2000,0.09200000000000008,franka,0.6155
6064b009396f49048882cc26a007d991,0.9955,2000,tapestry,0.08718850308553412,0.0535,2000,0.9420000000000001,franka,0.9955
53cce85d9068451a936c413369a7ed8f,0.719,2000,drum_(musical_instrument),0.007907159044871423,0.5415,2000,0.1775,franka,0.719
fcf64ccbf72340558b54dc328ba9bc3e,0.9015,2000,wheelchair,0.0018304595794403058,0.5625,2000,0.33899999999999997,franka,0.9015
457c34c9297d44a1a5d4e5d093c6a712,0.823,2000,table-tennis_table,0.030638913216877967,0.357,2000,0.46599999999999997,franka,0.823
c351adf1cc9e4e7f83f24c0c7317e68d,0.6615,2000,shower_head,0.01522033473634849,0.3845,2000,0.27699999999999997,franka,0.6615
effa9692c0b64245aba9c163c991b21c,0.804,2000,edible_corn,1.0943426832297531,0.1445,2000,0.6595000000000001,franka,0.804
75fb17d3598048768893c96cedd0a5aa,0.542,2000,salmon_(food),0.00015435166819684277,0.3585,2000,0.18350000000000005,franka,0.542
d4502c7e72c44fa2be1257ef7b78cd58,0.3605,2000,soup_bowl,0.004655227298720055,0.8985,2000,-0.538,robotiq,0.8985
684440b44e984bfebc6395587092bd35,0.647,2000,wheelchair,0.0002423687906656494,0.4665,2000,0.1805,franka,0.647
c5efe3b185634107b5fa5117ef0a04e3,0.569,2000,elk,0.23763074926946218,0.4265,2000,0.14249999999999996,franka,0.569
86a47442bf054621982c06760ebba2eb,0.98,2000,reflector,0.0006441776581053304,0.145,2000,0.835,franka,0.98
636d6a9279e24242914799709502b258,0.9505,2000,pizza,0.06390047117405527,0.2535,2000,0.6970000000000001,franka,0.9505
df7e33c31d0d42d4ae7a5c7b009f39f8,0.7045,2000,gun,0.00012390304601756467,0.7115,2000,-0.007000000000000006,robotiq,0.7115
51ea6a23d71a4a9aa1cbbee3d55283e2,0.8655,2000,cone,0.0515795454592963,0.879,2000,-0.013499999999999956,robotiq,0.879
aea464310259449a8763003672c33a94,0.7955,2000,lampshade,0.06851969186247575,0.6495,2000,0.14600000000000002,franka,0.7955
2d194e2ddee84834a929c3f25da58da5,0.86,2000,radish,0.00162987007056947,0.3015,2000,0.5585,franka,0.86
09273dfa925643b4b44cb8a1d3a1b6f9,0.9415,2000,steering_wheel,0.07056155094113685,0.418,2000,0.5235000000000001,franka,0.9415
f28f781755a84a4e83e56e36d06c624f,0.0,2000,beer_can,0.08212957368596442,0.054,2000,-0.054,robotiq,0.054
454c2acddab24e718736183a2f979a9f,0.682,2000,mandarin_orange,0.027467048367096687,0.366,2000,0.31600000000000006,franka,0.682
000074a334c541878360457c672b6c2e,0.8125,2000,flip-flop_(sandal),1.318693378634075,0.217,2000,0.5955,franka,0.8125
c0a26335369947419d833134143a8aa7,0.8295,2000,table_lamp,0.38045960780284693,0.5835,2000,0.246,franka,0.8295
f183f7c392494ead9cae2654b6f1af8b,0.917,2000,cupboard,0.00055608651418469,0.54,2000,0.377,franka,0.917
5bb40f883aa3456eb8bc42080f63ccb0,0.623,2000,jersey,0.0032685706147394687,0.491,2000,0.132,franka,0.623
a5675c68716445c79db014735e7b7d80,0.5955,2000,overalls_(clothing),0.0016478756110363405,0.4715,2000,0.12400000000000005,franka,0.5955
e0de07c5feeb4ad49c12505fb088dd3c,0.3995,2000,crab_(animal),0.01126453005536734,0.461,2000,-0.0615,robotiq,0.461
3f32c3fa162c418ea3b786e7fd34c943,0.565,2000,bedspread,0.1095143903483728,0.202,2000,0.36299999999999993,franka,0.565
618e77d38f574f94ad4fd3219daf5011,0.808,2000,table-tennis_table,0.0015714832042798001,0.276,2000,0.532,franka,0.808
dde1c48231de41eb83a60c11aea01deb,0.78,2000,boat,0.02228108755251906,0.4425,2000,0.3375,franka,0.78
5ba18ac80fef47a8ba9fe7e399a3991d,0.757,2000,clock,0.0009385946961114575,0.509,2000,0.248,franka,0.757
3865850403ef4051a1f132955b631912,0.829,2000,seashell,0.022507270180725396,0.627,2000,0.20199999999999996,franka,0.829
9a89e1f5d3454923b1e14969333dfd8c,0.637,2000,gorilla,6.748020160116089e-05,0.89,2000,-0.253,robotiq,0.89
1fb985a5d5974bdcb412e91293d817f7,0.5065,2000,cup,0.00888011217318945,0.899,2000,-0.39250000000000007,robotiq,0.899
46d9c322e32d4cb38baace9c1ed2933a,0.636,2000,award,0.0874155818244804,0.5415,2000,0.09450000000000003,franka,0.636
2e47e0a0f0ce48f48940e293eda1cd81,0.926,2000,machine_gun,0.17530798953317933,0.4705,2000,0.45550000000000007,franka,0.926
84c4e55948414c6db2473da7b6e9cbb7,0.0,1923,air_conditioner,0.01902513386932573,0.5355,2000,-0.5355,robotiq,0.5355
dd8b8bd637b5420badb323d5ec82a948,0.545,2000,candle_holder,0.0041316957655561735,0.5925,2000,-0.04749999999999999,robotiq,0.5925
f8d2af8d4b2848c4bb1db77920197110,0.6575,2000,fan,0.00013736653128390927,0.94,2000,-0.2825,robotiq,0.94
a21fa343f6a34ceebff81bcf6766f091,0.938,2000,sunglasses,0.6716362343414854,0.4515,2000,0.48649999999999993,franka,0.938
f15fdf877b904446bbf002344bc20b51,0.7815,2000,chair,0.07937972058399391,0.7315,2000,0.04999999999999993,franka,0.7815
634e876bc6374e46ba5b5554bf63cb75,0.8265,2000,bed,0.04384656630458984,0.6435,2000,0.18300000000000005,franka,0.8265
72265e59796a408b898456305da92b3f,0.3655,2000,quiche,0.008164485926825558,0.0435,2000,0.322,franka,0.3655
d085591ac205493f8d41fa6300242df3,0.8865,2000,rabbit,0.5607484486840763,0.5715,2000,0.31499999999999995,franka,0.8865
e3632cbea4cc46d18f9724a3833ddae8,0.893,2000,pew_(church_bench),0.004406938717115767,0.303,2000,0.5900000000000001,franka,0.893
7b428e9abfcb41bd814176d4d661677b,0.443,2000,turtle,0.028496733463452547,0.364,2000,0.07900000000000001,franka,0.443
954fc38123ec4b3f856ce1de9cf0a8c1,0.873,2000,key,0.1343201731590611,0.299,2000,0.5740000000000001,franka,0.873
f7ed4ed3c59b4015ad7e9f4a01490a7f,0.908,2000,fishing_rod,0.0005091274468235239,0.8175,2000,0.09050000000000002,franka,0.908
9f84a4a96a824d129ac302cdd68bbd5c,0.8445,2000,wine_bottle,0.0007894861853443167,0.4645,2000,0.38,franka,0.8445
569c551891a14f8ba70ed992670e4cd3,0.928,2000,armband,0.2834263425687451,0.7785,2000,0.14950000000000008,franka,0.928
c118da79a044487180b983180fef07ca,0.525,2000,polo_shirt,0.00028122173935034447,0.6075,2000,-0.08250000000000002,robotiq,0.6075
9920ae029f80406c99d413200dcdaa2c,0.6405,2000,cone,0.006689559136713679,0.3495,2000,0.291,franka,0.6405
0ed899def79a43d69bee31634e03f300,0.924,2000,mask,0.02519327890157127,0.0535,2000,0.8705,franka,0.924
a564a11174be455bbce4698f7da92fdf,0.728,2000,mug,0.03334332493536932,0.6215,2000,0.10649999999999993,franka,0.728
bcdaf2efb530464c8faa7a0aef5679f8,0.6535,2000,heart,0.0019046211563367118,0.7925,2000,-0.139,robotiq,0.7925
ba0de8ab340c4c59842082d3f3fdf2d3,0.6255,2000,lion,0.012047293968711134,0.4545,2000,0.17099999999999993,franka,0.6255
53e11060a7384144b1ba89dea86414af,0.2205,2000,army_tank,0.007957108248873645,0.6405,2000,-0.41999999999999993,robotiq,0.6405
d559f45b2d13437b9681a70fed5cc8e3,0.935,2000,candle_holder,0.004774568186771571,0.632,2000,0.30300000000000005,franka,0.935
cb97c1da9c284f77b1fd0842bd0b26ed,0.501,2000,gemstone,0.12635647783119916,0.4245,2000,0.07650000000000001,franka,0.501
c40379cc02d24defa9ce324738153930,0.62,2000,cup,0.002342303585548748,0.0415,2000,0.5785,franka,0.62
8fbc2087b1254376b9afec839f59d584,0.8815,2000,table_lamp,0.009405986329662249,0.414,2000,0.46749999999999997,franka,0.8815
a7d105477772404daf5bad8011b6f1a8,0.536,2000,piano,0.020084491330751384,0.357,2000,0.17900000000000005,franka,0.536
c0acb964bc584b529440e4c03a1df548,0.848,2000,vest,0.045878615999906586,0.6325,2000,0.21550000000000002,franka,0.848
708b5014d7b34ed781878932a23dbf1b,0.022,2000,car_(automobile),0.10378825615260809,0.3085,2000,-0.2865,robotiq,0.3085
3146c02a2b5e41b9ac8481c66c8e1ba1,0.7405,2000,mug,0.015396140606809054,0.1445,2000,0.5960000000000001,franka,0.7405
24a294b94176474a924282204da22423,0.939,2000,wall_clock,0.05346650825807722,0.551,2000,0.3879999999999999,franka,0.939
f9893c3dacdb48a3bcff0106ea5a5404,0.8645,2000,rat,0.00012887904312269062,0.836,2000,0.02850000000000008,franka,0.8645
d27743ef88c44e76a294be09f7d162ef,0.9465,2000,igniter,0.8505356509096417,0.9565,2000,-0.010000000000000009,robotiq,0.9565
034f2eceb09c40cd9d559268412a756e,0.899,2000,chair,0.09785722059344285,0.569,2000,0.33000000000000007,franka,0.899
5610c2ab40db4c01a31b27b27358c9d1,0.2895,2000,turtle,1.5005641081353314,0.317,2000,-0.027500000000000024,robotiq,0.317
29e245bc655942878879b93e658440e7,0.866,2000,button,0.0013923945413850446,0.937,2000,-0.07100000000000006,robotiq,0.937
b14201002b5e4a22957819204be935d0,0.4725,2000,beetle,0.08688558133589838,0.137,2000,0.33549999999999996,franka,0.4725
fed5612d78e64f43a74c9b8330d894b8,0.5925,2000,carnation,0.16617292781819895,0.528,2000,0.0645,franka,0.5925
ef97ad96268144de99f87132272cc0ce,0.755,2000,wine_bottle,1.052048972715601,0.606,2000,0.14900000000000002,franka,0.755
77d37c2648b647de896108e2bd95d21e,0.879,2000,crow,0.10729010520657807,0.7535,2000,0.12550000000000006,franka,0.879
8698e958077d46d583e77119d2f2aaf0,0.7505,2000,lab_coat,0.22520953990614295,0.4635,2000,0.2869999999999999,franka,0.7505
988641ccdde0410c8b5dbb8a7f549b22,0.835,2000,wrench,0.006957192518382358,0.747,2000,0.08799999999999997,franka,0.835
663a099fb0fc481192c59284a6543f51,0.677,2000,machine_gun,0.11754144236914205,0.5785,2000,0.09850000000000003,franka,0.677
d386d9c3a59b4f27ae9c43c91a3ac576,0.9595,2000,street_sign,0.09206975113863315,0.3525,2000,0.607,franka,0.9595
d75b364f42db47789f0e89047ea5651d,0.875,2000,bird,0.030804734126291318,0.794,2000,0.08099999999999996,franka,0.875
88a9b32e1d0f44fbb5b8560d47ae7d6f,0.8145,2000,bamboo,0.000814791842318466,0.5265,2000,0.28800000000000003,franka,0.8145
f69ef12bb68b4fa382f5680fe039656f,0.762,2000,dress_hat,0.03492533737097221,0.684,2000,0.07799999999999996,franka,0.762
593098a9230d4438a40688957784237d,0.8545,2000,candle_holder,0.11694808210021489,0.2805,2000,0.5740000000000001,franka,0.8545
031f92d1e6b84f458024a9eb9f543825,0.8775,2000,silo,3.545463964933464e-05,0.5175,2000,0.36,franka,0.8775
84a87c5e5a9c45b4882e841885d445c0,0.9595,2000,sawhorse,0.06950511637966308,0.545,2000,0.4145,franka,0.9595
b2e3c75ff4dd41d6828bcf2d6354388d,0.9,2000,bench,0.004815716897350117,0.246,2000,0.654,franka,0.9
d9e9b8f3a41b4dd39a0f5a948ace332e,0.793,2000,snake,0.00663527986241325,0.5665,2000,0.22650000000000003,franka,0.793
23f4d04849ff4e109405b869dcef69f4,0.829,2000,fire_extinguisher,0.2934529249190182,0.542,2000,0.2869999999999999,franka,0.829
9f3a031f0d6e4d39904014723614ac43,0.7745,2000,toast_(food),0.1263684083264301,0.0725,2000,0.702,franka,0.7745
5eea18bc43964bfeafd6dd9635f5d254,0.872,2000,highchair,0.11982321888775584,0.5145,2000,0.35750000000000004,franka,0.872
f8871bc542b142ebb30a1d296c329fe2,0.8655,2000,mattress,2.883268408754386e-06,0.814,2000,0.0515000000000001,franka,0.8655
becbef04dbf04d58b32574c79b11e30c,0.772,2000,license_plate,0.033435141936023524,0.4535,2000,0.3185,franka,0.772
aa19f4a12ff34ce9998119352da687cd,0.922,2000,trailer_truck,0.01153850770200365,0.9135,2000,0.008500000000000063,franka,0.922
5be4442df31d4bb9bfed011d0ae8d579,0.942,2000,tachometer,0.004529061722277858,0.148,2000,0.7939999999999999,franka,0.942
f412d837631c4969884bbbee0e060909,0.9165,2000,skateboard,0.01358421456747044,0.3395,2000,0.577,franka,0.9165
a78e8add72184271b3334925f9a178be,0.7265,2000,postbox_(public),0.008652935742658676,0.632,2000,0.09450000000000003,franka,0.7265
65b2d242268344a6a3e64b8097995823,0.6755,2000,crown,0.0015180761991548971,0.707,2000,-0.03149999999999997,robotiq,0.707
1facc6d1c73e4532993e7c80c17d2cb8,0.931,2000,bass_horn,0.045923889372345594,0.3245,2000,0.6065,franka,0.931
4deae10f87324981a1d15af9ceee17a1,0.344,2000,radio_receiver,0.005025738877660945,0.4875,2000,-0.14350000000000002,robotiq,0.4875
8ca72ea7475241d2a47f568ce7d1b18f,0.768,2000,fighter_jet,0.045585761067860796,0.436,2000,0.332,franka,0.768
21d255f040b948a2b2af88de30c7b43f,0.54,2000,shirt,0.0007049408403737137,0.4325,2000,0.10750000000000004,franka,0.54
b2d8136c58df4f1085eadda5e9e8632a,0.6535,2000,money,0.011912397120736712,0.593,2000,0.0605,franka,0.6535
a4ef6127b6dc450ab927227b891ca23f,0.641,2000,lampshade,0.020223108419402988,0.6895,2000,-0.04849999999999999,robotiq,0.6895
e9b75b70e22b49f2975f9fc9d3691af0,0.536,2000,wineglass,0.4835178958876583,0.636,2000,-0.09999999999999998,robotiq,0.636
62a2594229754c58850935fc625679d3,0.556,2000,drum_(musical_instrument),0.01034162332640994,0.4835,2000,0.07250000000000006,franka,0.556
5c4a8c42277649d796448b52027a83cc,0.634,2000,ski_boot,4.603130977183428,0.57,2000,0.06400000000000006,franka,0.634
2c9e62172ddb43f0807bbed280448710,0.3535,2000,artichoke,0.01724681667930765,0.4245,2000,-0.07100000000000001,robotiq,0.4245
6dc9ba08e7d94b898e5858b982704dbb,0.547,2000,poncho,0.023229787970251495,0.495,2000,0.052000000000000046,franka,0.547
52a8cf585c3a409b94030d109a098da8,0.954,2000,wok,0.22458422255035623,0.3315,2000,0.6224999999999999,franka,0.954
e46cac1656464743850e8add78f40326,0.4815,2000,fireplug,0.03607843417235937,0.732,2000,-0.2505,robotiq,0.732
6cf2b68f9dd749ed834dea0f1a1c1204,0.791,2000,deck_chair,0.0009174988314332607,0.275,2000,0.516,franka,0.791
d9c7f3d06d2a4e4eae0fd0cfca9870aa,0.9995,2000,watermelon,0.32605844880589335,1.0,2000,-0.0004999999999999449,robotiq,1.0
66540f4d84354ee780101780f5baa70f,0.808,2000,balloon,0.0026952179787538147,0.608,2000,0.20000000000000007,franka,0.808
16c2d209f6ca443db8d41d6934710d83,0.899,2000,falcon,0.003554267505144598,0.629,2000,0.27,franka,0.899
dcb1415a4bba49a682b313eb9cf88e76,0.128,2000,fighter_jet,0.0045024553673294315,0.1145,2000,0.013499999999999998,franka,0.128
66830647970a47eab781c55c23746105,0.8875,2000,bird,0.8609703644165139,0.5705,2000,0.31699999999999995,franka,0.8875
20a8088cf7724ee5af9e6c18aa0b0e2b,0.627,2000,blouse,0.0014704102800171012,0.4665,2000,0.16049999999999998,franka,0.627
6c2aff20b3494faf8017ce2b909359e5,0.8605,2000,tachometer,0.10221479121101956,0.3785,2000,0.48200000000000004,franka,0.8605
c66c5ca931344e44ad7232153727519e,0.833,2000,table,0.014035876604350916,0.052,2000,0.7809999999999999,franka,0.833
adc2c82a953c47c4b197a8a42da12460,0.9775,2000,canister,0.13330776928604796,0.0565,2000,0.921,franka,0.9775
9a58a8ae7d034db0988e3cab0f0faaf8,0.6945,2000,poncho,0.2953486421983899,0.5665,2000,0.128,franka,0.6945
d7a8727b2bad4dfeaf51361cd1338fb5,0.0005,2000,heart,0.07082089175530228,0.046,2000,-0.0455,robotiq,0.046
7076495f9b5946c596dbd3475972a1db,0.514,2000,coffeepot,0.00041079308009626643,0.822,2000,-0.30799999999999994,robotiq,0.822
fd72abc750e0469889b471aa1a67004c,0.4385,2000,flagpole,0.0036550882444625907,0.2865,2000,0.15200000000000002,franka,0.4385
bc2f3cd9592e4524ba4b637430d4e32a,0.6805,2000,easel,8.061299256031693e-05,0.297,2000,0.3835,franka,0.6805
2f43dd2b45b049c7bc68e953d49ffb5c,0.894,2000,butterfly,0.001413345803357795,0.772,2000,0.122,franka,0.894
b9d649e2bb8e45b5a5d6eea8f5abc17a,0.9035,2000,fish_(food),0.0006230156788859986,0.851,2000,0.05249999999999999,franka,0.9035
cc4bf1104f2840ddad4b3aaa68fc3f74,0.8355,2000,tractor_(farm_equipment),0.07948751442571521,0.561,2000,0.27449999999999997,franka,0.8355
f723433582e1405abf7c3950f781f898,0.59,2000,cockroach,0.019459412813366845,0.4625,2000,0.12749999999999995,franka,0.59
d903282ae1324da5ad6581ce544da592,0.9665,2000,paper_plate,0.022952153808165864,0.4145,2000,0.552,franka,0.9665
e6d6eb6f313b4e198f6089728bb21d52,0.1005,2000,button,6.124899232259188,0.1015,2000,-0.0010000000000000009,robotiq,0.1015
7a51077a2ff349c0b4bb828bad115a61,0.6665,2000,brassiere,9.598965697474422e-05,0.6675,2000,-0.0010000000000000009,robotiq,0.6675
fdde37ab83774efda67c7e0b1783df09,0.202,2000,fan,0.014647534487153741,0.093,2000,0.10900000000000001,franka,0.202
ec97cda6d0dc47f78058bea31e85533e,0.477,2000,milkshake,0.05706306600048114,0.4375,2000,0.03949999999999998,franka,0.477
2ceee268be834c919babb9b851f60c18,0.752,2000,cupboard,0.00011717120833623957,0.2945,2000,0.4575,franka,0.752
3c0d35f41da0454b8d1569b895bd607a,0.649,2000,armor,0.16604337332407756,0.378,2000,0.271,franka,0.649
6d3e0e9ca9764ef19a49abe34ffcda9e,0.6695,2000,puffin,0.03766378905163752,0.541,2000,0.12849999999999995,franka,0.6695
5a6e32e8b8f84f94b514830f67fc96d3,0.5595,2000,cow,6.160942342115073,0.4635,2000,0.09599999999999997,franka,0.5595
25f5ee4216fd4bee9d2752705df21fae,0.9575,2000,baseball_bat,0.0036088869850402507,0.315,2000,0.6425000000000001,franka,0.9575
b81260a3d49140dc8e61289eb5e4dac8,0.8805,2000,school_bus,0.001785550583975401,0.4465,2000,0.43399999999999994,franka,0.8805
69f3c5411dec4c9d9ca093ac47161b5a,0.712,2000,laptop_computer,0.0839827783974343,0.196,2000,0.516,franka,0.712
d605550137dc47a18cc726ff4f2af2db,0.9835,2000,heater,0.08849890395150727,0.1705,2000,0.8130000000000001,franka,0.9835
9566a7ad9cd144f9b8f294b7bf879e50,0.0,254,mailbox_(at_home),0.12341813787876227,0.276,2000,-0.276,robotiq,0.276
d8ec0f4d69fd4d8a8b42fd1affe19a98,0.8155,2000,window_box_(for_plants),0.12801783328813693,0.863,2000,-0.04749999999999999,robotiq,0.863
cefa96fe14a84b5ea2e648e54a42a4c8,0.9745,2000,sleeping_bag,0.0006810573707455678,0.8765,2000,0.09800000000000009,franka,0.9745
ec74e02ac1ab4ad191f7e4b9fb1de09f,0.689,2000,tablecloth,0.024278284368833856,0.6395,2000,0.04949999999999999,franka,0.689
2eb11c35df444325a120d414af3ebf30,0.5235,2000,alarm_clock,0.010764328122037493,0.721,2000,-0.1975,robotiq,0.721
e24f51661775435ba15eb26136b6a27f,0.0,649,keg,0.0018320570180187562,0.0605,2000,-0.0605,robotiq,0.0605
f45017f01275462bb7d8dfd1aa979a65,0.1945,2000,cone,0.04296324668398001,0.2335,2000,-0.03900000000000001,robotiq,0.2335
64b170e4864549c382b6c94c529203d7,0.7855,2000,chair,0.04395617658968181,0.6675,2000,0.118,franka,0.7855
d8bffa8ee8664a8a955dbba29125b9bb,0.9235,2000,paperback_book,0.029963228543527343,0.913,2000,0.010499999999999954,franka,0.9235
85fe558b25b146988732dc6d64556141,0.752,2000,wedding_ring,0.013295030339489939,0.2615,2000,0.4905,franka,0.752
af666c21157e451388162df8ab90524f,0.6515,2000,limousine,0.17508868484510828,0.453,2000,0.19849999999999995,franka,0.6515
8d89bff741d1486398a3a1bab4626abe,0.0,932,camera,0.05877985514439263,0.364,2000,-0.364,robotiq,0.364
aaa79bbc31a14398ae8f91dba24c3032,0.8505,2000,bench,0.010364032382525286,0.4445,2000,0.406,franka,0.8505
2bae6b31b1ee4f859443f9d3a34532cf,0.843,2000,needle,0.0012422154942644617,0.4825,2000,0.3605,franka,0.843
5814aad2b58e4dcda7848d5de8821da0,0.9765,2000,hot-air_balloon,0.00027067000638805765,0.933,2000,0.04349999999999998,franka,0.9765
f71a628ddc1d45529b2dde4066f9ca71,0.1275,2000,teddy_bear,0.06316926350799933,0.556,2000,-0.42850000000000005,robotiq,0.556
3d530513795f4ae68ae04b1ed3df277b,0.763,2000,shower_head,0.7029920475114281,0.62,2000,0.14300000000000002,franka,0.763
fe566b14b0f64ee0bdb800b2c75c63da,0.7825,2000,heron,0.23141515810020435,0.494,2000,0.2885,franka,0.7825
2dd5d447d35545bba17380646e203b14,0.771,2000,flamingo,0.14509783162743245,0.7835,2000,-0.012499999999999956,robotiq,0.7835
c50ec224b6fd437b94f4adcacc916d97,0.125,872,baguet,0.012959325774648365,0.1455,2000,-0.02049999999999999,robotiq,0.1455
f07d483b876f4ed4adbcf81d8b0e7123,0.7735,2000,bedspread,0.017127249280856533,0.296,2000,0.4775,franka,0.7735
7a800c6a59a746a2be6f976a3df5d3a1,0.881,2000,blimp,0.0020167769006851103,0.9605,2000,-0.07950000000000002,robotiq,0.9605
f4d181dd05a24c259ba612cf68961445,0.7465,2000,bullhorn,0.0009736736205032347,0.382,2000,0.36450000000000005,franka,0.7465
18483cf78d944cf7a4b88986e71f103b,0.0575,2000,gargoyle,0.01917153532427947,0.3675,2000,-0.31,robotiq,0.3675
c2c000d5e6ad48d995d6e27d80dd1832,0.42,2000,vase,0.023734504761781572,0.488,2000,-0.068,robotiq,0.488
4d9b843352994798aac92455fab062ce,0.8145,2000,sportswear,0.44381754920209393,0.535,2000,0.27949999999999997,franka,0.8145
4eabbf7ab80e4db8910ece11c9fd853f,0.5525,2000,mascot,0.4952566598566086,0.6135,2000,-0.061000000000000054,robotiq,0.6135
a59d227991764b6f92664c98a032abeb,0.7795,2000,beret,0.06075779469986754,0.578,2000,0.2015,franka,0.7795
69b55039590b4896a24b53fbdafc303c,0.6495,2000,dirt_bike,0.0003917762587862844,0.4305,2000,0.21899999999999997,franka,0.6495
924f0f90d14c40eb86b4a985875525a9,0.832,2000,cornet,0.03450522172203608,0.537,2000,0.29499999999999993,franka,0.832
084e947281f04c8c8a0967609503d25f,0.64,2000,forklift,0.0008301814003841089,0.365,2000,0.275,franka,0.64
9a8384a28c6b45f8b5914a99e79178cc,0.6845,2000,gun,0.004291988631818576,0.4365,2000,0.248,franka,0.6845
94b5565d8bce4438ad3b2dfb6c7ec6d5,0.6915,2000,clock_tower,0.23181487594301128,0.2285,2000,0.46299999999999997,franka,0.6915
4f372ecf378c47ae9ce6cd2bb734993c,0.618,2000,dress_hat,0.0007088082684420244,0.6765,2000,-0.058499999999999996,robotiq,0.6765
5c332ca9f11742bfac2e65f2b7893192,0.573,2000,corkscrew,0.007456644362386598,0.634,2000,-0.061000000000000054,robotiq,0.634
a022a15441ad401aa46ae442b7e440c7,0.774,2000,cone,0.3105920188194031,0.1935,2000,0.5805,franka,0.774
bbbad4eaf57d4cc18f5418299858cf00,0.7865,2000,shopping_cart,0.004704593340411006,0.6505,2000,0.136,franka,0.7865
e51b119b63884299ae914941e673a5e9,0.752,2000,trunk,0.027644833110741035,0.5165,2000,0.23550000000000004,franka,0.752
d616dcf7ed704b7c9ff10c3f36cd1a2f,0.7455,2000,cargo_ship,0.005821226137477436,0.318,2000,0.42750000000000005,franka,0.7455
8a7fb24c8f444b6b8af17f31245ceee1,0.866,2000,pear,0.046411662113013494,0.5475,2000,0.3185,franka,0.866
b66f118b4f46416484cfaf0109cb9181,0.9135,2000,table_lamp,0.0002569854947060576,0.2005,2000,0.713,franka,0.9135
720e855e1b7c480c897b39b600a45284,0.5815,2000,turtle,0.010333125323432892,0.491,2000,0.09050000000000002,franka,0.5815
89dcd45ac1f04680b76b709357a3dba3,0.9335,2000,remote_control,0.005235235128504589,0.0755,2000,0.858,franka,0.9335
2d8969d8aec14639b71df94596583ebc,0.124,2000,teapot,0.13253610998742846,0.346,2000,-0.22199999999999998,robotiq,0.346
910d3a33ce414c799f7050f08fae45fb,0.7885,2000,highchair,1.2531054921965565,0.608,2000,0.1805,franka,0.7885
19e2f58a533d41bd8c9731717e546301,0.621,2000,airplane,1.8269759506187232e-05,0.5015,2000,0.11950000000000005,franka,0.621
ad010b988fa44a48baaf9bba6bd97d9b,0.9405,2000,pear,0.022926868465798896,0.9935,2000,-0.05300000000000005,robotiq,0.9935
70f320ab009a4c7091daa0366217dd1f,0.8195,2000,paddle,0.0006508224213390917,0.4095,2000,0.41000000000000003,franka,0.8195
057ed726c32c4e0d8912d04343e7bf5a,0.883,2000,mug,0.0012162538082304264,0.645,2000,0.238,franka,0.883
3861f77828a9460ca3875f9eef00cef4,0.99,2000,hot-air_balloon,0.10403466247254424,0.984,2000,0.006000000000000005,franka,0.99
4c702c17ac4949058ad47b3e13706e68,0.8445,2000,banana,0.00018470954913532656,0.4515,2000,0.393,franka,0.8445
e979b358b82e45c3a6eb25ed1537429b,0.888,2000,scoreboard,4.774045464941693e-05,0.618,2000,0.27,franka,0.888
50412b64aa20474b87e2ed690464cfea,0.909,2000,carrot,0.0007966736591855447,0.477,2000,0.43200000000000005,franka,0.909
65bb2a14797947849da7160651d814f6,0.1255,2000,chicken_(animal),0.17995670210655404,0.43,2000,-0.3045,robotiq,0.43
0bbe1fa4b2024ec88b89a527dfcb74be,0.2325,2000,binoculars,0.010245247881923119,0.5525,2000,-0.31999999999999995,robotiq,0.5525
3fed29b606d74bb2828dca8d30f1b9a1,0.844,2000,glove,0.05744752146717417,0.3055,2000,0.5385,franka,0.844
9f25e7c83840435396225970ba47b75e,0.913,2000,eagle,6.413842408279042e-05,0.471,2000,0.44200000000000006,franka,0.913
eb42c07e79764c74aa5377e092f783ce,0.421,2000,telephone,0.008554463047321078,0.431,2000,-0.010000000000000009,robotiq,0.431
4ba531a854cd4213bdc34c62cfb7134e,0.8605,2000,skateboard,0.012165518630835318,0.463,2000,0.3975,franka,0.8605
9ab7bd74b12d44d1928c6b0b08a92b85,0.8995,2000,sherbert,0.3660249250771013,0.918,2000,-0.018500000000000072,robotiq,0.918
5ad02ecf7bb34425a8c4a1be2b554be9,0.68,2000,slipper_(footwear),0.25503966762634644,0.7,2000,-0.019999999999999907,robotiq,0.7
983e9a8be32e4eeda1ce2d42748db55e,0.003,2000,telephone_booth,0.04395812041351562,0.2395,2000,-0.2365,robotiq,0.2395
62302dd591614b869bc28eed8b8fff86,0.812,2000,pendulum,0.3612108279062769,0.4885,2000,0.32350000000000007,franka,0.812
4e981994b487402c92b5a760b46aae82,0.901,2000,kite,0.023126766073605903,0.4935,2000,0.40750000000000003,franka,0.901
452f105f49f24b73abe5edc728a8d17a,0.835,2000,cylinder,0.007313222081871228,0.468,2000,0.36699999999999994,franka,0.835
020accb62dc445589f4edc3ba9c9ad07,0.76,2000,vacuum_cleaner,0.0005200320654550722,0.2045,2000,0.5555,franka,0.76
af6ddb4f17a54d74988aa78e4c98b51f,0.924,2000,timer,0.10476830841059992,0.0325,2000,0.8915000000000001,franka,0.924
1c6a25801ca8491db982368118a1acb1,0.7085,2000,person,0.011501414604311368,0.6785,2000,0.030000000000000027,franka,0.7085
8f07afc78361423195593319383256c8,0.5165,2000,camper_(vehicle),0.005025198232676623,0.604,2000,-0.08750000000000002,robotiq,0.604
8604291c8b0f4714b464b2aa2e4efaa1,0.4405,2000,cape,0.00021428703263308082,0.3665,2000,0.07400000000000001,franka,0.4405
513621a3eab84736a4dd3910363e7a98,0.9475,2000,magazine,0.0001687485006337009,0.8395,2000,0.10799999999999998,franka,0.9475
bf711e537ff54be3b14eb6a767ff0896,0.873,2000,crow,0.5794131746448972,0.4155,2000,0.4575,franka,0.873
09bdf5fd0e204d7b892e302deffcee7b,0.541,2000,machine_gun,0.054775129117250035,0.3225,2000,0.21850000000000003,franka,0.541
b7a63454b7814967a460f97ea2bbcbfc,0.359,2000,stool,0.0856018823125015,0.523,2000,-0.16400000000000003,robotiq,0.523
f0fecb80afa243cda158bed844919846,0.838,2000,pouch,0.06386669698746454,0.2165,2000,0.6214999999999999,franka,0.838
3f8cd7ccabb44b91966e2ac11d310cc7,0.6115,2000,propeller,0.011375515082685264,0.4895,2000,0.12200000000000005,franka,0.6115
4665bdec11204bfa8e1edc00020c63aa,0.459,2000,banjo,0.007954506450873505,0.4075,2000,0.051500000000000046,franka,0.459
867ab04528614d6581599e0e27684c52,0.9295,2000,sunglasses,0.0024119096811912066,0.228,2000,0.7015,franka,0.9295
f59dc96c92d640da8592e995ff13f804,0.8855,2000,chair,0.00016833788064943753,0.6365,2000,0.249,franka,0.8855
f2d34772149d46fbb9fc4f8ecb644e77,0.963,2000,loveseat,0.05414305509115239,0.942,2000,0.02100000000000002,franka,0.963
bf1367c61bf14ee98bb3675a548835c5,0.8805,2000,cigarette,0.021652125172286773,0.5145,2000,0.366,franka,0.8805
9e3a5d1d13324bdc9e9dc5a4c384d978,0.8875,2000,jumpsuit,0.00017771567792720217,0.722,2000,0.16549999999999998,franka,0.8875
5ff4270b4f0b4017b34363a309f756f5,0.8815,2000,latch,0.012313199657657653,0.474,2000,0.4075,franka,0.8815
64de31be3c8c4fffb1a3a1e4d1d5b904,0.9365,2000,joystick,0.006336162864657835,0.4835,2000,0.453,franka,0.9365
c564262cdcd34991b6b10ebd0a84badd,0.8415,2000,platter,0.00017067748267628202,0.758,2000,0.08350000000000002,franka,0.8415
5f4c74fe57ad428ea6ec4c2412faa816,0.728,2000,pear,4.984158538797809e-05,0.4575,2000,0.27049999999999996,franka,0.728
f49cc71f50f541829a48bf55b6cc8565,0.8185,2000,gun,0.01340781320221621,0.4425,2000,0.376,franka,0.8185
67c5cbdfb91e432a9b3eacdbfe854b12,0.41,2000,cargo_ship,0.0019979917760569923,0.356,2000,0.05399999999999999,franka,0.41
da1a9915bd0446299998a896311e4d64,0.468,2000,buoy,0.01097044681584203,0.968,2000,-0.49999999999999994,robotiq,0.968
a116571cddad4b0d97062f107ee833c7,0.561,2000,goat,0.11405829042261512,0.4995,2000,0.061500000000000055,franka,0.561
af41819f8f464066a703a1c05586ff19,0.966,2000,thermometer,0.0003238430416916052,0.641,2000,0.32499999999999996,franka,0.966
c977066fe17e4e3fbd931bb7b277aea4,0.8255,2000,teddy_bear,0.11442545836530232,0.682,2000,0.14349999999999996,franka,0.8255
5e56ba87906c4a9b86a1c2992206bc63,0.676,2000,walking_stick,0.007723318375054616,0.4875,2000,0.18850000000000006,franka,0.676
367917a6948744de966d887e7f803b23,0.2775,2000,beret,0.00023295006188652336,0.425,2000,-0.14749999999999996,robotiq,0.425
8f0c86b33e0240b48287498dec4fb2eb,0.649,2000,step_stool,0.0004950490923281944,0.502,2000,0.14700000000000002,franka,0.649
d53a41cb68c7420aaaa05f44ca0197b6,0.6655,2000,Dixie_cup,0.031896734761755814,0.7865,2000,-0.121,robotiq,0.7865
9dc191142fee4b329f0ac173ad8dae3f,0.7565,2000,palette,0.020618572975305314,0.3665,2000,0.38999999999999996,franka,0.7565
006373e3885b472cb5538fc570235fcf,0.802,2000,coffee_table,6.984840084170163e-05,0.7235,2000,0.07850000000000001,franka,0.802
150afe52eb8b4de1a6906aab3dc9eed5,0.0055,2000,satchel,0.08341305554577634,0.261,2000,-0.2555,robotiq,0.261
e5083bf139484216911e99d2f3557fd5,0.944,2000,violin,0.015249973873930876,0.5335,2000,0.4105,franka,0.944
27efde463d0a44d1b8386a3f95aa6fb0,0.5965,2000,newsstand,0.0026156633001325493,0.161,2000,0.4355,franka,0.5965
4a13c0429e35454391c9c79a1361caa1,0.9405,2000,toast_(food),0.007856520061425365,0.712,2000,0.22850000000000004,franka,0.9405
017fe235577b4083ab32c2b7949ba022,0.8495,2000,wedding_ring,0.008489617728320784,0.338,2000,0.5115000000000001,franka,0.8495
ec12601aca1c4f73878de8e985b06bfe,0.981,2000,dresser,0.00040555211220779454,0.9445,2000,0.03649999999999998,franka,0.981
ee749848b94f41a78a13b5efb6019d5a,0.171,2000,chime,0.0018107127708483501,0.1865,2000,-0.015499999999999986,robotiq,0.1865
8655b5bf7d4e4398b6cdd1dd90b0bb4a,0.67,2000,doughnut,0.12131556179463054,0.3745,2000,0.29550000000000004,franka,0.67
b166e9a1c5d540c19a1075b7f064f42f,0.0175,2000,garbage,0.11569295664214749,0.7845,2000,-0.767,robotiq,0.7845
e3ee02557a7d43a59ac030f5292aa2d3,0.375,2000,pigeon,0.005725657050020081,0.3005,2000,0.07450000000000001,franka,0.375
41a3ce0e1b0d4645a81c5cc5bcc2a636,0.895,2000,beer_bottle,0.04411512818622262,0.4045,2000,0.4905,franka,0.895
a77d9a22ca964a71ab23519cab124ff6,0.7485,2000,gargoyle,0.04761665286802522,0.337,2000,0.41150000000000003,franka,0.7485
4c23ef1cb8d2476cae143f3025be9857,0.893,2000,laptop_computer,0.012869965583385184,0.093,2000,0.8,franka,0.893
b41c2e0f97e441cc85bf4c487689c022,0.0,171,radio_receiver,1.8810241138808736,0.00974025974025974,1540,-0.00974025974025974,robotiq,0.00974025974025974
85f1874605a44d239e11fefa2e548cb2,0.9635,2000,mug,0.0008218018812221334,0.064,2000,0.8995,franka,0.9635
732c23ce6f074e4e9eac662d523fc42f,0.882,2000,brass_plaque,0.00027995051653299937,0.425,2000,0.457,franka,0.882
c6f6d2bc33d94a0f82c3edc8c0aa2a39,0.7465,2000,river_boat,0.018920791368742335,0.6205,2000,0.126,franka,0.7465
e63063d93b894b42952277574bb7860d,0.5635,2000,pen,0.0032251119323123906,0.2435,2000,0.32,franka,0.5635
b9a0e8a376674efdbb5729ae7008907c,0.0005,2000,lawn_mower,0.0021001001392405272,0.32,2000,-0.3195,robotiq,0.32
c5a2a51a2a1042c6b52e314be859c944,0.66,2000,dining_table,0.06184161031250142,0.416,2000,0.24400000000000005,franka,0.66
57452a0488e443d7a3ec9ec046b894b1,0.964,2000,bullet_train,0.00023476155230943993,0.205,2000,0.759,franka,0.964
160345df6cc544f2be85750ec2549708,0.6855,2000,elephant,0.03403268373921079,0.6485,2000,0.03700000000000003,franka,0.6855
2241e09cc3ad40a0a6da20cd76d7baa7,0.924,2000,shield,0.05818414655011969,0.184,2000,0.74,franka,0.924
043dfbe13d8041289e277e175df2f279,0.896,2000,lamppost,0.00031417333065783667,0.653,2000,0.243,franka,0.896
3f998ec1665b468a902e089fc6f8ca2e,0.9645,2000,plate,0.09209940639646223,0.578,2000,0.38650000000000007,franka,0.9645
079a75c63c3144458d37fa653d26ff3d,0.6815,2000,pocketknife,0.020686372031518237,0.5755,2000,0.10599999999999998,franka,0.6815
b89104ecab1d4f75b328cc1a20f0500c,0.8065,2000,backpack,0.00027801165609726684,0.6945,2000,0.11199999999999999,franka,0.8065
d4869195458541aead974fa95b6afbb7,0.0,2,can,0.001157408465026613,0.5475,2000,-0.5475,robotiq,0.5475
8ef7952cdeba4177aabc97bde0479bf0,0.7305,2000,convertible_(automobile),0.03472988268915226,0.496,2000,0.23450000000000004,franka,0.7305
6e865e4cd26f4acbb80df1d46197738a,0.0,1241,seashell,0.008084727461056042,0.2715,2000,-0.2715,robotiq,0.2715
39f9f70164f04bd09bca721e13cc3491,0.8685,2000,urn,0.00844278169093414,0.776,2000,0.09250000000000003,franka,0.8685
22153c3ad0374aaf89ceced9a904283b,0.9355,2000,crayon,0.8912474621658975,0.1715,2000,0.764,franka,0.9355
60e3f514f5e34c4086d0e7422d9f3099,0.8515,2000,horned_cow,0.06986199984206112,0.579,2000,0.2725000000000001,franka,0.8515
91dbbad6be8a4c0ca0debf209df0d8b0,0.783,2000,sock,0.0004476866760296989,0.5035,2000,0.2795000000000001,franka,0.783
f4bd493e917e43f784fd0e0312cc83d5,0.7205,2000,carton,0.0702595000164206,0.573,2000,0.14750000000000008,franka,0.7205
0ce1ea1943dd4027a36390d63164046d,0.691,2000,seashell,0.028484533169494414,0.939,2000,-0.248,robotiq,0.939
2071bda681b642218b6829b82e4fd93b,0.9265,2000,refrigerator,0.018084589606899397,0.501,2000,0.4255,franka,0.9265
53523b1c29c145a99035fcb3347aa76f,0.7025,2000,ice_pack,0.09545059303781217,0.201,2000,0.5015000000000001,franka,0.7025
b77da5b9052e4ec1b0eae32d9e07beca,0.767,2000,cellular_telephone,0.2392898640944845,0.1195,2000,0.6475,franka,0.767
c42d069236174467a2fb536f7d42d7f0,0.9195,2000,coffee_table,0.036119694206217204,0.282,2000,0.6375,franka,0.9195
10450e17f2dc46d5ad21ef0dd1d46166,0.9225,2000,monitor_(computer_equipment) computer_monitor,0.0002596866929817724,0.624,2000,0.2985,franka,0.9225
3692aa6a2c1b4b53991e6cdbef731351,0.2085,2000,water_heater,9.50813275817589e-05,0.4565,2000,-0.24800000000000003,robotiq,0.4565
9db6ee3d0f0b4dc7afb2b4791c153059,0.354,2000,boot,0.08441863642108259,0.3315,2000,0.022499999999999964,franka,0.354
0df8a1e55d9b42818d8b9d1c3f040cfb,0.914,2000,sunflower,0.02154452399048385,0.41,2000,0.504,franka,0.914
e0fed5c2a4494911b91105d8f9b8d477,0.812,2000,giraffe,0.004878799965886629,0.446,2000,0.36600000000000005,franka,0.812
2a4f9bf2cd9b4d04aaa0053297cbc35e,0.2375,2000,helicopter,0.0042528138379318604,0.141,2000,0.0965,franka,0.2375
22d04fdab5e44311963d8c4145aa40af,0.641,2000,coverall,67.74025900409342,0.454,2000,0.187,franka,0.641
00d943882e9d4a54a1bcadfc16358fa5,0.872,2000,penguin,0.9421735593048954,0.2135,2000,0.6585,franka,0.872
8afccf3a63944cf5995c678858762723,0.9235,2000,street_sign,6.992920425665136,0.487,2000,0.4365,franka,0.9235
1c30b32a34204281937b8cf646cfff2f,0.020717131474103586,1255,egg_roll,0.0002979472895049299,0.3495,2000,-0.3287828685258964,robotiq,0.3495
ba8cbb85a8774c8bbb2de5eb6cba1927,0.006,2000,ambulance,0.6150157058710046,0.3605,2000,-0.3545,robotiq,0.3605
75d8e68799804b399b11b7f89386135a,0.8045,2000,sponge,0.04681656353091582,0.9055,2000,-0.10099999999999998,robotiq,0.9055
d343ce86763d4d35aef94c2c151eb36b,0.9,2000,wineglass,1.2577699836185832,0.629,2000,0.271,franka,0.9
f490a125ffb74093a66bf9d6a4920e17,0.5735,2000,boot,0.03629758502859088,0.5055,2000,0.06800000000000006,franka,0.5735
3e4e78ea50844879a87064c6ee021762,0.0,226,microwave_oven,0.5951020258230073,0.02,2000,-0.02,robotiq,0.02
8e12234f242d492cac7b1cd3f0347e42,0.7035,2000,awning,1.2718551608808424e-05,0.252,2000,0.4515,franka,0.7035
b69b2ba04d1b45719c0daba6ef14a6b6,0.7925,2000,cake,0.04612921611975353,0.1695,2000,0.623,franka,0.7925
4cdd2939434f42f2925419aec5eded49,0.6035,2000,sunglasses,0.1514704597875002,0.9875,2000,-0.384,robotiq,0.9875
f67236ec74a448b5a17ee1d0808a5e53,0.31,2000,pizza,0.03373003188342381,0.0375,2000,0.2725,franka,0.31
ad6c99c866c548fc9149bb5eee5397aa,0.82,2000,gasmask,0.0026934962535326112,0.5575,2000,0.26249999999999996,franka,0.82
6f8478060ccf4608a46188b29699335d,0.5125,2000,birdfeeder,0.008352768019055596,0.201,2000,0.31149999999999994,franka,0.5125
3e8b854c8b144272890265e32699f19b,0.8165,2000,goat,0.06793720925588989,0.5395,2000,0.277,franka,0.8165
b9dbae7ef66241e8b1afbf00af34de4a,0.727,2000,jar,0.015837505786395017,0.02,2000,0.707,franka,0.727
82f4d273bc2240c49f70fec7b6bc5fee,0.9405,2000,street_sign,0.00010258127247266621,0.6335,2000,0.30700000000000005,franka,0.9405
5a59a11694764de5a638eebe51c1aa3d,0.8495,2000,hardback_book,0.024358545359812658,0.5865,2000,0.263,franka,0.8495
4e7600fafc8e41fca9cb00f3fa1b3f8d,0.46,2000,lizard,0.06738739668169332,0.277,2000,0.183,franka,0.46
fc4d69c3688b4340bd2c8aa7de6f6eb3,0.9045,2000,pencil,0.42624077055162485,0.3345,2000,0.57,franka,0.9045
4615c80caadf49a2b695ef31811a861c,0.918,2000,watch,0.026490914666937485,0.5875,2000,0.3305,franka,0.918
18ab7923f9be4239abdc73246389a84e,0.8135,2000,shears,0.023434513818158847,0.529,2000,0.2845,franka,0.8135
22e8163cf6e1413486faeb4e42222a99,0.869,2000,bench,0.00015693283132227763,0.363,2000,0.506,franka,0.869
d99caf8f3d5140ec98c30cf1f5b7562d,0.6835,2000,bowler_hat,0.04211055127369059,0.7075,2000,-0.02400000000000002,robotiq,0.7075
5f06884e82394845bb1a4706a7ef548e,0.358,2000,lamb_(animal),0.014731091166799288,0.1035,2000,0.2545,franka,0.358
3c2155a7253847d880b88b9921252400,0.6915,2000,butterfly,0.26605417289498057,0.154,2000,0.5375,franka,0.6915
a3dffcdc779b4be0a2075b5d4c3a45f9,0.9005,2000,tripod,2.207913244908395,0.556,2000,0.3444999999999999,franka,0.9005
29cf1438c0964956be0c9fdf80996796,0.9895,2000,microphone,0.014298336275407612,0.8635,2000,0.126,franka,0.9895
46452458db2147c09c8e4a6aaf8b3614,0.803,2000,motorcycle,0.10381004750229848,0.499,2000,0.30400000000000005,franka,0.803
5dda44f9dbbe4a238f7112303f8b9957,0.502,2000,television_set,0.0015854588152420385,0.34,2000,0.16199999999999998,franka,0.502
b2ea1501b04f481a8311cf8ad03a8bc3,0.132,2000,piggy_bank,0.00036645025125848184,0.905,2000,-0.773,robotiq,0.905
0b07d4714a544a7fbe3a145ccda8bf03,0.736,2000,fish,0.06578099599507332,0.459,2000,0.27699999999999997,franka,0.736
68ba20aeb8fe4a03befaa2db5b429758,0.913,2000,blanket,0.03319369242662248,0.215,2000,0.6980000000000001,franka,0.913
9b7ebfe829a74b999ae30a1e3e8afe6c,0.912,2000,pew_(church_bench),0.21265232076994536,0.4105,2000,0.5015000000000001,franka,0.912
82a2349e304d4590884b42cce133de86,0.91,2000,penny_(coin),0.07241610210638112,0.2785,2000,0.6315,franka,0.91
0c904d20b41b450e9f9225e226cc9eec,0.698,2000,telephone_pole,0.0019977373519575845,0.6225,2000,0.0754999999999999,franka,0.698
e658ed425b1d489190e3bc4ab9c1c353,0.897,2000,butterfly,0.01997966644049766,0.223,2000,0.674,franka,0.897
06f56ee0e1374ac9947c2ce556b318bd,0.9345,2000,butterfly,0.16097678094744045,0.1545,2000,0.78,franka,0.9345
aeb85300d0734071966c379d0c173527,0.743,2000,clock_tower,4.449941603999706e-05,0.542,2000,0.20099999999999996,franka,0.743
956cef1ca1af49f5953fc202b20dcfb9,0.8495,2000,crate,0.07490527655533111,0.7335,2000,0.11599999999999999,franka,0.8495
1e439c8c11a3416aa5e997a8e24dfe84,0.7355,2000,toaster_oven,1.3341234174112957,0.574,2000,0.1615000000000001,franka,0.7355
eb7bff482d084c17bac645e82a7143e6,0.778,2000,candle_holder,0.028987369433005245,0.466,2000,0.312,franka,0.778
1232037887da4ba7a758c387fbcd6afd,0.14,2000,slide,0.0022709805206928926,0.117,2000,0.023000000000000007,franka,0.14
b430ef733f7b4052aff820ea7864c66d,0.64,2000,dress,0.0011681768422532816,0.4495,2000,0.1905,franka,0.64
430d454ebedf4886aa363f18182cc480,0.8235,2000,dumbbell,0.01044339360612566,0.758,2000,0.0655,franka,0.8235
d300ad7588994642ad7e267f55813202,0.613,2000,log,0.009577834387561407,0.4505,2000,0.16249999999999998,franka,0.613
e70d96d889ba41ad81465f2f4c4809b8,0.921,2000,police_cruiser,0.03364988793302766,0.6225,2000,0.2985,franka,0.921
c666d90ad57e44f1baf90e5ec062a152,0.8605,2000,mug,0.012022764113514883,0.576,2000,0.2845000000000001,franka,0.8605
338938ec02f042d7af1afefff7aae939,0.625,2000,jersey,0.11528253313688615,0.528,2000,0.09699999999999998,franka,0.625
e8f77d844fbf48d6b22a03d6c92f4735,0.9045,2000,cap_(headwear),0.689317606116999,0.37,2000,0.5345,franka,0.9045
fc2dd2c7b51e4ff5b38d1d3611da1f93,0.9325,2000,sunglasses,0.010496357333347299,0.3545,2000,0.5780000000000001,franka,0.9325
c2f48e3f95b64be2a7a70a8871f62f43,0.5325,2000,mask,0.053722695638128246,0.4675,2000,0.06499999999999995,franka,0.5325
1e5af48355a347a4a5572be89666e621,0.0,1597,cufflink,0.015741431491128142,0.6645,2000,-0.6645,robotiq,0.6645
c66ca5635c2a42178b7dc5c5e547c404,0.811,2000,horse,0.00037527812046077395,0.611,2000,0.20000000000000007,franka,0.811
107c432300ac4f3ebfe956ddf79d7363,0.2195,2000,cape,0.04402500720113821,0.5485,2000,-0.32899999999999996,robotiq,0.5485
442a6a19b1f94a1387c6be0924e15e92,0.842,2000,breechcloth,0.0007557059237128758,0.5785,2000,0.26349999999999996,franka,0.842
c36387d3c0e04b0b97d5757bc8601879,0.953,2000,bath_mat,0.1050091177237637,0.136,2000,0.817,franka,0.953
068f17e7bcf74d04bacf5524c4a2079d,0.414,2000,tractor_(farm_equipment),0.12720210790369996,0.4465,2000,-0.03250000000000003,robotiq,0.4465
482a8b696fd74b3f95afb06c6bf72c1f,0.6205,2000,figurine,0.38248069050497596,0.385,2000,0.23550000000000004,franka,0.6205
0fb7ad6685d0457190a08649b1883c06,0.1375,2000,boot,0.06670827572992806,0.3825,2000,-0.245,robotiq,0.3825
f1aa36dbd7dc41c8a9542efc15def50e,0.538,2000,canister,0.12061267898224434,0.749,2000,-0.21099999999999997,robotiq,0.749
b32efc7a37ad410ea98b77cf18e0ce0b,0.69,2000,record_player,0.030767082244769796,0.2495,2000,0.44049999999999995,franka,0.69
d298dbdce2884ea49516b50d0595a30e,0.0,12,pumpkin,0.016980195252176405,0.39880952380952384,336,-0.39880952380952384,robotiq,0.39880952380952384
e7261dfa68b2426d907cc6c64ca0f4d5,0.808,2000,sponge,0.16090376891587105,0.4155,2000,0.39250000000000007,franka,0.808
2bb10b5967624d659c83e5ee1701fe56,0.8165,2000,wall_socket,0.005662477480615792,0.554,2000,0.26249999999999996,franka,0.8165
b423150f22584bcfaf4ad681295f5663,0.6405,2000,colander,0.10832530454057217,0.61,2000,0.03049999999999997,franka,0.6405
c808579607074ab680b6506b9b127367,0.606,2000,wall_clock,0.005037501529146628,0.1395,2000,0.46649999999999997,franka,0.606
703b12c3b17949f6ae384b8bc39ff56d,0.679,2000,seashell,0.039313927104807626,1.0,2000,-0.32099999999999995,robotiq,1.0
5e28365bb34e446db55bc3f4bf716b1c,0.546,2000,crisp_(potato_chip),0.12370546633069233,0.329,2000,0.21700000000000003,franka,0.546
cb36b152c73949328669752bdce6921d,0.0,2000,dresser,0.0018201276357726497,0.4785,2000,-0.4785,robotiq,0.4785
ba627a42f6ef4a8ca7c1c91011465755,0.8955,2000,underdrawers,0.023863753936999212,0.2215,2000,0.6739999999999999,franka,0.8955
5cefd413443140f4a9228ccd01c875f0,0.0,2000,cushion,0.003299706843782584,0.1205,2000,-0.1205,robotiq,0.1205
f58946a7b7304ef099c0275b1ac3ef18,0.027381631488876214,1753,rag_doll,0.011972068070613155,0.3225,2000,-0.2951183685111238,robotiq,0.3225
8361aa8f2ac148d397dce51b921f0041,0.1995,2000,shears,0.00020784911979277403,0.3675,2000,-0.16799999999999998,robotiq,0.3675
cd52e1b5299a40968f44c209899b4597,0.0,1101,amplifier,2.0360180394490817,0.111,2000,-0.111,robotiq,0.111
32abc12d4fe44bd0b116b294194d9615,0.5675,2000,rhinoceros,0.09071082534658202,0.523,2000,0.044499999999999984,franka,0.5675
ebac482cf85c45728e5ff2f154d3484a,0.919,2000,platter,0.28016123093527684,0.335,2000,0.5840000000000001,franka,0.919
035c9c52469e476f9448b197e295f70d,0.0655,2000,snowman,0.05684600722500061,0.5065,2000,-0.44099999999999995,robotiq,0.5065
353f435ff7174f46a8f00cd62f5db610,0.0,608,barrel,0.008674738842678041,0.699,2000,-0.699,robotiq,0.699
6ab4a3d94a524ae78fcbdf811eea9b88,0.7665,2000,ostrich,0.007635507715343096,0.672,2000,0.09449999999999992,franka,0.7665
28da032b1f1047aa836787781cd9adb8,0.512,2000,bird,0.027799317593422527,0.5515,2000,-0.03949999999999998,robotiq,0.5515
221e7eed8f0647968f7cb713a71e0e1c,0.948,2000,postcard,0.024617179130301012,0.652,2000,0.29599999999999993,franka,0.948
48f0ccac1e5d4431ba9e03ad8ad0d589,0.551,2000,owl,0.0013585101375614874,0.463,2000,0.08800000000000002,franka,0.551
baec7257198e4747964ae0b291af23f9,0.777,2000,oil_lamp,0.03986846433687462,0.6575,2000,0.11950000000000005,franka,0.777
a7f345ba660d41b0a27aad8c5718b511,0.763,2000,spoon,0.0017844984724938759,0.3935,2000,0.3695,franka,0.763
3693fa4414f64a41b04be4aa70e35448,0.9525,2000,smoothie,0.012272611871757837,0.9175,2000,0.03500000000000003,franka,0.9525
cbb8e7af40c44b3fa7937d84faf56999,0.7825,2000,duck,0.0003367136024597327,0.7545,2000,0.028000000000000025,franka,0.7825
4eef3df05a234a36bc9c385be5284078,0.6725,2000,candle_holder,0.5648674814823301,0.6775,2000,-0.0050000000000000044,robotiq,0.6775
b37cfcebbcb34928950ba2906f47919e,0.8975,2000,trunk,0.028059807754287364,0.369,2000,0.5285,franka,0.8975
a7aa70a9ba014d36bd2661a261ec6029,0.6845,2000,armor,0.16275683675145924,0.037,2000,0.6475,franka,0.6845
14531e18038a404c8653568975ef3e8f,0.235,2000,airplane,0.0018801843032090423,0.3515,2000,-0.11649999999999999,robotiq,0.3515
b9b2d4d05d1d4c039245cb216d07f5a7,0.166,2000,antenna,0.005900306675844012,0.1005,2000,0.0655,franka,0.166
d63b1ba4e7c04ed494d377b45ccb8b0c,0.9085,2000,rifle,0.0054367860127958025,0.4925,2000,0.416,franka,0.9085
04ef3c46e9484fec90d670c6555789d6,0.98,2000,brass_plaque,0.5696676306526666,0.2125,2000,0.7675,franka,0.98
b2a917737eab4866a8fda30fded72d1c,0.113,2000,Christmas_tree,0.02096043665408286,0.4095,2000,-0.2965,robotiq,0.4095
695fce9626164a24bbf34f740ad05b54,0.9125,2000,cooking_utensil,0.9015377853061792,0.4855,2000,0.427,franka,0.9125
0000ecca9a234cae994be239f6fec552,0.03278688524590164,122,subwoofer,1.4481926124953526,0.166383701188455,589,-0.13359681594255335,robotiq,0.166383701188455
41415a2e3054491baa46da5d7a859dfc,0.897,2000,goggles,0.5817868175421562,0.23,2000,0.667,franka,0.897
71bbb09829ab48fabe127bd5a857db78,0.906,2000,hammer,0.036656317534057285,0.5475,2000,0.35850000000000004,franka,0.906
2eede2354905407b9a72ab6d36964916,0.965,2000,postbox_(public),0.16375905187541628,0.2825,2000,0.6825,franka,0.965
dbb232318d2c493193cd2c6948eadfc7,0.0,2000,bus_(vehicle),9.522812477048411e-05,0.334,2000,-0.334,robotiq,0.334
c2091146aa454765a5f7654dbad62d3e,0.1695,2000,fireplace,0.08586637617179672,0.4165,2000,-0.24699999999999997,robotiq,0.4165
533a6c2a58b040de97a12da50a1d05b5,0.629,2000,chair,0.03397997824493425,0.63,2000,-0.0010000000000000009,robotiq,0.63
fcb451facdd94b5f82871ed231d45372,0.7265,2000,space_shuttle,0.1013662526987098,0.15,2000,0.5765,franka,0.7265
c5bfdf003ead4c4793f4e9b93a9b1b79,0.728,2000,medicine,0.0009338166110731386,0.6525,2000,0.07550000000000001,franka,0.728
49add91ed5874ca590fa137ca2029353,0.921,2000,handbag,0.14696183224262255,0.178,2000,0.7430000000000001,franka,0.921
773cdcd8e85d4b9cb7fbdd16d50621cf,0.8885,2000,perfume,0.007631542130389966,0.797,2000,0.09149999999999991,franka,0.8885
1b10b96e94634a7aa50783c4a99b8805,0.6625,2000,tux,0.25179507605597157,0.642,2000,0.020499999999999963,franka,0.6625
79f30cb4af5a40c482e487c8e7c3c58d,0.8865,2000,passport,0.010270999473333304,0.178,2000,0.7084999999999999,franka,0.8865
af37576ba7874147b3dfa5de5f94e35f,0.0,1033,jam,0.01403952747322358,0.1625,2000,-0.1625,robotiq,0.1625
99da82e00cad45449b5fd906e2c8b7db,0.0,37,muffin,2.788160946980196,0.0,92,0.0,robotiq,0.0
3a12c6619d0c4077a88dbb93c7a1f0fd,0.9405,2000,balloon,0.04976818075982101,0.848,2000,0.09250000000000003,franka,0.9405
9753fcce430a463aa463240cea633d99,0.897,2000,beef_(food),0.5651105890259023,0.1855,2000,0.7115,franka,0.897
60609764ba8b48588c76e9604532cbbc,0.644,2000,owl,0.3710384786180064,0.69,2000,-0.04599999999999993,robotiq,0.69
86daa7f49cc84063ba2a83620c99e68e,0.8535,2000,microscope,0.026397048094748857,0.6585,2000,0.19500000000000006,franka,0.8535
ef8ced4cbe764fab9799113f7f700aff,0.38,2000,fireplug,0.00032214229752001127,0.643,2000,-0.263,robotiq,0.643
57e3a3a19833452ab253996b88d4e266,0.7095,2000,cab_(taxi),0.04331093234592965,0.5465,2000,0.16300000000000003,franka,0.7095
fd8d8cafa0634bf9b803eafee7625979,0.5085,2000,bear,0.03791804542699104,0.6115,2000,-0.10300000000000009,robotiq,0.6115
48155e8b129046ca9f96f97affc96742,0.054,2000,stepladder,0.001620747795768956,0.047,2000,0.006999999999999999,franka,0.054
9bf7126cbee5479a9b79564313a51092,0.983,2000,coin,0.011241949654344975,0.5375,2000,0.4455,franka,0.983
79e6c14217ab417abe524a99ffbb472e,0.8515,2000,fighter_jet,0.0020897587772759243,0.244,2000,0.6075,franka,0.8515
4b62714e0ab84d80a2cd1c1ac4fb02b0,0.464,2000,book,0.08362569309949335,0.22,2000,0.24400000000000002,franka,0.464
e9d8ae0a9ef94fa082a5a63e092fd402,0.717,2000,water_heater,0.0013528819446471157,0.729,2000,-0.01200000000000001,robotiq,0.729
c00900cda58c485ebec08791cf490873,0.8705,2000,chair,0.12829336171403055,0.388,2000,0.48250000000000004,franka,0.8705
5677c97a09bb4f5ea7b1c9eb7f4ebaa0,0.9255,2000,snowman,0.004894226262401288,0.8715,2000,0.05399999999999994,franka,0.9255
4a780837e8494759b881c980e302aaa2,0.7315,2000,steak_(food),0.2960409097177268,0.3655,2000,0.36600000000000005,franka,0.7315
d8663bde3e124dbaae359768b4f129e3,0.138,2000,chessboard,0.03995247167065494,0.1895,2000,-0.05149999999999999,robotiq,0.1895
ea69be4fc8aa468c8ab35314f866d793,0.7975,2000,gravestone,0.006401184702516118,0.0655,2000,0.732,franka,0.7975
fa78ca4e798c43f7a7bcca2751712120,0.0,1820,heart,0.031758016684192744,0.0545,2000,-0.0545,robotiq,0.0545
3c8738bafad8492f90fc1ac03cae344a,0.585,2000,shoe,0.008748329532279208,0.413,2000,0.172,franka,0.585
52eec6fbc73c42c380404a40d258f0a8,0.316,2000,pencil,0.002209709963293115,0.1385,2000,0.1775,franka,0.316
e83f922d36304ba5af544dd190ff23f7,0.6495,2000,water_gun,0.1357469702781991,0.4155,2000,0.23399999999999999,franka,0.6495
6613cc7fc0b948859303bc7dc0dc8847,0.7865,2000,ram_(animal),0.012743911117399675,0.4375,2000,0.349,franka,0.7865
c35b1bd90e38489e878d922de5e212f0,0.7975,2000,spoon,0.0017397788877036656,0.344,2000,0.4535,franka,0.7975
7897b33d3d0445e7904f1492e96b9f68,0.8515,2000,pocketknife,0.001483446172083884,0.4045,2000,0.447,franka,0.8515
cb122842358a4bd28fde7ff1ef3d86ec,0.812,2000,toothbrush,8.855730687324712e-05,0.6695,2000,0.14250000000000007,franka,0.812
27fcbef035fd4993b39b062a2a86385e,0.866,2000,faucet,0.005946662873766539,0.27,2000,0.596,franka,0.866
ff92f513c58647f3ad0c3a8882927f76,0.6765,2000,water_bottle,0.016658215793473014,0.1195,2000,0.5569999999999999,franka,0.6765
96b0bcf7c604466cace09d3d46db4eab,0.623,2000,dress,0.0023910213105833044,0.392,2000,0.23099999999999998,franka,0.623
8971f0746b4e4f098c2329cb6b8962bb,0.9295,2000,thermos_bottle,0.0004776906800369418,0.4965,2000,0.433,franka,0.9295
b2c1fc509240456894c803a7d77dd549,0.525,2000,earphone,0.00237772356660678,0.2865,2000,0.23850000000000005,franka,0.525
53a15531149a4798a506fc59e14f4bcf,0.715,2000,walking_stick,0.15801025108560782,0.0625,2000,0.6525,franka,0.715
e3c58fd478384359ad37993780d96aef,0.7725,2000,sushi,0.014753181659933478,0.105,2000,0.6675,franka,0.7725
445869b3117349adaed1639cf201cb65,0.93,2000,chopping_board,0.7472432885194051,0.142,2000,0.788,franka,0.93
6dcff056bc0f4d75abd0472f671ecb1d,0.28,2000,pickup_truck,8.449738533063727e-05,0.381,2000,-0.10099999999999998,robotiq,0.381
5ebdb127eee2413e990e769b305a1528,0.514,2000,gravestone,0.06251275971430342,0.4175,2000,0.09650000000000003,franka,0.514
ed8577a03a0148e68e9c1c9dcd59dacc,0.7195,2000,record_player,0.15186075996217768,0.6235,2000,0.09599999999999997,franka,0.7195
28398dd72f6f442aa2280bf4db65f977,0.0025,2000,cider,0.6852765737210743,0.1585,2000,-0.156,robotiq,0.1585
0cd54226b0eb451784badcb2ba968467,0.839,2000,saddle_(on_an_animal),0.29871580607318393,0.5325,2000,0.3065,franka,0.839
bee98906fe6c44c68b7eb0cfcbae8949,0.712,2000,lion,4.097178184448184e-05,0.5985,2000,0.11349999999999993,franka,0.712
f1c1e890de674fccabcad59e16e8e4d5,0.6395,2000,Christmas_tree,0.005237902369443683,0.059,2000,0.5805,franka,0.6395
d8c9c0c8a5074afda8ade56e5a6e8bf3,0.9545,2000,soup,0.46374050481187334,0.6485,2000,0.30600000000000005,franka,0.9545
593fb30725d8436cabe8ca44bb01ea21,0.897,2000,spectacles,0.002545984943874516,0.5695,2000,0.3275,franka,0.897
542ace798af8420aa3147990ff14c1db,0.8805,2000,goose,0.03565674089845746,0.582,2000,0.2985,franka,0.8805
eaee5c918ab74563867f445569eb65bc,0.3875,2000,carnation,0.06741241337979498,0.542,2000,-0.15450000000000003,robotiq,0.542
ded559c9a20d4c009e37ac8f7a1034ed,0.8325,2000,salmon_(food),0.6730052169113435,0.6085,2000,0.22399999999999998,franka,0.8325
4a90c5fa3d824d1d87cd63bbae14ca59,0.405,2000,carnation,0.015336813225986068,0.248,2000,0.15700000000000003,franka,0.405
63e2c5d8fc7241ffa9b03e3f0091c231,0.9185,2000,barge,0.11071166211363122,0.574,2000,0.34450000000000003,franka,0.9185
29f58809b71847e8a8d0f96eee4221db,0.784,2000,chair,0.13537560797052586,0.384,2000,0.4,franka,0.784
f4ecccd226844c88b2c05a9dcdc1825f,0.856,2000,piano,0.05337392515919644,0.163,2000,0.693,franka,0.856
651fdbf468124dcb93f98541d6c12706,0.619,2000,elk,0.03395776656315094,0.4455,2000,0.1735,franka,0.619
4b99fb410740400fa7bf127f5ec5a237,0.6755,2000,jean,0.0002714043427765867,0.4305,2000,0.245,franka,0.6755
692c68c4f6374a3c8f114c11497fe1c2,0.9125,2000,police_cruiser,0.00023056720042334978,0.719,2000,0.1935,franka,0.9125
fc8ab4683c034f8ab873ce28d531a8a6,0.4535,2000,fig_(fruit),0.03268585287822095,0.2775,2000,0.176,franka,0.4535
b80dc6f0ddeb4fdb99536640faf9d22d,0.5135,2000,bulldog,0.004773550083797777,0.2645,2000,0.24899999999999994,franka,0.5135
392a362ca6e6453f8c29ffbf3fc20608,0.6955,2000,school_bus,0.01797861586474244,0.45,2000,0.2455,franka,0.6955
ead01cc33fbc414795bfa835c19094f5,0.94,2000,newspaper,0.11262298080738221,0.075,2000,0.865,franka,0.94
2b595c801e114eb3b3def91cf9a20504,0.5015,2000,ladybug,0.15477376879669513,0.551,2000,-0.0495000000000001,robotiq,0.551
80b6ce3fb6ea418181ae2c5ff80d6776,0.838,2000,coffee_maker,4.160605706923074e-05,0.9765,2000,-0.13850000000000007,robotiq,0.9765
2170f37105414678a835ecf085ef956c,0.40958832725377803,1919,hot-air_balloon,0.0002626119117752038,0.564,2000,-0.15441167274622192,robotiq,0.564
e097362e18c646afa96e90ec3b4c111b,0.9675,2000,mallet,0.00024409138896609343,0.7105,2000,0.257,franka,0.9675
d2244b45ac76440f8391565a126af65d,0.9135,2000,butterfly,0.12950336123995412,0.0805,2000,0.833,franka,0.9135
960ac9ae4baa45b586fc5037a6e3bc96,0.897,2000,earphone,0.017944084614419674,0.6055,2000,0.2915,franka,0.897
21654948bba44e648306208603fdaa82,0.9675,2000,chopstick,0.0007792363923503365,0.4125,2000,0.555,franka,0.9675
42bc88cd0262461ab28d3ebcb72e80fd,0.712,2000,toy,0.39295740290812226,0.2005,2000,0.5115,franka,0.712
bf0df79c46624d5b954964051cae15c9,0.908,2000,bait,0.07265484951593763,0.528,2000,0.38,franka,0.908
8914d4196a524411ace8dd1073534a17,0.0115,2000,typewriter,0.054286972787927316,0.224,2000,-0.2125,robotiq,0.224
f2afe44187c14ddb988676e418b0052f,0.8135,2000,chair,0.06635137260174837,0.67,2000,0.14349999999999996,franka,0.8135
9015c94c7fd3433f8a247bab6bb9cada,0.5055,2000,kimono,0.0017052020483618098,0.5205,2000,-0.015000000000000013,robotiq,0.5205
7fed88b9da584b1a95c8cc1bb176c169,0.329,2000,pickup_truck,0.0016532131063047696,0.346,2000,-0.01699999999999996,robotiq,0.346
e55aa9e1ce0e48b7addce7056bd3529f,0.427,2000,ambulance,0.11659058865590319,0.524,2000,-0.09700000000000003,robotiq,0.524
c5d8ba876f314ab49a798ac166b79d83,0.7645,2000,knitting_needle,0.0007843575885548954,0.49,2000,0.27449999999999997,franka,0.7645
bf049e158d774648a0df2f88e1e04ac2,0.8945,2000,snowboard,0.012640125398053112,0.5305,2000,0.364,franka,0.8945
dc86559181b54202b8c96c4d0b6e0d01,0.259,2000,orange_(fruit),0.0003474107809271298,0.337,2000,-0.07800000000000001,robotiq,0.337
d6ee1a7166554559915bdc187d8d8cf6,0.3005,2000,kettle,0.0025276232147292107,0.38,2000,-0.07950000000000002,robotiq,0.38
5cfedcc8dda541e284e5d8b3add46937,0.946,2000,beer_bottle,0.03760951184048217,0.4475,2000,0.49849999999999994,franka,0.946
68d42c707dec45808d6663b626106b47,0.49,2000,awning,3.466979265170346e-05,0.332,2000,0.15799999999999997,franka,0.49
6751ae324fd44195903cb0558580837c,0.7725,2000,earphone,0.0021756793540702694,0.1845,2000,0.588,franka,0.7725
e0cc6b7fa17b489a975cd5f9a63c6721,0.736,2000,license_plate,0.03513732704614695,0.5815,2000,0.15449999999999997,franka,0.736
663fe416f86c48dd97e301ec50a7c5cd,0.0,1017,cooker,0.3103295955287978,0.0075,2000,-0.0075,robotiq,0.0075
61902b403ea4449f95ad3777ccd76c9b,0.2213855421686747,1328,ski_boot,0.00980922508716281,0.379,2000,-0.1576144578313253,robotiq,0.379
6f8260fe6b5f4c18b767ad577c18c46a,0.526,2000,binoculars,0.11673387521378849,0.432,2000,0.09400000000000003,franka,0.526
040d548a18b44fceb518b1b57a62aebd,0.299,2000,cab_(taxi),0.042725483684053545,0.4135,2000,-0.11449999999999999,robotiq,0.4135
4018db5a2d5747f2b971e6bb7210063c,0.675,2000,fan,0.007635125008527966,0.432,2000,0.24300000000000005,franka,0.675
5b115c0091a745af8a1f2f35fd44a4a8,0.6385,2000,blouse,0.001965073282683937,0.368,2000,0.27049999999999996,franka,0.6385
6d19454feff8409ea697102783c17bc8,0.844,2000,cleat_(for_securing_rope),0.0005727914317093978,0.4125,2000,0.4315,franka,0.844
a98f4caeb1e6466aa953657bb24a3c64,0.901,2000,microphone,0.0009426981226999259,0.3925,2000,0.5085,franka,0.901
7daac324578348899321e9ea3cea25bb,0.8195,2000,dumpster,0.0001355830124084113,0.726,2000,0.09350000000000003,franka,0.8195
4498a8c36d38426699f19dbcf6256b62,0.9045,2000,checkerboard,0.002262090625964981,0.107,2000,0.7975,franka,0.9045
668cc358af5f4ee0997ed28c2996ab2e,0.7275,2000,motor,0.13755585982107532,0.458,2000,0.2695,franka,0.7275
85c3d3b9cfd64c108dc548e525052c4e,0.9025,2000,fire_alarm,0.6647791441042941,0.4455,2000,0.45699999999999996,franka,0.9025
3e32568eb19f478ebfb5b65e385ce327,0.8375,2000,phonebook,0.008449947536340143,0.06,2000,0.7775000000000001,franka,0.8375
5eb658f503854de1a23943588dcf4286,0.882,2000,sponge,0.7272190873563389,0.862,2000,0.020000000000000018,franka,0.882
76b7b9ca4d2a46d696a4ca257f722fa3,0.796,2000,elephant,0.7785421393445142,0.6205,2000,0.1755,franka,0.796
a006b01175bf41e4af88a059d3ed375d,0.846,2000,fedora,0.03049398220315518,0.471,2000,0.375,franka,0.846
d10c9764f22e4fa3959db48d3955f282,0.7965,2000,wedding_ring,0.005340040377665017,0.5825,2000,0.21399999999999997,franka,0.7965
829b388b683f423cab51d4e1e621ce8d,0.73,2000,bass_horn,0.09443147691864795,0.4275,2000,0.3025,franka,0.73
5b1a44cff3d34249b8feea2052ddd972,0.7505,2000,bucket,0.08027965524776229,0.179,2000,0.5714999999999999,franka,0.7505
41cec47f5a354e15b8ea8d82e0e3a2fd,0.953,2000,mammoth,0.06507953697443843,0.4855,2000,0.46749999999999997,franka,0.953
4d9e698174704823adde230e2a85c419,0.77,2000,silo,9.693068623860814e-05,0.517,2000,0.253,franka,0.77
714397383f014eafb4de216db99e851d,0.6725,2000,cup,0.09221037779255724,0.1215,2000,0.5509999999999999,franka,0.6725
f84e7dade99b4ff288f1dcd89d710879,0.405,2000,water_faucet,0.002564276835798784,0.037,2000,0.36800000000000005,franka,0.405
caf23406f4fa4f52bdf41d59fdbd70b9,0.0,182,die,0.0016988892268494941,0.00145985401459854,1370,-0.00145985401459854,robotiq,0.00145985401459854
6f6cf0d96cbf4e7f8c639d6e2b7c0aea,0.0,2000,chopping_board,2.543438701989233,0.3215,2000,-0.3215,robotiq,0.3215
665ff012aa1347d8befdcfde348576f3,0.916,2000,towel_rack,0.00010370881849473831,0.5625,2000,0.35350000000000004,franka,0.916
ff534168be98446fb7492d0656929ee1,0.525,2000,puppet,3.584470118809583e-05,0.397,2000,0.128,franka,0.525
2674f1f26f12465dad6a802cda49289e,0.965,2000,shampoo,0.026045299724253252,0.703,2000,0.262,franka,0.965
728e03ecd80340f1ac62494b8d59bfb1,0.8595,2000,boat,0.03658121309100907,0.0775,2000,0.782,franka,0.8595
a90c581065bc4816b3d1711b1d8b8a2f,0.526,2000,ram_(animal),0.015753506636287353,0.3635,2000,0.16250000000000003,franka,0.526
154d951f702d46289878b56dc9f42a30,0.3305,2000,wardrobe,0.00011884028356450415,0.249,2000,0.08150000000000002,franka,0.3305
5e18f410ea20470ea1efb0acf6b652ea,0.6885,2000,backpack,0.010112115969260708,0.58,2000,0.10850000000000004,franka,0.6885
93c4d8ae7ab94fe7abe9a2fdc84661e3,0.773,2000,chair,0.03661693211173993,0.729,2000,0.04400000000000004,franka,0.773
cc397bf2484b488f85dcf844bf088559,0.8245,2000,sofa_bed,4.372708492640759e-05,0.5195,2000,0.30500000000000005,franka,0.8245
6b8290532aa44dcba1ea9deca3e19069,0.79,2000,suit_(clothing),0.00014641216864605107,0.488,2000,0.30200000000000005,franka,0.79
c48fb179431a4ee4a8f3836ae17d5bae,0.69,2000,fedora,0.8848638500607277,0.228,2000,0.46199999999999997,franka,0.69
47f8cde331054e6eb7a67b0e35390e02,0.467,2000,salmon_(fish),23.688099724104138,0.4155,2000,0.051500000000000046,franka,0.467
3RMPys8NIF4D955sDUD61IgcpYf,0.7425,2000,sheep,0.03455254690152357,0.9135,2000,-0.17099999999999993,robotiq,0.9135
714694c15fc14e2197fb6deb251cf07c,0.9355,2000,pocket_watch,0.13775746205089728,0.1655,2000,0.77,franka,0.9355
bf6e7c0c748b47259677b7d4a33a0a5f,0.0,2000,pear,0.02099920425992335,0.8845,2000,-0.8845,robotiq,0.8845
d17eaee5b2954775905bc974513443f5,0.6685,2000,sportswear,0.08244588557191454,0.5465,2000,0.122,franka,0.6685
8f57ec10b8ca4a16930bb55c15f46f60,0.942,2000,cooker,0.0008965397596566573,0.167,2000,0.7749999999999999,franka,0.942
e33f9981f136414281ee752c95080263,0.993,2000,tomato,0.0011123282731969604,1.0,2000,-0.007000000000000006,robotiq,1.0
d3b2cb17718f4e33b74431db3eec5732,0.4225,2000,football_helmet,0.13301723099309387,0.7915,2000,-0.369,robotiq,0.7915
ad0501050f0d4781aae97215dfafcb78,0.8245,2000,dress,0.0061400032052446535,0.4325,2000,0.392,franka,0.8245
361ede74a21b47adb53a812c6e2c6770,0.6175,2000,plume,0.0013736891716887602,0.399,2000,0.21850000000000003,franka,0.6175
71e02a21a6c34996a3def1726d29ca1c,0.7325,2000,earphone,0.016583601080953875,0.602,2000,0.13050000000000006,franka,0.7325
959c282f25714baa8d6c16d810aee199,0.388,2000,bullhorn,0.707140829161785,0.336,2000,0.05199999999999999,franka,0.388
8108e576b26a41efb2d10d24439627f5,0.4615,2000,cowboy_hat,0.15750914156581425,0.0875,2000,0.374,franka,0.4615
5e2fabb63f2046e9a44c47ec3e702495,0.324,2000,radio_receiver,0.09413859697239765,0.476,2000,-0.15199999999999997,robotiq,0.476
341382ccefee484b9159a08ffd0e96ba,0.088,2000,river_boat,0.34371808384970515,0.135,2000,-0.047000000000000014,robotiq,0.135
9d5c6b51571841f391e40f85420bf002,0.959,2000,first-aid_kit,0.0019122507295269067,0.231,2000,0.728,franka,0.959
bfd31f9917424890bb5f8e3d506c7d58,0.818,2000,antenna,0.025766712351040163,0.5985,2000,0.21949999999999992,franka,0.818
c8c3f307e93f4c829d579d1b369e6b02,0.0,2000,camera_lens,0.05136516624554788,0.6005,2000,-0.6005,robotiq,0.6005
bf957884ff6445ecab9818d4a712fee0,0.86,2000,ladle,0.0021283631118140744,0.2235,2000,0.6365,franka,0.86
d3ae871584d146b681ff45a7915a4f32,0.8885,2000,bedpan,0.003985541622459288,0.434,2000,0.45449999999999996,franka,0.8885
256ef6e691624a42a18a3946fa72a28c,0.7205,2000,wheelchair,0.24113970019896347,0.4065,2000,0.31400000000000006,franka,0.7205
8a0481651bf144ae9826c3fdb6515aaf,0.6635,2000,gun,0.036026863667347316,0.4025,2000,0.26099999999999995,franka,0.6635
5411c6c928a449fd93e5ec8ac2942a10,0.6605,2000,icecream,0.032936037912202766,0.4725,2000,0.188,franka,0.6605
119e19154a6e40429c47449b7b1e2717,0.538,2000,cash_register,0.08853315641784028,0.494,2000,0.04400000000000004,franka,0.538
b2b577977af04c43a44963e4f34d9631,0.8815,2000,eggplant,0.02815589954938661,0.9285,2000,-0.04700000000000004,robotiq,0.9285
01d23b3ca3d9410993d55850730277d1,0.663,2000,fire_extinguisher,0.006736492266586823,0.6135,2000,0.04949999999999999,franka,0.663
a37158f20ccf436483029e8295629738,0.9385,2000,clipboard,0.2239307693300582,0.163,2000,0.7755,franka,0.9385
c66c324992f441cbaa79944e88aa596e,0.973,2000,awning,0.0014123445965363683,0.298,2000,0.675,franka,0.973
c8c7210c40624b71bd5f4644fdaa60f3,0.317,2000,street_sign,0.01677499164148756,0.6845,2000,-0.3675,robotiq,0.6845
9e45e03e727b47adbc2a68b1db5ed53a,0.8835,2000,gun,0.023435709488823096,0.332,2000,0.5514999999999999,franka,0.8835
4735a1a4d1fa4302b711fd8cd9fd2abd,0.8745,2000,motorcycle,0.0676314902950265,0.3575,2000,0.5170000000000001,franka,0.8745
c033d4bd9a354a5eae3fbb953cd9013b,0.989,2000,candy_bar,0.23533191588238456,0.2555,2000,0.7335,franka,0.989
423502aad8564e1b9fe1b810e204b7c6,0.273,2000,air_conditioner,0.1456395277085103,0.2715,2000,0.0015000000000000013,franka,0.273
a0f6e545546343e3ac0f5a91b30683a1,0.86,2000,tricycle,0.018590980305207838,0.5765,2000,0.2835,franka,0.86
b2f7b1de22a749b5a52e392b5fcb97a4,0.9425,2000,toy,0.021904416337110225,0.1595,2000,0.783,franka,0.9425
44aedfc2a7d8451ea53e3a64693f55db,0.927,2000,handbag,0.21888367926608093,0.759,2000,0.16800000000000004,franka,0.927
be408bdd24ac49c6baa907a80d2d6777,0.8215,2000,water_faucet,0.9470092922863154,0.539,2000,0.2825,franka,0.8215
a406b6f97b794d67b039ecca323bc8f3,0.0,2000,keg,0.0004664612724472718,0.327,2000,-0.327,robotiq,0.327
03a05076e4fb4d00a17ae2a31380a8d7,0.8745,2000,music_stool,0.21231995749178936,0.341,2000,0.5335000000000001,franka,0.8745
8565a55b2ebd42aba238fc071060a70c,0.9175,2000,skateboard,0.15322338986839323,0.418,2000,0.4995,franka,0.9175
60728cf9622947f89ab39e9bbf15fc20,0.8375,2000,jumpsuit,0.00377764863174947,0.858,2000,-0.020499999999999963,robotiq,0.858
d1fd2f75903f4d57b50e0b37e71fdd1b,0.7965,2000,smoothie,0.0009311332308161225,0.242,2000,0.5545,franka,0.7965
cd5aaf2005fb40d49a422547cff3d1fa,0.919,2000,fireplug,0.07418875025566742,0.7885,2000,0.13050000000000006,franka,0.919
9de9e07cf92e4ff888f4e26d636a5f9e,0.8385,2000,necklace,0.00039121320669059304,0.913,2000,-0.07450000000000001,robotiq,0.913
5efa916bb4054e15838bcdeabee683c6,0.531,2000,pottery,0.6495711134704298,0.677,2000,-0.14600000000000002,robotiq,0.677
38aedc02c0b2412babdc4d0eac7c6803,0.7615,2000,poncho,0.08081561885220995,0.439,2000,0.32249999999999995,franka,0.7615
62b0cd50ed0d428d8fe60e65d62d005b,0.7895,2000,can_opener,0.002070816019401264,0.2725,2000,0.5169999999999999,franka,0.7895
47fd70d2b3bb408b8eda632c53d86515,0.5995,2000,passenger_car_(part_of_a_train),0.023327308734798234,0.3475,2000,0.25200000000000006,franka,0.5995
4c2553601c9849ca8051a0bf39423422,0.948,2000,crucifix,0.00029652101344602733,0.3995,2000,0.5485,franka,0.948
67fd0ff6d64041759b89d4d093210a2d,0.674,2000,polo_shirt,0.08215140449719188,0.534,2000,0.14,franka,0.674
ff7cede13a394848a4416cee533b7478,0.4445,2000,visor,0.001322362439148243,0.0775,2000,0.367,franka,0.4445
c95f8154bbf640fd83dc5d454fa1ac74,0.991,2000,pole,0.013186227197973563,0.31,2000,0.681,franka,0.991
753efdb4234545a698343661c59664a4,0.8075,2000,television_set,0.0041597407822700815,0.2275,2000,0.58,franka,0.8075
eea667c893474b42a16eb7a43ca28249,0.012,2000,cauliflower,0.07979830032850445,0.35,2000,-0.33799999999999997,robotiq,0.35
3b63c5b6d6a94d3aa3eb026c869b9043,0.8505,2000,lamppost,0.13841275738717482,0.6685,2000,0.18200000000000005,franka,0.8505
0d00ebd882aa4f7482041ffa3de5bba1,0.7615,2000,gravestone,0.05582963920448308,0.4365,2000,0.32499999999999996,franka,0.7615
b7d498a138f343c7910ea169ed1c2a3f,0.856,2000,binder,1.492551861322475,0.091,2000,0.765,franka,0.856
bcd19697785544c99f54f2e71d1cb557,0.5825,2000,birdhouse,0.00018740621990613683,0.6335,2000,-0.050999999999999934,robotiq,0.6335
1be1cb560a934bd5a4ef6051b90197dd,0.7415,2000,skirt,0.00039072680755300297,0.5975,2000,0.14400000000000002,franka,0.7415
2b141496ab3a41618d62b46dfa56f37d,0.557,2000,hamburger,0.41156940845301193,0.861,2000,-0.30399999999999994,robotiq,0.861
31e0899e65f74cb9bfdc9df8e71288ee,0.7755,2000,television_set,0.0003951879929943936,0.7085,2000,0.06699999999999995,franka,0.7755
a8614ccd87314bc7bca5919d4f219850,0.6235,2000,fish_(food),0.11951584313464438,0.485,2000,0.13850000000000007,franka,0.6235
ea06ce6c179a4676a1e9329f3b7ee127,0.962,2000,popsicle,0.008176882491056536,0.5525,2000,0.4095,franka,0.962
4f5508b4921b41ccb72ce5ec0482b840,0.683,2000,packet,1.1998079873330199,0.2985,2000,0.38450000000000006,franka,0.683
61a31eeab12d424b8ab496f32d737c1f,0.0,2000,footstool,0.0026875299996157085,0.0055,2000,-0.0055,robotiq,0.0055
747fe7a49dae4ef6b067ec8916c808e2,0.756,2000,ashtray,0.04217950626322248,0.189,2000,0.567,franka,0.756
e78940dc9bc14145bb22ec2586d3431c,0.9205,2000,basketball,0.14778826580667695,0.3055,2000,0.615,franka,0.9205
dce1b942fe7f4a878a7233ccb0d381a9,0.691,2000,heart,2.37766144769272,0.1035,2000,0.5874999999999999,franka,0.691
c4a0da1c328e42f688ef54daaba9cc6d,0.761,2000,gondola_(boat),0.00042893047409411043,0.275,2000,0.486,franka,0.761
e8c48f47d2f540618a117265dd7b9374,0.5685,2000,puppy,0.009021322697339261,0.832,2000,-0.26349999999999996,robotiq,0.832
43d73511701f4b7aabe1931add01d187,0.717,2000,puppet,23.474769677583396,0.5445,2000,0.1725,franka,0.717
40c4b1c6bd3c497c8167355f73ad4e17,0.6355,2000,phonograph_record,0.0024064506038547653,0.618,2000,0.01749999999999996,franka,0.6355
45de993950c24e879eb641510e89e752,0.7175,2000,pouch,0.015397393560185496,0.202,2000,0.5155000000000001,franka,0.7175
bbcc8d56ada6449dafe256caa534405b,0.871,2000,crucifix,0.12168636145026024,0.35,2000,0.521,franka,0.871
0c74700b13e74cde9c43ad6c7ed41c93,0.0,2000,pinecone,0.032908765710431644,0.262,2000,-0.262,robotiq,0.262
9face2ab80034b6f8a73942e43ed18b5,0.907,2000,necklace,0.007134809550852337,0.54,2000,0.367,franka,0.907
6154520a963a4bb099642482a26aa9d3,0.446,2000,barge,0.00037901797550469394,0.2415,2000,0.20450000000000002,franka,0.446
f1a7290f39a44a7caa51ec87ac92cf86,0.507,2000,motorcycle,0.10308579572269819,0.4205,2000,0.08650000000000002,franka,0.507
b555371c60fd4dc1879f6fb34cae240c,0.0,466,can,0.12181928402593938,0.002207505518763797,906,-0.002207505518763797,robotiq,0.002207505518763797
d1930acd5da841ddbefdd00420f7e43e,0.919,2000,armoire,0.00011371059194249378,0.2885,2000,0.6305000000000001,franka,0.919
f921c498d3fd4a33b600dbae0ad7ee8f,0.7865,2000,beer_bottle,0.7033194461930071,0.3845,2000,0.40199999999999997,franka,0.7865
66b8917c39854fb5b01e54c7ad82d022,0.6915,2000,sushi,7.108141117955138e-05,0.73,2000,-0.03849999999999998,robotiq,0.73
d57286112de04584b02284724d670f1d,0.7815,2000,shoulder_bag,0.000259580536206393,0.671,2000,0.11049999999999993,franka,0.7815
476f5e6f86384b7da8352622570c8c3f,0.6115,2000,camcorder,0.008726746514629498,0.507,2000,0.10450000000000004,franka,0.6115
c426f52c4b1c4c5aaef166c62612b88f,0.855,2000,hardback_book,0.027061617934205952,0.0855,2000,0.7695,franka,0.855
7661b329d6eb45c3ab6fde9581a1e633,0.0,1737,kitten,0.01564651444655655,0.055,2000,-0.055,robotiq,0.055
4d8a60b887d74ed7aa2cff810e783a90,0.4445,2000,sword,3.0469366990368004e-06,0.3715,2000,0.07300000000000001,franka,0.4445
2e18d865b85941e59304719cd325322b,0.5015,2000,wall_socket,0.028672350339050683,0.0445,2000,0.45699999999999996,franka,0.5015
efdce2d230764de599cd574f5a20b55c,0.8505,2000,trailer_truck,0.00027073765620037215,0.512,2000,0.3385,franka,0.8505
91a4c332a5c34f7da8a932dc6d9fbf0e,0.654,2000,spider,0.06830607172800365,0.6145,2000,0.03949999999999998,franka,0.654
20baf2a2385c44fba62a94f96e8d45d2,0.8535,2000,crown,0.768784784571674,0.7055,2000,0.14800000000000002,franka,0.8535
f630c5e89c5949629418deee8320d20f,0.8555,2000,mirror,0.020983679761378823,0.3995,2000,0.456,franka,0.8555
068c936a5343457eb9d4907234ea655f,0.818,2000,ham,0.5378616067120815,0.9615,2000,-0.14350000000000007,robotiq,0.9615
736b53104d1d4d1b8c89f8f1b599dc07,0.7585,2000,bowl,0.0015039846005518852,0.084,2000,0.6745,franka,0.7585
8716cb4b92bf44e4835ed1d6da73df8d,0.8035,2000,dress_hat,0.05474659442980292,0.0255,2000,0.778,franka,0.8035
dedac6c955a54251a25b87407e8bb2c6,0.8695,2000,record_player,0.07138703973656109,0.042,2000,0.8275,franka,0.8695
e1e1548bfd4c466ea5364b8e473942ca,0.598,2000,edible_corn,0.02862424668888782,0.3455,2000,0.2525,franka,0.598
77d1498b156946eea65423cb72cce135,0.6365,2000,horse_buggy,0.00014296948301178016,0.8825,2000,-0.246,robotiq,0.8825
5a79396e6c754077a011ac8fdb7fda35,0.532,2000,butterfly,2.327874615819957e-05,0.257,2000,0.275,franka,0.532
b7e25d2b684747c08e90b8cf446bdb43,0.5505,2000,cabinet,0.16407807880832417,0.1535,2000,0.397,franka,0.5505
f51f1d33be804a759207152154ac7714,0.063,2000,bouquet,0.0003058409525230417,0.3895,2000,-0.3265,robotiq,0.3895
1ad51f6676bd436eab77a198dbe991c6,0.4455,2000,camper_(vehicle),0.023766789215997657,0.691,2000,-0.24549999999999994,robotiq,0.691
7f18c636d8ab4f62ba880f03ecc9755e,0.1605,2000,puppy,0.03534908259681228,0.3605,2000,-0.19999999999999998,robotiq,0.3605
7d4406b23e5e4525a7afe7f3b25d141f,0.892,2000,walking_stick,0.0019876540006106324,0.324,2000,0.5680000000000001,franka,0.892
03be182bd1124f08ba6320bfacfa59d8,0.3905,2000,dress_suit,0.041810549462839026,0.3065,2000,0.08400000000000002,franka,0.3905
f45b8e762f434b0b9f2c76194b344a37,0.8585,2000,mirror,0.010778627087736038,0.837,2000,0.021500000000000075,franka,0.8585
8b7e0bc2035a49719c45e4ee01114527,0.3015,2000,oil_lamp,0.01436753372560489,0.53,2000,-0.22850000000000004,robotiq,0.53
4bd311032f364db18dafffb866ddb9f3,0.9315,2000,skateboard,0.05300737668990777,0.433,2000,0.4985,franka,0.9315
bf09c469e83045f9b91667fdbb277e22,0.0215,2000,grape,0.0253529985126517,0.4515,2000,-0.43,robotiq,0.4515
8d041195963541c386f27426964a05d2,0.8335,2000,hotplate,0.0007233431417001629,0.802,2000,0.03149999999999997,franka,0.8335
0b3813b60dda4ee3be416fff9166f794,0.581,2000,pony,0.02979407128301772,0.4875,2000,0.09349999999999997,franka,0.581
6f96a00b102843d9b22caee1f028aaf1,0.014,2000,bell,0.33691902530122686,0.1025,2000,-0.0885,robotiq,0.1025
29f7d53eae024e4d86d0d1360d32fa5d,0.31,2000,cow,0.04497367268331313,0.3785,2000,-0.0685,robotiq,0.3785
7d65d348d5b345abb9836baaf3738ce9,0.839,2000,watering_can,0.0032350679871888913,0.144,2000,0.695,franka,0.839
03ba684b8bad4fffa1a8cc2da2c2c59f,0.722,2000,drone,0.0001125952836131161,0.421,2000,0.301,franka,0.722
22b5a2f013234bf58bce842a05a3ade7,0.749,2000,pitcher_(vessel_for_liquid),0.4437331963091082,0.867,2000,-0.118,robotiq,0.867
4ece6ce3d10f48c3bf6774a317bd813b,0.734,2000,ferret,0.13323966471285234,0.682,2000,0.051999999999999935,franka,0.734
c4e5a8becd514290a3aa37721488a435,0.767,2000,liquor,0.013462523255228741,0.512,2000,0.255,franka,0.767
a3e75ee0a8fb4844b75ad6c88eb0bd32,0.0175,1200,file_cabinet,0.18015195218979912,0.133,2000,-0.1155,robotiq,0.133
3f5273ba29ec4f1db90ed330ef6b6cd4,0.6235,2000,armband,0.01044047358500552,0.026,2000,0.5975,franka,0.6235
efa4830b638d4ae88dac2e15daea7f55,0.7775,2000,sock,0.08719783951907234,0.2615,2000,0.516,franka,0.7775
8bf24f1c4a3944d2a8e0f1ac7e8cbca2,0.772,2000,eagle,0.012528456615414634,0.786,2000,-0.014000000000000012,robotiq,0.786
defa3859b9e24c40bdd24fa6447e34d3,0.0,2000,piggy_bank,0.0032310743079892205,0.331,2000,-0.331,robotiq,0.331
6cd8fdfd28d74baab3e5497105499233,0.5265,2000,heart,0.013456105980440317,0.9185,2000,-0.392,robotiq,0.9185
33d4fdde1bbb4a6b956fdc6ec2b3dda5,0.848,2000,mailbox_(at_home),0.005779417314787493,0.502,2000,0.346,franka,0.848
9543fb020fbb4097ab1f72a87b5a170f,0.4685,2000,flag,0.03642618937429014,0.3045,2000,0.16400000000000003,franka,0.4685
c1488f008d5243d29eb5a7acb41f50c1,0.2805,2000,strawberry,0.0007743971027194587,0.2235,2000,0.05700000000000002,franka,0.2805
b2fc4bd184944704ad43d3a31817a676,0.6485,2000,chair,0.01290685284742045,0.3345,2000,0.31399999999999995,franka,0.6485
66de78786f44425bb648c3c4491e66ae,0.8335,2000,spider,0.014812964508726543,0.529,2000,0.3045,franka,0.8335
d51983607d404791acb42f460259f23a,0.9015,2000,guitar,0.02039046847747258,0.488,2000,0.4135,franka,0.9015
43b07f7b86e94783ab6b4b88c646e57f,0.9165,2000,pistol,0.005666582498367909,0.6825,2000,0.23399999999999999,franka,0.9165
53d5d5e7871b4ef290d40a12b941ef0c,0.399,2000,teakettle,0.10055650265194527,0.448,2000,-0.04899999999999999,robotiq,0.448
16508811368a493d9088314be688f726,0.921,2000,bottle_opener,0.029613932215163632,0.9215,2000,-0.0004999999999999449,robotiq,0.9215
665aa05d24e54e3bb5d0f01ac52ce9ed,0.9885,2000,coaster,0.003643924677065932,0.3045,2000,0.684,franka,0.9885
223acfd933fa480e96bc45e38dc1537b,0.396,2000,typewriter,0.006061844526662114,0.4385,2000,-0.04249999999999998,robotiq,0.4385
341b1485ae0d4e2b9ac030e5d332aa78,0.9725,2000,sunglasses,0.20185855928708496,0.42,2000,0.5525,franka,0.9725
784169583c2e42cd8b4bd8667898da44,0.829,2000,fire_extinguisher,0.0063696825892054386,0.1955,2000,0.6335,franka,0.829
29ac53b1dc264b5bb82132f521a9f17f,0.891,2000,tank_(storage_vessel),0.06715607488442711,0.359,2000,0.532,franka,0.891
727ca78032304c028941a5dec1d76a9c,0.721,2000,step_stool,0.06973822241336919,0.4625,2000,0.25849999999999995,franka,0.721
b00e1f89f7734820b0cd4b146eade1b5,0.8295,2000,cigar_box,0.016194635793265053,0.293,2000,0.5365,franka,0.8295
960bc02f402d4a3b84083ee97decd923,0.252,2000,beetle,0.06055011179768791,0.2315,2000,0.02049999999999999,franka,0.252
986c95d1d84e44929f6cebfc170fe71b,0.1775,2000,amplifier,0.8491839206927154,0.278,2000,-0.10050000000000003,robotiq,0.278
4df10c64589a467992367dcf859dc22e,0.643,2000,atomizer,0.00020958766355457455,0.446,2000,0.197,franka,0.643
381f77e4fb844ebcb8494bbc32c8cb9f,0.8515,2000,icecream,0.31955049770832394,0.9155,2000,-0.06399999999999995,robotiq,0.9155
b4ce5dbdc0da4c72a6d00c06ec8db662,0.6755,2000,deer,0.009371381400223838,0.504,2000,0.17149999999999999,franka,0.6755
4a6528079ece48828f2500964fd60e13,0.748,2000,bow_(decorative_ribbons),0.579236340997474,0.3115,2000,0.4365,franka,0.748
5e87752d56cd45bebaeac48ba934aaa4,0.744,2000,toilet,0.0012609263159666293,0.4,2000,0.344,franka,0.744
9ea2a4c4054740fe9e215eff5fcc94e6,0.4645,2000,tennis_racket,0.4697274330992343,0.4085,2000,0.05600000000000005,franka,0.4645
2d1bf7963cc544cc9c12fdbdc6f03e24,0.0,1606,trash_can,0.05933579786583553,0.7685,2000,-0.7685,robotiq,0.7685
9c1c86c41bf1467f8ed419c746ecef46,0.0,64,bread-bin,0.12293992809570606,0.005988023952095809,334,-0.005988023952095809,robotiq,0.005988023952095809
eddcaf883d4f4051bf03ee3bdc714b57,0.4775,2000,toaster_oven,0.262765220459636,0.121,2000,0.3565,franka,0.4775
a547b66210554a7690d45a0343fce913,0.912,2000,table,0.008627874957690695,0.5665,2000,0.34550000000000003,franka,0.912
bba8f4448805408aabc5038e2ff2fc22,0.8905,2000,ski,0.0016167674497992654,0.422,2000,0.46849999999999997,franka,0.8905
c6f83195a0fe4e6caaed345f4eac6b5b,0.3265,2000,dragonfly,0.0569459001885121,0.3835,2000,-0.056999999999999995,robotiq,0.3835
187e234b63ae4d9f84f49af9b6045db6,0.5935,2000,polo_shirt,2.256804473731604e-07,0.5135,2000,0.08000000000000007,franka,0.5935
e4c89a5628db4c7abadbd18bb407a2a8,0.7475,2000,sweater,0.059863955946644426,0.486,2000,0.26150000000000007,franka,0.7475
e6ae56134408447d98a4e478ae012b2a,0.909,2000,earphone,0.02036463708994089,0.729,2000,0.18000000000000005,franka,0.909
454d8a68941a401287b844670c0646fe,0.8635,2000,spider,0.035602751787126574,0.5965,2000,0.267,franka,0.8635
c9ec32a675ec44c7a5540eb3abfceddc,0.8555,2000,dolphin,0.08622373689235215,0.8155,2000,0.040000000000000036,franka,0.8555
0464b64d8e7b46c1b0a8b76e9d5c770a,0.7485,2000,helicopter,0.0005099936193079745,0.579,2000,0.1695000000000001,franka,0.7485
1843e5b5d6d04de0943542c7dd3d5241,0.637,2000,elk,0.052794271243641715,0.384,2000,0.253,franka,0.637
e51a29d61d6b4ed09537de40eb695617,0.775,2000,vodka,0.010327938727247913,0.2735,2000,0.5015000000000001,franka,0.775
fa23d26cd7a3447ba8b21c2667ab8a1c,0.869,2000,pole,2.7248396477731533e-05,0.5495,2000,0.3195,franka,0.869
933bf1e7d4c64ee58f380ce0a82ecab8,0.4195,2000,pastry,0.03084713174428483,0.211,2000,0.2085,franka,0.4195
07d5590bb5164ee08b7c4b9c11c44643,0.694,2000,cayenne_(spice),0.05497014488550383,0.845,2000,-0.15100000000000002,robotiq,0.845
655edd88cfa74d2cafc13c7aa387d137,0.596,2000,cat,0.031313522719575236,0.683,2000,-0.08700000000000008,robotiq,0.683
5eee9d9172dd4738adc6a1916f53eb1f,0.9165,2000,basketball_backboard,0.0003626078472889764,0.211,2000,0.7055,franka,0.9165
8badb112834946c2b3e044b67586954c,0.0,2000,jumpsuit,0.5796544728812288,0.0,2000,0.0,robotiq,0.0
f1b122751d0b4609926041975fef2bab,0.003,2000,vase,0.001729085695670657,0.4445,2000,-0.4415,robotiq,0.4445
9f7b04b6973f4684a4d7392876bce696,0.8545,2000,tux,5.234886134148787,0.7845,2000,0.07000000000000006,franka,0.8545
28faa54f048a4463a48ea34d737c0b53,0.9335,2000,brassiere,0.000837471868012874,0.1925,2000,0.741,franka,0.9335
48d12f156daa46a8a9051b6b80a3ec45,0.5545,2000,goggles,0.0678427843719267,0.7845,2000,-0.22999999999999998,robotiq,0.7845
1c3be347aa1c4c17b69578bf3f01dcb7,0.829,2000,patty_(food),0.09793049045509372,0.216,2000,0.613,franka,0.829
0550851c03d2440c831f82bfb27d0f91,0.7065,2000,windmill,0.0007655583356418496,0.68,2000,0.026499999999999968,franka,0.7065
d5d96ae5d0cc4c7cb83c2a2c35a2092e,0.4395,2000,motor_vehicle,0.039739008610423905,0.4,2000,0.03949999999999998,franka,0.4395
5c2f841b99164ae0a46d8f57063aae56,0.9465,2000,beef_(food),0.0005505584987496807,0.2005,2000,0.746,franka,0.9465
c4c74f0471394312b2b087a35833fb18,0.5055,2000,escargot,0.09828516713356039,0.284,2000,0.22149999999999997,franka,0.5055
2cd8d1032b53426a92abb64a71743aa6,0.7645,2000,freight_car,0.02601663487350416,0.297,2000,0.46749999999999997,franka,0.7645
9cfda83306c14bbbb6526dd4cdef64c9,0.7355,2000,tinfoil,0.09405710246150235,0.256,2000,0.47950000000000004,franka,0.7355
4e8ce1e067b6426494cf724dbe4e0f71,0.731,2000,washbasin,0.004992037204889281,0.175,2000,0.556,franka,0.731
5b8e0438053f4f65b6d4189f23c7bf86,0.608,2000,jewelry,0.0005312593578304799,0.8965,2000,-0.2885,robotiq,0.8965
93cf76c6dc444a8fae3b1a06cac21ad5,0.0,243,stereo_(sound_system),0.24099860967364148,0.016,2000,-0.016,robotiq,0.016
dc5b365ea5814492834e9ed8f8953306,0.991,2000,corkboard,0.01332543885745971,0.124,2000,0.867,franka,0.991
0917c63e36cc45718b80a92dd5aa7b62,0.886,2000,sunglasses,0.07077379041915641,0.254,2000,0.632,franka,0.886
b6b80c6a199a411dbfe9c3082a10c365,0.8465,2000,chair,0.07337753427836992,0.6265,2000,0.22000000000000008,franka,0.8465
a7440e534ef6444895a6cc5feaf15a33,0.3405,2000,shirt,0.012705857031388611,0.268,2000,0.07250000000000001,franka,0.3405
aeb6b20f890a4ea68b9720c213995984,0.9325,2000,key,0.005261276555969824,0.486,2000,0.4465,franka,0.9325
40d1ea2932954cef8fb8e109ce3535a2,0.7835,2000,pendulum,0.033716571403613664,0.447,2000,0.33649999999999997,franka,0.7835
3633eaa6dde84ef192987c682036728c,0.8205,2000,keg,0.0016957574535803588,0.975,2000,-0.15449999999999997,robotiq,0.975
c145ad80740f4f90aebf1f63d301ac73,0.3745,2000,turtleneck_(clothing),0.13622238779082793,0.333,2000,0.04149999999999998,franka,0.3745
32a8e1f2186545f79a572a8307ce72ae,0.536,2000,stool,0.014776295997215623,0.9095,2000,-0.37349999999999994,robotiq,0.9095
f04c8e99765c4d7e875476998ec5c2f3,0.2675,2000,fighter_jet,8.789792903272764e-05,0.1345,2000,0.133,franka,0.2675
309c9156f9c049beab6813a2b1ca5b46,0.6805,2000,vase,0.00023096100766788178,0.73,2000,-0.04949999999999999,robotiq,0.73
c53229548417418793b85a176ddf1bb9,0.643,2000,food_processor,0.06881969961773088,0.4005,2000,0.2425,franka,0.643
ca8d526966a74d5ab796092e6e4531a8,0.606,2000,bat_(animal),0.007356013331247272,0.602,2000,0.0040000000000000036,franka,0.606
715d8d85d7a74ca99c7c94356056d07f,0.714,2000,playpen,0.001312970728407886,0.47,2000,0.244,franka,0.714
5832ef06058b4e949828533ef511c33a,0.401,2000,bucket,0.0011936267813957514,0.062,2000,0.339,franka,0.401
2f7c073c03db4812865aceaa34440fb8,0.708,2000,wineglass,0.010084416471118287,0.149,2000,0.5589999999999999,franka,0.708
a1a8bb454cac46ca9b3e6174ccb63e6c,0.8095,2000,cucumber,0.09332884195699517,0.841,2000,-0.03149999999999997,robotiq,0.841
b9d0f0fc25004ac58d3a58ebd7eef002,0.734,2000,boot,0.4335128167419681,0.4195,2000,0.3145,franka,0.734
672f7cd60edf414e933a4383ed5506bb,0.843,2000,beanie,0.047997933839248684,0.973,2000,-0.13,robotiq,0.973
359965886cc24453925b01ebe95421a3,0.784,2000,tote_bag,0.0021464237481961745,0.6275,2000,0.15650000000000008,franka,0.784
ccab11861ee4417d8dbd49ca5106116f,0.9705,2000,root_beer,7.577159727596677e-05,0.709,2000,0.26150000000000007,franka,0.9705
ab61fe73553a42edbb8bd0a490adf0b2,0.6465,2000,parakeet,0.0186818721038888,0.261,2000,0.38549999999999995,franka,0.6465
6dba3fdbfa1e4202b3d39c0967e7e352,0.3835,2000,birdfeeder,13.255640531949766,0.593,2000,-0.20949999999999996,robotiq,0.593
45fbae98d08c4c11b5f1cee392ff7d35,0.6945,2000,milk_can,1.0218053373212289e-05,0.1805,2000,0.514,franka,0.6945
8d0fee842f1f4ab596aec44c6a91ca04,0.159,2000,fish,0.0001526362287766676,0.1815,2000,-0.022499999999999992,robotiq,0.1815
5f0844c0fc704fbea51b34c05c61ee08,0.0,2000,antenna,1.7065875080684238e-06,0.0,2000,0.0,robotiq,0.0
55b7c45d8b0046c29b72faab0233e1cf,0.8475,2000,fighter_jet,2.443132333300221e-08,0.407,2000,0.44050000000000006,franka,0.8475
4b2427e240764a8b9db635d7e14ddf43,0.4285,2000,cornice,0.28795033393189695,0.18,2000,0.2485,franka,0.4285
3f2d4f5b962340b2933012e1bc634d88,0.75,2000,cornet,0.09492559693769186,0.52,2000,0.22999999999999998,franka,0.75
8311e7e4233a429ab7e70c451d9c0367,0.84,2000,oil_lamp,0.4144645278552028,0.5775,2000,0.26249999999999996,franka,0.84
49bbc29f9be84c55bdb53181d74a4acf,0.9785,2000,coin,0.7242688968959089,0.6775,2000,0.30100000000000005,franka,0.9785
05722c72e46342faa4b3915d32897df6,0.879,2000,pony,0.016898754730075335,0.2905,2000,0.5885,franka,0.879
e3c254d284ab4135bda47edec32f6acf,0.9725,2000,soccer_ball,0.009943545401032575,0.108,2000,0.8645,franka,0.9725
dfafb80f177f41d89aca04d7bf3b8417,0.445,2000,pottery,0.08880102010096959,0.896,2000,-0.451,robotiq,0.896
7570bcc5e1004bbc9e96601ac772ea54,0.9365,2000,Christmas_tree,0.004899564748847503,0.0445,2000,0.892,franka,0.9365
135446e9cd4a42d2bb08014df3f89027,0.844,2000,skateboard,0.05741478323157086,0.6075,2000,0.23649999999999993,franka,0.844
4ab3f1029b634afe9761f2360f83807c,0.6475,2000,costume,0.0017317864777646223,0.521,2000,0.12649999999999995,franka,0.6475
c22bd73cf8d247b8b8e4ed6fe23d52f6,0.0,1155,mushroom,0.08900806035255038,0.262,2000,-0.262,robotiq,0.262
ea50c83418b2428fbfcb26282f0f277a,0.2125,2000,garbage_truck,0.006412679932305546,0.25,2000,-0.037500000000000006,robotiq,0.25
c6b77ed586b94c96b828a69e38c3bab0,0.6335,2000,telephoto_lens,0.20986148760281292,0.484,2000,0.14949999999999997,franka,0.6335
f9648345dfbd45419be2fcdc9705edb0,0.824,2000,sugar_bowl,3.779029267072664,0.516,2000,0.30799999999999994,franka,0.824
b2ab96c4d1424afea71513cd0a4dcd7a,0.84,2000,step_stool,0.0038879620877203436,0.66,2000,0.17999999999999994,franka,0.84
740bf65da702483e993da669b42a3009,0.9355,2000,machine_gun,0.00015691078118967543,0.4485,2000,0.487,franka,0.9355
1bb879ae012947938ad624249086df95,0.786,2000,gravestone,0.00010895211534978311,0.466,2000,0.32,franka,0.786
1808a0a8ef0a4e448e2d76fab9595c3e,0.889,2000,dining_table,0.0018593903740738323,0.465,2000,0.424,franka,0.889
c4311a0b918643af97904e10c7a34efc,0.9045,2000,newspaper,0.00034966824599661406,0.5605,2000,0.344,franka,0.9045
ef1baf9a4c1c445ca874514b7744662d,0.901,2000,bus_(vehicle),0.06621521533477218,0.4155,2000,0.48550000000000004,franka,0.901
b8037798633640e7bf040aac16ea8d45,0.1135,2000,shoulder_bag,0.0472988497798671,0.578,2000,-0.46449999999999997,robotiq,0.578
b1a7c5dcf8ce4c62a3c7bdaf8a4c6783,0.4365,2000,banana,2.1558575816449856,0.1945,2000,0.242,franka,0.4365
abf32f095d94465ab3a51f0a696eec22,0.2505,2000,jet_plane,0.008095376387177663,0.3565,2000,-0.10599999999999998,robotiq,0.3565
bec17ede27c844b294368bdf43160075,0.9145,2000,stepladder,0.0010547401985914987,0.555,2000,0.35949999999999993,franka,0.9145
6f52951e9a224929987a2dfeff50a315,0.904,2000,pliers,0.7018542940663991,0.566,2000,0.3380000000000001,franka,0.904
5b5f480b3bbe4988928a3c3e64c72b22,0.9495,2000,chessboard,1.3083464654474526,0.073,2000,0.8765000000000001,franka,0.9495
493fb514801d453e8482f52f6f6c2d89,0.334,2000,truck,0.028338854953109543,0.3475,2000,-0.013499999999999956,robotiq,0.3475
121922992c4c44c9a121a40c82c79382,0.388,2000,freight_car,0.024356428030591838,0.506,2000,-0.118,robotiq,0.506
ea56d5c5e9d64eef971c264398350b85,0.735,2000,tray,0.00046686639602590833,0.1965,2000,0.5385,franka,0.735
a7daa7926b16453fb5be6231fea1ca33,0.958,2000,flash,0.02498802569388847,0.303,2000,0.655,franka,0.958
3e5b44b8eac24e2dadcc158e7ae421b2,0.8715,2000,mug,0.006293111535972827,0.811,2000,0.0605,franka,0.8715
888b800a28584941ac4aea2cad734d3c,0.978,2000,signboard,0.0007118566419610157,0.065,2000,0.913,franka,0.978
08f0fc1d37d74831912c7b9c59c84d5a,0.1865,2000,drill,0.021238165563709974,0.445,2000,-0.2585,robotiq,0.445
af57fbf7fbf44b159fc790060fd16a16,0.0,1359,milk,0.03500521060717195,0.2425,2000,-0.2425,robotiq,0.2425
50ccf529d8a3496ba6feb01520cc9c5c,0.949,2000,mousepad,0.5677349733879804,0.083,2000,0.866,franka,0.949
3b3e19800e76495b821da1deedb23db2,0.817,2000,trench_coat,0.0009851628882593174,0.5335,2000,0.2835,franka,0.817
b37a3d92d35445f3a8dba72a0b7c708a,0.6465,2000,table_lamp,0.17392762820497432,0.6635,2000,-0.017000000000000015,robotiq,0.6635
688c0525bd564087a24e55a19b45e8d0,0.492,2000,cargo_ship,0.18224659408266364,0.5545,2000,-0.0625,robotiq,0.5545
3d26b17e85214fc1b8f215cd613d5bb6,0.9715,2000,card,0.0420401268913671,0.0375,2000,0.934,franka,0.9715
9a2c5ed79d634a61b1166836a8a5530f,0.076,2000,sofa,0.00012795328606848123,0.333,2000,-0.257,robotiq,0.333
ae1249168e9343f5badcb102faf3800c,0.3674698795180723,1826,gasmask,0.08898004282718606,0.2645,2000,0.1029698795180723,franka,0.3674698795180723
9e35487f302545d49f9b5617564dae63,0.6135,2000,shepherd_dog,0.04088552571520762,0.405,2000,0.20850000000000002,franka,0.6135
7a35202825b446879e9a208e73ba18f4,0.9025,2000,pea_(food),3.5989338476591857,0.6875,2000,0.21499999999999997,franka,0.9025
bf630047daae421daa375d1d92858e88,0.662,2000,sail,0.04723766989774283,0.2825,2000,0.37950000000000006,franka,0.662
0995ef51a5354cd1ac59f96d97ec605c,0.4665,2000,bass_horn,0.06999028166677827,0.5975,2000,-0.131,robotiq,0.5975
3a784add78294c4e861c77cbcbe1c6dc,0.9625,2000,remote_control,0.39676372239662994,0.8355,2000,0.127,franka,0.9625
627ebce56f204ae4a4dafdbdc993513a,0.9725,2000,monitor_(computer_equipment) computer_monitor,0.00044262441776351326,0.1495,2000,0.8230000000000001,franka,0.9725
eb7ba8abcb384dc0b4f86ab869e5da8b,0.87,2000,sponge,0.021602340390580944,0.9255,2000,-0.055499999999999994,robotiq,0.9255
935a4292e9c84a51853efd5986876805,0.7865,2000,hot-air_balloon,0.11271779138418983,0.8885,2000,-0.10199999999999998,robotiq,0.8885
4237721edd044ec79c209770e1f90d72,0.4735,2000,battery,0.3474503756297818,0.169,2000,0.3045,franka,0.4735
a42c42d9b3684b37946a45cd1a496b80,0.782,2000,monitor_(computer_equipment) computer_monitor,0.008964094845573305,0.0985,2000,0.6835,franka,0.782
bba37c5cec5047d598f1ade436e95325,0.927,2000,grill,0.00046503006898506013,0.2245,2000,0.7025,franka,0.927
f839c554576e4aed9ce90f5813656d8f,0.2085,2000,motor_vehicle,0.02560741297408663,0.066,2000,0.1425,franka,0.2085
fb62c1b7e5b24ab894be4f4da0c1ec34,0.729,2000,monkey,0.015639480578528386,0.5415,2000,0.1875,franka,0.729
5958996dcbd54b829826c198d9ee2c7e,0.8125,2000,mattress,2.0728149288489357,0.493,2000,0.3195,franka,0.8125
811daf3a66fe4777a2d26b2fca951528,0.2075,2000,eagle,0.009136922261285384,0.187,2000,0.02049999999999999,franka,0.2075
0227561c895f47fda3ff218dda809310,0.8825,2000,projectile_(weapon),0.00015981345662713207,0.562,2000,0.3204999999999999,franka,0.8825
c0eac3720039454895db8107a42e2cbd,0.711,2000,chessboard,0.005427869954981569,0.116,2000,0.595,franka,0.711
2f1b1cbd276a44828d2b2b059c9efa15,0.7395,2000,wall_clock,0.04143985518496256,0.06,2000,0.6795,franka,0.7395
3dba2b6e4098420c86be2a45c14f1ea9,0.0,778,apple,0.11111852069630127,0.011627906976744186,774,-0.011627906976744186,robotiq,0.011627906976744186
2b1c58ff1bdc481cb317faf26e65ab22,0.2685,2000,cat,0.0012313668132275018,0.502,2000,-0.23349999999999999,robotiq,0.502
af878290c9d34bff8d998200feb87b97,0.0,496,muffin,0.06210862873323998,0.592,2000,-0.592,robotiq,0.592
826eeb384b644d278e78c802ac59fbc3,0.213,2000,bowl,1.415579763339671,0.0305,2000,0.1825,franka,0.213
fd8f14a7834a41508495c8c8a6a44812,0.908,2000,clothespin,7.722872378888974e-05,0.6325,2000,0.2755000000000001,franka,0.908
478d053a749d455b85ef3f66447db0ed,0.9575,2000,shield,0.001548549121354806,0.0655,2000,0.892,franka,0.9575
f7840cf7013245a4a7b03291d582488e,0.8065,2000,wheel,0.01931993576021621,0.172,2000,0.6345000000000001,franka,0.8065
9c127b07958343bba6d9f0fa41578272,0.947,2000,screwdriver,0.06214422542153681,0.6935,2000,0.25349999999999995,franka,0.947
b0e6394b0d4f471385836143444a1a8a,0.727,2000,crow,0.1838898989143223,0.976,2000,-0.249,robotiq,0.976
884a54d5697e4026b69eaf1ad51f9c58,0.819,2000,rabbit,0.011754768703804373,0.615,2000,0.20399999999999996,franka,0.819
0bfd91e18c5546d59021e574170c2bef,0.5025,2000,sheep,0.027255123323579763,0.4395,2000,0.06299999999999994,franka,0.5025
09926a4816564894b4c97a12cc0262d1,0.9475,2000,rifle,0.030211895852222205,0.3995,2000,0.548,franka,0.9475
c4acddbd83784f3497e99d309ac5904b,0.65,2000,vent,0.0012473362009564782,0.3785,2000,0.2715,franka,0.65
32427dedc61b4fd0aacd976246117fe4,0.8475,2000,liquor,0.11740733128599322,0.5065,2000,0.3410000000000001,franka,0.8475
f3c4f5fd41f742668dd32611cca98ffc,0.4395,2000,blimp,4.628332839706313e-05,0.365,2000,0.07450000000000001,franka,0.4395
33c32453fc834a51b35d87c483283ef3,0.8845,2000,watch,0.31655649710336575,0.22,2000,0.6645,franka,0.8845
55d0e295c53e43219ba68c6d911299a0,0.0,255,fire_alarm,0.018928773818946375,0.1675,2000,-0.1675,robotiq,0.1675
e32113991c644f5485cd3ecce51bd341,0.9805,2000,honey,0.006155009168199469,0.7075,2000,0.273,franka,0.9805
97bc5d1699c94b619d0666f6eab79ea0,0.948,2000,bead,0.05121707874660617,0.615,2000,0.33299999999999996,franka,0.948
adca408fc3684648bc21b8deb3fe62dd,0.95,2000,stop_sign,0.10711551412524031,0.256,2000,0.694,franka,0.95
dbc29ea919e24504b933a85d464a8f44,0.0,1257,toy,0.027180194751791696,0.5845,2000,-0.5845,robotiq,0.5845
0af4f2b80dce4b6ab6d6823acb124582,0.9645,2000,fume_hood,3.615750564216213e-06,0.1355,2000,0.829,franka,0.9645
f6113eba1f83456c80b36d8d4ff4ee9d,0.21928166351606806,1058,pumpkin,0.04690582173055253,0.6515,2000,-0.43221833648393193,robotiq,0.6515
7ab75054dea04187bca4da0917f501a3,0.4085,2000,armchair,2.2194022070588044e-06,0.1165,2000,0.292,franka,0.4085
6f4a0b64512f412aa46403796201ac1c,0.928,2000,laptop_computer,0.0003934213135050565,0.4435,2000,0.48450000000000004,franka,0.928
203f5082fb1e4f60a16121667dc927c8,0.1475,2000,walking_cane,0.008896991145768179,0.038,2000,0.10949999999999999,franka,0.1475
e9f53b64daec4b35b4f18e0fe9ba415d,0.0,2000,keg,0.0745781851819624,0.137,2000,-0.137,robotiq,0.137
4c06e83b2c0d47b796d286a85b41bf2e,0.7695,2000,sweat_pants,0.1272656434010227,0.5765,2000,0.19299999999999995,franka,0.7695
7838ed8612c5496095e78aff45970c1e,0.3655,2000,kitchen_sink,0.28297878930496667,0.24,2000,0.1255,franka,0.3655
639fdccaf68e47c39bd7769b4d10aaff,0.8225,2000,passenger_car_(part_of_a_train),0.0001238647118442528,0.5275,2000,0.29500000000000004,franka,0.8225
7c0620856f0444cf8e9bbcd8670b6247,0.773,2000,syringe,0.08059670297849188,0.5155,2000,0.25750000000000006,franka,0.773
3039a94d5dc34429b13b67d6318f4747,0.468,2000,baseball_cap,0.008506328198086248,0.6175,2000,-0.14950000000000002,robotiq,0.6175
e1fb91a9a91b4a7da1d2d3363dd6f89d,0.266,2000,tartan,13.793389347500655,0.2585,2000,0.007500000000000007,franka,0.266
0e48887c739d470da68320da318b7b5d,0.8535,2000,casserole,0.0018643973944672332,0.038,2000,0.8155,franka,0.8535
488b8d1315cc4e2f89fa6188514ccc9a,0.5195,2000,dinghy,4.026637844694595,0.4445,2000,0.07499999999999996,franka,0.5195
ebec8fefb47d4363b2aef47850da0ebd,0.3805,2000,convertible_(automobile),1.9783081557493085,0.3535,2000,0.027000000000000024,franka,0.3805
76c7e3b25a21457287247908d51ea705,0.2845,2000,potato,0.04998057388056746,0.689,2000,-0.40449999999999997,robotiq,0.689
bfa9fecd9884450baa68192cf44ee9e8,0.7015,2000,chinaware,0.001824381493199928,0.247,2000,0.4545,franka,0.7015
00cd8d7fba924ff4861936d32baef310,0.581,2000,ring,0.14322931877326772,0.236,2000,0.345,franka,0.581
8e92af109b0e437d93361a5c0c5108a4,0.941,2000,drumstick,0.4937488271247334,0.6555,2000,0.2855,franka,0.941
fe4bee2d15084a09a599465e6bbe1be5,0.595,2000,bird,0.07288837130452705,0.5575,2000,0.03749999999999998,franka,0.595
82d8b3fb158e45d1bac887cf2ffec43b,0.774,2000,martini,0.02973497392217044,0.836,2000,-0.061999999999999944,robotiq,0.836
e9f24d0dad3c4a8c92707e3b28870eb2,0.3135,2000,globe,0.07127824705583057,0.581,2000,-0.26749999999999996,robotiq,0.581
296b7d6b6fd24030b31b1041e877612b,0.876,2000,water_jug,0.0018116488032225717,0.576,2000,0.30000000000000004,franka,0.876
64eef88d87c74930b7fbeac968f24527,0.8635,2000,cherry,0.03148563999318756,0.5455,2000,0.31800000000000006,franka,0.8635
c7c98d92757d425f967e6e406589b46e,0.933,2000,file_cabinet,0.00040762213908815674,0.9375,2000,-0.0044999999999999485,robotiq,0.9375
6c33ec57fb6240859fc2ae321ea75ef4,0.956,2000,pen,0.008979883394397675,0.4715,2000,0.4845,franka,0.956
c420d45beb9847b79e8230a2b05ccbb5,0.938,2000,radio_receiver,1.7553757660468747,0.5935,2000,0.3444999999999999,franka,0.938
a93161d5bafb4d83a73c766aadb97416,0.906,2000,parking_meter,0.0013705417037695152,0.421,2000,0.48500000000000004,franka,0.906
02c81d18c4f04b9b9275fde41d0e715b,0.563,2000,hummingbird,0.2501206293441373,0.353,2000,0.20999999999999996,franka,0.563
140dc25d6d1e4329a9a923c2e9b81fb4,0.866,2000,duckling,0.14130082415382206,0.446,2000,0.42,franka,0.866
8bafbca3288c471f833ebb8071d55f24,0.7595,2000,Dixie_cup,0.0006239852983849031,0.465,2000,0.29449999999999993,franka,0.7595
2f06edc7e5544f33a40492e497f0f111,0.9045,2000,bus_(vehicle),0.005757738784865539,0.4295,2000,0.475,franka,0.9045
6a4bd5debdbe4c35b1cacc3c01723b17,0.285,2000,fishbowl,0.03031301903561122,0.073,2000,0.21199999999999997,franka,0.285
362706d5511c4250bc419c6f5ef4f2ae,0.0365,2000,carnation,0.189580496036073,0.2395,2000,-0.20299999999999999,robotiq,0.2395
05ecd3142b864c1da554fd27c829f786,0.854,2000,license_plate,0.030358704262912532,0.7285,2000,0.12549999999999994,franka,0.854
51ed5186afb04487ae6adb51f8ffd09b,0.537,2000,tiger,0.00028976978613524793,0.5135,2000,0.023500000000000076,franka,0.537
810906c7d15847c7ad082b211795e1cc,0.876,2000,wedding_ring,12.085932569072941,0.357,2000,0.519,franka,0.876
5272152dfe5f4cc5aafdf399b10a79e0,0.7385,2000,boom_microphone,0.11182801215053338,0.613,2000,0.12550000000000006,franka,0.7385
7fd8ec4bf7284833946c9c23b91616dc,0.6725,2000,trousers,0.38947736662394017,0.3515,2000,0.321,franka,0.6725
8f38fed275cf4617b3560909be4b07d6,0.3515,2000,cooker,0.595981558385965,0.334,2000,0.01749999999999996,franka,0.3515
fe9b39e004c34ed9b953ad2e91538b68,0.126,2000,pineapple,0.08039821893353605,0.4805,2000,-0.3545,robotiq,0.4805
7c483413eab340d9a5a838c89d503451,0.8975,2000,shears,0.0018686882407723934,0.4015,2000,0.49599999999999994,franka,0.8975
f85034b168854e0689a10e203801d3a7,0.779,2000,telephone_booth,0.06311485353646755,0.4165,2000,0.36250000000000004,franka,0.779
971d3322d2e5480bbc6f9bc910a9864c,0.8775,2000,hose,0.03973447011535976,0.462,2000,0.4154999999999999,franka,0.8775
8aa5cf5a69264e07b2ad4a8f754a824d,0.945,2000,watch,0.02200611826030028,0.3945,2000,0.5505,franka,0.945
e14a4471096041adb9e33df44651e136,0.2923617208077261,1139,piggy_bank,0.0937353272100628,0.118,2000,0.1743617208077261,franka,0.2923617208077261
2aa3256dfecf440a8bb26fdd17fa73c3,0.79,2000,mushroom,0.024584815278594126,1.0,2000,-0.20999999999999996,robotiq,1.0
f96a4fb0b5f44219afe401c72ac4d6dd,0.8895,2000,condiment,0.16656667338969455,0.7805,2000,0.10899999999999999,franka,0.8895
00602ef508784e5384665aacaaf1f3a0,0.932,2000,handsaw,0.20172323298612835,0.407,2000,0.5250000000000001,franka,0.932
fac31ebbca974f3597f12ca083ececb9,0.8335,2000,shepherd_dog,0.00634427030282411,0.5755,2000,0.258,franka,0.8335
962a1b6e639e4b1e8279bcf0280ec8cb,0.973,2000,doormat,0.06950807948352927,0.2385,2000,0.7344999999999999,franka,0.973
606d4e1580fe44a78beb7e9d7fbeae59,0.8125,2000,giant_panda,0.0002829601867545939,0.6455,2000,0.16700000000000004,franka,0.8125
dbe182eee98144ec8738b63802282354,0.7095,2000,wineglass,0.9135263389680847,0.673,2000,0.03649999999999998,franka,0.7095
195c945078684c24bb3de3f069d84118,0.742,2000,table,0.0004778810505724724,0.651,2000,0.09099999999999997,franka,0.742
8d35be41a63c4762b8cb5fe62e50fc52,0.11413748378728923,771,pumpkin,0.1577217138297859,0.0895,2000,0.024637483787289235,franka,0.11413748378728923
5e8240e270c64c83a8187506ac064575,0.9775,2000,file_cabinet,7.268336123436567e-05,0.923,2000,0.05449999999999999,franka,0.9775
ed62ad059a8842ce9d1ae53d553c5195,0.9775,2000,suit_(clothing),0.00042385551444135665,0.4505,2000,0.527,franka,0.9775
6656586a17db4590ab4d843224089357,0.99,2000,strap,0.16825873475368058,0.062,2000,0.9279999999999999,franka,0.99
b3afce7367c74c6aae355f7db4ef2ac7,0.6935,2000,pitcher_(vessel_for_liquid),0.016865924991409074,0.5945,2000,0.09899999999999998,franka,0.6935
eb0b5f7b64fb45188a04e050537d3195,0.8275,2000,cat,0.23830674303393307,0.5325,2000,0.29500000000000004,franka,0.8275
e8a9b72425e148e48364bc0d3d05da13,0.5505,2000,lantern,0.0008817568597627334,0.3275,2000,0.22299999999999998,franka,0.5505
67ea22ca4cc74ab6ac5721db2dc598b0,0.821,2000,stepladder,0.13127270293549023,0.5945,2000,0.22649999999999992,franka,0.821
f4c122d7819e4f85925b9d1aab72a696,0.0225,2000,waffle_iron,0.0984688631320182,0.452,2000,-0.4295,robotiq,0.452
e1eae1ee03a146abb703fffd3c2cf4ec,0.996,2000,orange_juice,0.05106305819146116,0.2705,2000,0.7255,franka,0.996
3471b67c1d8f4842b1bcc1d3a264da8e,0.3415,2000,blouse,0.00042018300052537903,0.1575,2000,0.18400000000000002,franka,0.3415
7df41af8732c4537b68c1c5d1a7e493a,0.2785,2000,headscarf,0.001114496033052387,0.558,2000,-0.2795,robotiq,0.558
67d3cd1be64f4bd398073e446b2455e8,0.61,2000,pipe,0.20917802587947437,0.5365,2000,0.07350000000000001,franka,0.61
09ffe26c6eb84500918ac02a7a00353c,0.9475,2000,seashell,0.8881509563082004,0.229,2000,0.7185,franka,0.9475
da73f4b00c704d5eb44eb243e1593dc8,0.224,2000,bridal_gown,0.02207341613438014,0.583,2000,-0.359,robotiq,0.583
38cc23735d584a6cadef7ba92d76473b,0.832,2000,diary,0.018946156872096373,0.1385,2000,0.6935,franka,0.832
090a5e164a06435fa0360919839f1f84,0.864,2000,gun,0.2541076402077223,0.7755,2000,0.08850000000000002,franka,0.864
dadf363c84314ce0a2598a4ae0f800e6,0.424,2000,costume,0.471176147136743,0.64,2000,-0.21600000000000003,robotiq,0.64
4dd67b2cea5143e7b56450629f8cb120,0.8635,2000,guitar,1.3486763424772859e-05,0.5915,2000,0.272,franka,0.8635
a848538c7e4249a4af8e86c477193fa1,0.0,1412,heart,0.049823000228511,0.033,2000,-0.033,robotiq,0.033
4ccd381b2d9e48bc8dd7113ce444c030,0.906,2000,water_gun,0.41383026918611615,0.408,2000,0.49800000000000005,franka,0.906
86f3695a2b2945c9b6428e094d580c33,0.573,2000,banana,0.03647603935575113,0.263,2000,0.30999999999999994,franka,0.573
d2b6cb729a354e1385d0b8c3e14fef58,0.8685,2000,handkerchief,0.009963571599227268,0.3765,2000,0.49200000000000005,franka,0.8685
a4475b81ba7b4d589faeba319b58b30e,0.7715,2000,stew,0.05395115815815644,0.695,2000,0.07650000000000001,franka,0.7715
296893c411fe46dcac6df974b6093161,0.0535,2000,radio_receiver,0.0669569521347634,0.4715,2000,-0.418,robotiq,0.4715
5b81b7f478454277ab1b4630362e06b9,0.8065,2000,carton,0.0007302217622183313,0.614,2000,0.1925,franka,0.8065
ae89e9c50db54a3bb52e8a72577d378b,0.8435,2000,wedding_cake,0.02997898850891865,0.1465,2000,0.6970000000000001,franka,0.8435
d674a80e8b4a4c29a4ec8dcfb11ae2f0,0.627,2000,water_heater,0.07878084612193381,0.3945,2000,0.23249999999999998,franka,0.627
e0262d52dc0b4124bc14814e7c1f689a,0.9515,2000,wall_socket,0.0009595981641443874,0.2055,2000,0.746,franka,0.9515
351a82ec49e1444fab944e18ab251ebc,0.87,2000,flip-flop_(sandal),0.03340477216431353,0.3055,2000,0.5645,franka,0.87
cd9cf88f219048b9bf20fba0785eb747,0.6865,2000,cube,0.001511913902658652,0.5585,2000,0.128,franka,0.6865
d7728fcb8f934eec85003a2ac48b32b8,0.8335,2000,cone,0.09611679336817817,0.2385,2000,0.595,franka,0.8335
d0aad1c318e247ea856aa01325c863f7,0.6965,2000,bucket,0.06537737726720569,0.606,2000,0.09050000000000002,franka,0.6965
5820945088a14ba8937ce655cdb0a008,0.722,2000,fire_extinguisher,0.06929164396685962,0.3735,2000,0.3485,franka,0.722
6e4fb0784b264c62858763f394b0f169,0.8335,2000,gemstone,7.283070563652144e-05,0.876,2000,-0.04249999999999998,robotiq,0.876
1f58e72897434513926bae262831f1da,0.86,2000,string_cheese,0.0009891523228505188,0.302,2000,0.558,franka,0.86
cb486920d18f4802b1f31bd949530240,0.51,2000,trash_can,0.14720224041265006,0.6845,2000,-0.1745,robotiq,0.6845
a19367aa0f84491d94e49612acf3a5b4,0.929,2000,pipe,0.27174718105597656,0.2105,2000,0.7185,franka,0.929
d77e57b59be34c3ea0ee30b0b8fec82f,0.419,2000,handcart,0.0006001241754428549,0.632,2000,-0.21300000000000002,robotiq,0.632
7cb78813cc7d43548a4023441e4eb47e,0.688,2000,beetle,0.007058442181607007,0.5045,2000,0.1835,franka,0.688
2aeedd3e629f4515ab487dfabc1d5d38,0.628,2000,kilt,0.0018471759016381662,0.5105,2000,0.11750000000000005,franka,0.628
2353e9b40c4d404db33d18677848f68d,0.77,2000,desk,5.4887207955396757e-05,0.54,2000,0.22999999999999998,franka,0.77
e475de17f7034a9ca2fd41e6d198b7dc,0.9265,2000,signboard,0.008877599022599518,0.0535,2000,0.873,franka,0.9265
7f95e3d7b2b94873abe749d90cd5f8de,0.611,2000,lampshade,0.009803857829773978,0.441,2000,0.16999999999999998,franka,0.611
f66c52d30f40424c8cd692d843349323,0.306,2000,penguin,0.03187749381681267,0.732,2000,-0.426,robotiq,0.732
899d3d74a1254a5d93a16be4f7317b3d,0.911,2000,shark,0.046705853739590325,0.625,2000,0.28600000000000003,franka,0.911
c57269269e51426f837813afb84466fc,0.839,2000,balloon,0.14926385157374833,0.648,2000,0.19099999999999995,franka,0.839
6cefc1b2a28c449ea002b359781fbfcc,0.4745,2000,pigeon,0.002364823032589877,0.5125,2000,-0.03799999999999998,robotiq,0.5125
c0ea5b0b7421464c9eb0f62577ef8eb2,0.581,2000,hog,0.011035023376097047,0.665,2000,-0.08400000000000007,robotiq,0.665
76b48860863048d2b2b9a0a7c6a5655e,0.5105,2000,hand_towel,0.01511083246757841,0.0225,2000,0.48799999999999993,franka,0.5105
12d65aaff05c4ee4a554ca91e6504f72,0.9005,2000,pliers,0.009757368293462198,0.479,2000,0.4215,franka,0.9005
2e1532fa668f46b4939c537d1a51f352,0.0,259,barrel,0.005397625176926596,0.004,2000,-0.004,robotiq,0.004
7ece989075a34708b69bb98b221173a3,0.99,2000,soap,0.002225896553955758,0.3485,2000,0.6415,franka,0.99
115dea77972a45f38c8e8d578524f259,0.646,2000,slipper_(footwear),0.057438304761521605,0.5475,2000,0.09850000000000003,franka,0.646
675ab80b477b40f280b7311f81fee730,0.566,2000,Ferris_wheel,0.003614543803560905,0.4095,2000,0.15649999999999997,franka,0.566
78ad7f3c56a8425db589bc10f0b2f70a,0.6335,2000,houseboat,0.0008845516166245143,0.662,2000,-0.02850000000000008,robotiq,0.662
e823432c996041e29f1a3c48378a5743,0.926,2000,crowbar,0.05829209282844867,0.4825,2000,0.44350000000000006,franka,0.926
bf7946f301ff41179d88e144b95fd3cf,0.849,2000,ashtray,0.05965953915801119,0.2895,2000,0.5595,franka,0.849
4fdf3b0092dd4bb2a591fee5afc57bbc,0.977,2000,grizzly,1.13570244859333,0.076,2000,0.901,franka,0.977
0b0ee0e7f92c48e5bf8a18e162868d67,0.0005,2000,chocolate_cake,1.1490575526125617,0.3795,2000,-0.379,robotiq,0.3795
d8faed8c227c40c98a8c0f95ad5ed245,0.671,2000,mammoth,0.03399582769802582,0.462,2000,0.20900000000000002,franka,0.671
2723964fe02d47ed818373fc311a09f4,0.5975,2000,chair,0.03654603867755244,0.5335,2000,0.06400000000000006,franka,0.5975
c61f8d8c22124140ae676ede1f69f3d0,0.0,2000,cider,0.19093375644477217,0.156,2000,-0.156,robotiq,0.156
5521857a2261482084a68b358618bfc7,0.5915,2000,towel_rack,0.15673607306528475,0.152,2000,0.4395,franka,0.5915
445ef1374660421a845b8fa5399f8780,0.0,505,meatball,0.0014400321167628372,0.0016474464579901153,1214,-0.0016474464579901153,robotiq,0.0016474464579901153
301fdddb9cd9420faa1174e68e0b56ab,0.797,2000,drone,0.14764501063153412,0.5975,2000,0.1995,franka,0.797
093e5b05faa947729b1be24c013e563b,0.0,2000,dumpster,0.08466386622789022,0.681,2000,-0.681,robotiq,0.681
a03f60e8464e494a89a8565d31d57471,0.8025,2000,key,0.014476857033139718,0.5475,2000,0.255,franka,0.8025
1ffe56b55bc74f5ebea41814f51b0831,0.8275,2000,chair,0.11351557282550286,0.514,2000,0.3135,franka,0.8275
ed66b5fea72d467c9bacef6ddefc542d,0.827,2000,sponge,0.0006713650697991501,0.9515,2000,-0.12450000000000006,robotiq,0.9515
7461dd18799d4a7a90932910b031617e,0.8145,2000,fighter_jet,0.0044105873565895275,0.389,2000,0.4255,franka,0.8145
ebd8b09732dc4a2ab7f38e615c2a1607,0.9895,2000,business_card,0.0011424362858412826,0.067,2000,0.9225000000000001,franka,0.9895
6cf41ee1a60143efb983b74c0d69a9a4,0.854,2000,postbox_(public),0.1066254318335931,0.7945,2000,0.0595,franka,0.854
96c759d658d34c86990411ae22f2be27,0.5875,2000,tablecloth,0.002080697091730432,0.376,2000,0.21150000000000002,franka,0.5875
b91918f32ea2475fa69c73d46b997844,0.8435,2000,flag,0.11715451505824101,0.149,2000,0.6945,franka,0.8435
a0989f487f0e46e28794a011fc060fec,0.151,2000,fire_extinguisher,0.2850530407054187,0.209,2000,-0.057999999999999996,robotiq,0.209
c01ba67b53614ea99adbe53e52b302c3,0.5855,2000,stirrer,0.1387168000720847,0.779,2000,-0.1935,robotiq,0.779
25b65c5b7abd4cf78e58dff08fe58602,0.0,2000,pop_(soda),0.026193604761922052,0.271,2000,-0.271,robotiq,0.271
8554e0ea4ea24c6d94399e8785bb8de3,0.697,2000,wineglass,0.017375330267171585,0.572,2000,0.125,franka,0.697
4a1816e651914f3eb438c084c9d4ee7e,0.616,2000,chair,0.0293576982472582,0.5415,2000,0.07450000000000001,franka,0.616
77e8b5ee3f774a969681357a0205e2f8,0.898,2000,wineglass,0.03494426292723079,0.5405,2000,0.35750000000000004,franka,0.898
e8ea571e8dad44a4aa1b67b4d4ed43d6,0.815,2000,water_faucet,1.5425393729762462,0.55,2000,0.2649999999999999,franka,0.815
59658925b3ab4cd18af03bf39c477616,0.2185,2000,dumpster,0.04659338308701799,0.3625,2000,-0.144,robotiq,0.3625
3316a5d3b2ef42f28d9809c1a5af9b45,0.906,2000,control,0.008757740128717793,0.966,2000,-0.05999999999999994,robotiq,0.966
fb1554855d57463ba8f9563cdb2737f6,0.0,18,bagel,0.8398745329149496,0.199,2000,-0.199,robotiq,0.199
4bb7ef9802f64bd693df0f6934cfc49f,0.893,2000,banana,138.35301904734422,0.5725,2000,0.3205,franka,0.893
44f10278ede4418d9df60b1eb58d5113,0.053,2000,motor,0.10734667790608425,0.264,2000,-0.21100000000000002,robotiq,0.264
21091907075f4b8e8438c3e0ba3510dd,0.8445,2000,legging_(clothing),0.293284842260607,0.426,2000,0.41850000000000004,franka,0.8445
aa1aa9b931634e1f9086e6715676a242,0.6495,2000,cone,0.06419623669218588,0.387,2000,0.26249999999999996,franka,0.6495
23ba9f6363f4488d9422eefa299c8945,0.8235,2000,baguet,3.489874470689555,0.29,2000,0.5335000000000001,franka,0.8235
17fa7ee6fc6d459eb14657df1d459a58,0.839,2000,compass,1.1690790774754836,0.6685,2000,0.17049999999999998,franka,0.839
0e464ea48ce74f5bb3aa06bec605908a,0.7575,2000,monkey,0.03892449543263537,0.7385,2000,0.018999999999999906,franka,0.7575
2a5d934f751842dd93c458cebcdbea4b,0.946,2000,hot-air_balloon,0.000216436964653232,0.7495,2000,0.1964999999999999,franka,0.946
cdec8a3b9299474eb642509bc5b37844,0.7125,2000,giraffe,0.011793671742164247,0.5515,2000,0.16100000000000003,franka,0.7125
57d62df35f4541e693addf45604f85cc,0.9495,2000,popsicle,0.1372144293741627,0.706,2000,0.24350000000000005,franka,0.9495
1eff2077c9a74d7cbe2836ad16001d7c,0.975,2000,pocketknife,0.007901230474812997,0.492,2000,0.483,franka,0.975
3a98284a462041d5b482996dfd848a2a,0.837,2000,cup,0.16281782955992527,0.358,2000,0.479,franka,0.837
90a0093f27f04ea19e33591f22910741,0.7785,2000,armoire,0.0006093846283736941,0.5755,2000,0.20299999999999996,franka,0.7785
7d1cac05773e492f93a8ade27b237be9,0.848,2000,chocolate_cake,0.0021453938005070385,0.4075,2000,0.4405,franka,0.848
bbd515ec9e5149dca308028b4ae1f8b7,0.821,2000,chair,0.14155416599684006,0.369,2000,0.45199999999999996,franka,0.821
2554c38364d0432dba69bf721fb14e5e,0.773,2000,cabinet,0.0012824306386478477,0.171,2000,0.602,franka,0.773
9a0e347e9b094039b7ef789062520826,0.72,2000,lollipop,0.005831465851006039,0.7435,2000,-0.023500000000000076,robotiq,0.7435
e02e53458df04a7892224d312e17541e,0.87,2000,birthday_cake,0.0008703769378109153,0.8955,2000,-0.025499999999999967,robotiq,0.8955
5820e6a5ded7483abc5f7eddfb2da500,0.926,2000,pop_(soda),0.011279292950938718,0.9775,2000,-0.05149999999999999,robotiq,0.9775
ab462630d90d45e29e91c2d4180f3529,0.834,2000,dishwasher,0.0024599390522427335,0.621,2000,0.21299999999999997,franka,0.834
1db13e38d29444cebdd65509e15ac7c4,0.7085,2000,generator,0.028340515948551918,0.708,2000,0.000500000000000056,franka,0.7085
39541d5daa7a4fba9614ad9847c992d5,0.8745,2000,desk,0.00010539693791012434,0.5225,2000,0.3520000000000001,franka,0.8745
327e3a5f569f4775b271aca0cb117846,0.574,2000,carrot,0.0034639544618867333,0.5685,2000,0.005499999999999949,franka,0.574
0d5f5baa97754547ad517b694ea8edc7,0.899,2000,chopping_board,0.4659415927269139,0.2525,2000,0.6465000000000001,franka,0.899
33bbf5563eb64d2cb5d7dd7354d6bb2e,0.8325,2000,magazine,0.04481731952831939,0.297,2000,0.5355000000000001,franka,0.8325
1c0092759dfe4182b952080ffd404071,0.8005,2000,bench,0.061575732470477346,0.437,2000,0.3635,franka,0.8005
0bea4eeab5ec4ae9b3636057c631fb20,0.7975,2000,wedding_ring,0.006402131666754644,0.6385,2000,0.15900000000000003,franka,0.7975
ded99b5d8f30441bafdc8b9860bbb4b9,0.865,2000,fire_extinguisher,0.06011426068820908,0.832,2000,0.03300000000000003,franka,0.865
ffaa371e3c8f4d918af69be84c39651a,0.4355,2000,antenna,0.08439379007711761,0.0075,2000,0.428,franka,0.4355
7aeb9b9281734308ab4852f034abf50c,0.805,2000,mascot,0.0049945263037718774,0.7985,2000,0.006500000000000061,franka,0.805
7e96c47b5bdc439b9c1c5a20be62e9c8,0.7905,2000,broccoli,0.004439486140000339,0.779,2000,0.011499999999999955,franka,0.7905
ece0cd544108424ba1e665db2149d74d,0.8135,2000,dolphin,0.002723003946634882,0.337,2000,0.4765,franka,0.8135
db941f76885c4ede8310ba6c510ce064,0.5235,2000,railcar_(part_of_a_train),0.0027582939239078324,0.503,2000,0.020499999999999963,franka,0.5235
5bcb64077fb34c4e8037b16033be435e,0.705,2000,gift_wrap,0.001748501822583471,0.3105,2000,0.39449999999999996,franka,0.705
fcd444c0e19e40f09ec612e8b68732e7,0.941,2000,mallet,0.06624320468505289,0.6775,2000,0.26349999999999996,franka,0.941
31260ec93c914a0ea7835850db66e445,0.2795,2000,cupboard,0.0819062104410106,0.1065,2000,0.17300000000000004,franka,0.2795
9872bc76b50d467cb3d7d3093f58fe04,0.001,2000,ballet_skirt,0.008004708018332087,0.374,2000,-0.373,robotiq,0.374
a30fc85dd7764b3bb45f509a38c0d000,0.7055,2000,globe,0.002548638445526428,0.633,2000,0.07250000000000001,franka,0.7055
efe93249652540128d1df1d5b21115fd,0.2175,2000,octopus_(animal),0.03514430267911615,0.2335,2000,-0.016000000000000014,robotiq,0.2335
b577ef44d92342ef8df8f01c926db0db,0.506,2000,prawn,0.0005151940824847884,0.503,2000,0.0030000000000000027,franka,0.506
5fc9b7f0aee446b5b8ff0c3a77950a1e,0.761,2000,dog_collar,0.00021697226665170992,0.5065,2000,0.25450000000000006,franka,0.761
d9d44968db434ac2a32caa38bc4c2ab8,0.7835,2000,glass_(drink_container),1.9807180800024502,0.368,2000,0.4155,franka,0.7835
f004f7515fc544788143f7c799d1c598,0.9465,2000,chessboard,0.29045481127919004,0.6465,2000,0.30000000000000004,franka,0.9465
e4dfa6d204bf41adbc232f59b0fc6a3a,0.829,2000,kitchen_sink,0.038918089378886175,0.5215,2000,0.3075,franka,0.829
bf6700a3203e4bb9a544c3f04b81c244,0.894,2000,fireplace,0.00013971575442018024,0.2895,2000,0.6045,franka,0.894
8b289cacdd184ab49f5a7194d2658aa7,0.9655,2000,tapestry,0.027604915233751807,0.617,2000,0.34850000000000003,franka,0.9655
96a15db1430c47869ccb7ab301ddd36f,0.8705,2000,checkerboard,0.39578188000795567,0.7615,2000,0.1090000000000001,franka,0.8705
3a4c4e3fd81241ec99e2a9dac838dc31,0.9455,2000,Lego,0.003374093424262293,0.843,2000,0.10250000000000004,franka,0.9455
2d85ffeffe9b47619caf1822ff736487,0.961,2000,calculator,0.029851814736374202,0.0275,2000,0.9335,franka,0.961
2c88306f3d724a839054f3c2913fb1d5,0.695,2000,mug,0.01922860656524692,0.189,2000,0.506,franka,0.695
599a74c1c8fd4f19bf6754b8128da6b8,0.961,2000,stop_sign,0.019435011538224824,0.3635,2000,0.5974999999999999,franka,0.961
19d60b254b9e4275a35e9fb359c0df4f,0.801,2000,sleeping_bag,5.559856221216378e-05,0.506,2000,0.29500000000000004,franka,0.801
2d58313d0a964d04a7724040dad750ce,0.613,2000,router_(computer_equipment),0.019151281849329047,0.205,2000,0.40800000000000003,franka,0.613
48b92bb377274583b2894697173e28ca,0.761,2000,scoreboard,0.0016030730917202599,0.4,2000,0.361,franka,0.761
70552a40bb664c23bbcca9def8da10d9,0.7225,2000,fighter_jet,0.015923802487401845,0.3575,2000,0.36500000000000005,franka,0.7225
9c851f51ed824ef89a82be587dc3f9a7,0.8715,2000,lip_balm,0.0956385681172577,0.435,2000,0.43650000000000005,franka,0.8715
222643de666b4dad9924bcf03fc7260a,0.824,2000,candle,5.82379852718389e-05,0.785,2000,0.038999999999999924,franka,0.824
aa78878c8ce04930b6571e54a731dabc,0.382,2000,bow-tie,0.0457178799868152,0.4115,2000,-0.02949999999999997,robotiq,0.4115
f244997ce8904cea9d15baca7754b76e,0.745,2000,drawer,0.0010792822396588897,0.4425,2000,0.3025,franka,0.745
5f04e2fe311149afaa3e59871a465c65,0.9635,2000,boom_microphone,0.05926105210192663,0.797,2000,0.16649999999999998,franka,0.9635
8537a184f2d441aebd214689c0cd918a,0.953,2000,computer_keyboard,0.6484249945459315,0.1265,2000,0.8265,franka,0.953
f72642a034744cf5966f29a85eba4d05,0.8965,2000,bat_(animal),0.008627510456786336,0.405,2000,0.49149999999999994,franka,0.8965
aa1cd41249774e5e8105f5b74b0e0769,0.34227330779054915,1566,school_bus,0.056974332972621486,0.591,2000,-0.24872669220945082,robotiq,0.591
8e194394fb864e2da73913b89e240a71,0.613,2000,banana,0.11833153779195893,0.4845,2000,0.1285,franka,0.613
0d9a45c2610f4f3aa638dabd8e29a492,0.4695,2000,lantern,0.13576071495645806,0.5675,2000,-0.09800000000000003,robotiq,0.5675
8a290792c0a44febb78a8ec0c7e4e590,0.43,2000,drum_(musical_instrument),0.05551046273520073,0.58,2000,-0.14999999999999997,robotiq,0.58
1705b5f49acb4f878bcf38cfeb57b8b2,0.886,2000,dagger,0.005356933270119914,0.355,2000,0.531,franka,0.886
cee81182d4fc452485531346d2887cac,0.0,301,kiwi_fruit,0.07747213344387603,0.758,2000,-0.758,robotiq,0.758
93d7c9a0f0ba45eeb16897931d636720,0.5055,2000,cat,0.008051119718366726,0.571,2000,-0.0655,robotiq,0.571
44457c8007874907baf0f4cb1d12fe6b,0.903,2000,faucet,0.0006374432235511498,0.4585,2000,0.4445,franka,0.903
005375787cbf42a38afcf8810cef9731,0.9135,2000,mail_slot,0.0008060258884452648,0.672,2000,0.24149999999999994,franka,0.9135
b2c76e5103144bf68d7382c51fea2e8e,0.456,2000,flannel,0.06103733233350853,0.3665,2000,0.08950000000000002,franka,0.456
42c857fc49dd4f3c82d9b1883ad502a5,0.805,2000,armchair,0.1579460101675331,0.605,2000,0.20000000000000007,franka,0.805
309c1d959ae84fd1b4c48ddecf6fbb8f,0.0,600,beanbag,0.06659544545802999,0.09,2000,-0.09,robotiq,0.09
0ac34c3eb29f40219c554ae8445860c9,0.611,2000,fire_extinguisher,0.003208100714075266,0.2175,2000,0.39349999999999996,franka,0.611
a6f26aef519b4ff09e7ff922400c57b9,0.9705,2000,ring,1.0490506451186423,0.3995,2000,0.571,franka,0.9705
739a23b9040e4baeb60ab61ace1121f0,0.8175,2000,diary,0.15434618619532403,0.0775,2000,0.74,franka,0.8175
2162ffbd1e674f0b8771dd35f0cd3f01,0.5945,2000,waffle,0.03377993784081608,0.5515,2000,0.04300000000000004,franka,0.5945
a5e61e7333034e1ea2b5b9def7ec8dac,0.593,2000,chalice,0.5055164534963994,0.7295,2000,-0.13650000000000007,robotiq,0.7295
c8cc8891dc5a474781975d5209c734f5,0.821,2000,bear,0.035825483887098844,0.986,2000,-0.16500000000000004,robotiq,0.986
05fd3c5d56cd408abdfea4f81e669d9f,0.819,2000,asparagus,0.012037487100209498,0.6345,2000,0.1845,franka,0.819
9ee586f16cda46669156b252a67ddba4,0.0,2000,pop_(soda),0.04066247031399277,0.071,2000,-0.071,robotiq,0.071
85bbb5013c184400ad8e9dff892c5e46,0.0,907,cushion,0.02009658296291508,0.1535,2000,-0.1535,robotiq,0.1535
fb2fdd5f56dd4fde8338d7160af6a06b,0.6435,2000,birdhouse,7.976262401932065e-05,0.915,2000,-0.2715000000000001,robotiq,0.915
a8f9e29403ce42a18d10db19daa47b82,0.0,7,tortilla,0.21049697479330684,0.958,2000,-0.958,robotiq,0.958
b1498cae5d294ed392a2a430e2d2e711,0.0,1302,die,0.08877445057977591,0.714,2000,-0.714,robotiq,0.714
e959f4481edf4ed68f5b6067e821cc08,0.823,2000,asparagus,0.009291115446194518,0.7755,2000,0.04749999999999999,franka,0.823
7e3b35368929485d89df5fe9071afd06,0.792,2000,banana,0.03191405954235314,0.399,2000,0.393,franka,0.792
a3aaade040604897984219c197fdc1b1,0.557,2000,person,0.04766601674799281,0.521,2000,0.03600000000000003,franka,0.557
971f6e56ea1a4030bafec3a1937087b9,0.752,2000,cab_(taxi),5.302497385097123e-06,0.7345,2000,0.01749999999999996,franka,0.752
f6466eb0534b4efd96d8720803ada26e,0.8825,2000,spectacles,0.009276170913600548,0.5375,2000,0.345,franka,0.8825
ab498a8599174d4697a127ebabca837c,0.966,2000,pen,0.00011333133696931343,0.374,2000,0.592,franka,0.966
30c0aaab8f3d4834895ca7d6cded5509,0.69,2000,eagle,0.0013001235144838885,0.479,2000,0.21099999999999997,franka,0.69
ac0081c460ec4b5a8310ef3c1b4ebac4,0.1685,2000,puffin,0.018274894707120227,0.2495,2000,-0.08099999999999999,robotiq,0.2495
1d717faae4024e0da81794f25bce68a6,0.3775,2000,futon,0.002211889720317493,0.1725,2000,0.20500000000000002,franka,0.3775
b282e6d00be04cf1ba4e94f30f3dd458,0.0,2000,birdfeeder,0.005260538784942941,0.187,2000,-0.187,robotiq,0.187
51cc688ae4254e30813e0bdc5997af1e,0.3345,2000,cone,0.010414285586826066,0.1615,2000,0.17300000000000001,franka,0.3345
b11b66f233df4818a70f7f30919c94e8,0.519,2000,horned_cow,0.00022125730005526526,0.3745,2000,0.14450000000000002,franka,0.519
72452bff819d4dd9a47dd7791b00d6b9,0.584,2000,tablecloth,0.12206240950657132,0.3475,2000,0.2365,franka,0.584
62f95f8c60f84e6babf9aabe22808307,0.6015,2000,sandal_(type_of_shoe),1.9873127845572596,0.462,2000,0.1395,franka,0.6015
3e3fb2880a184a418dfa62581d07e12d,0.155,2000,blanket,0.11132321664275596,0.1505,2000,0.004500000000000004,franka,0.155
755546a1a5584d1ba9577e18863eb3de,0.9515,2000,stereo_(sound_system),0.00930655585486876,0.948,2000,0.0035000000000000586,franka,0.9515
52d6acf0d63d4c9fad304f4a3eb0d527,0.8205,2000,rubber_band,3.2139998038456117,0.3375,2000,0.483,franka,0.8205
cdce7c9c2a17473cadd03ce4746b4f13,0.4665,2000,ambulance,0.027662317628548122,0.461,2000,0.005500000000000005,franka,0.4665
a66c812b381b4ac59774e24872719d1a,0.979,2000,mallet,0.01900469607725887,0.4785,2000,0.5005,franka,0.979
f01cac074f544bb5b5cfd300f01f756a,0.721,2000,costume,0.14761862022697494,0.5895,2000,0.13149999999999995,franka,0.721
95a0e93a8c1649f8973ca8db727213eb,0.7455,2000,router_(computer_equipment),0.02248080616608409,0.415,2000,0.33050000000000007,franka,0.7455
8537f76e9cf2483094bc0b004c8a4462,0.797,2000,underdrawers,0.001431200790370092,0.8575,2000,-0.0605,robotiq,0.8575
9c61ab86b73740ed85d2d298be703a08,0.9575,2000,wineglass,0.5356519222008305,0.5485,2000,0.40900000000000003,franka,0.9575
4cd9d4a7727c440f9b1bff2384bac433,0.2785,2000,chinaware,0.0009789006770158316,0.895,2000,-0.6165,robotiq,0.895
215983be30c9442ead3d51214cce23fb,0.5380952380952381,1050,pumpkin,0.0011269345135412239,0.22055427251732102,866,0.31754096557791706,franka,0.5380952380952381
b9ef075241814f21bf98d3d85ecf42c2,0.5225,2000,sock,0.0003592732587618994,0.524,2000,-0.0015000000000000568,robotiq,0.524
4d3ed5de8ca74b4c81ccaa409a681eae,0.1385,2000,bottle,0.11996375706553579,0.207,2000,-0.06849999999999998,robotiq,0.207
e5b01c717dbd4244b861168eddd67375,0.8345,2000,curtain,4.921520528652135e-05,0.4295,2000,0.405,franka,0.8345
ecb6e632f06246d4a058fa69cf65304c,0.468,2000,sculpture,0.0001819281157996576,0.478,2000,-0.009999999999999953,robotiq,0.478
5111ea327f8e41afb177121ef86b8461,0.917,2000,giant_panda,0.10738927455699489,0.9995,2000,-0.08250000000000002,robotiq,0.9995
c872c2c0346b486c85e2978284841a00,0.88,2000,wine_bottle,0.009439323933872099,0.7995,2000,0.08050000000000002,franka,0.88
1abb7316751f4147996008b3ffb9738b,0.05,2000,turban,0.06106709461528077,0.563,2000,-0.5129999999999999,robotiq,0.563
5807551b2fdd4f58b4ca7800b3a9febe,0.4805,2000,race_car,0.04147373442454908,0.776,2000,-0.29550000000000004,robotiq,0.776
4a6e2b1cf5d54ed5b97da093ed1e74a4,0.7505,2000,mouse_(computer_equipment),0.06297243643422112,0.7105,2000,0.039999999999999925,franka,0.7505
fdde0abfdf914492b9d325babcd9e83c,0.929,2000,antenna,0.013312116370978911,0.0545,2000,0.8745,franka,0.929
c6a90117cc6c4568b21d77a36a9295bf,0.111,2000,owl,0.15165364584462118,0.4875,2000,-0.3765,robotiq,0.4875
9559090e8f5a41fda7a9eb8e9f0c472d,0.472,2000,sock,0.051513333246575116,0.4875,2000,-0.015500000000000014,robotiq,0.4875
0cf1ec678ead417fa14d43c89c46608b,0.835,2000,thermostat,0.21601668908311158,0.1005,2000,0.7344999999999999,franka,0.835
f8339a2f7ea849b8afbebb76a40e1759,0.0,2000,typewriter,0.007287341289935116,0.0215,2000,-0.0215,robotiq,0.0215
f2d7009d517a4fdb94937970ff6c3c2d,0.5165,2000,watering_can,0.10559462127163284,0.443,2000,0.07349999999999995,franka,0.5165
508e5e6c5d04417ab36fa02c703e768b,0.781,2000,checkerboard,0.12142625459820246,0.037,2000,0.744,franka,0.781
0023b3edbc114be188ca9d8f729dfaaf,0.4065,2000,motor_vehicle,0.05987267758413898,0.4885,2000,-0.08200000000000002,robotiq,0.4885
054e01dccbbe48b7b25119441cd1e517,0.8105,2000,water_faucet,0.0011254446815296413,0.5505,2000,0.26,franka,0.8105
f04eab114a5a4fb694c5797f7db5dc12,0.4295,2000,boot,0.0064236963985459345,0.499,2000,-0.0695,robotiq,0.499
14d4adabb2564307ae69838eb4cac51a,0.6165,2000,duffel_bag,0.4776669239234837,0.249,2000,0.36750000000000005,franka,0.6165
bb6d66a3db1c46758ad31b6e12cc318a,0.9605,2000,shield,0.055122671495801565,0.3355,2000,0.625,franka,0.9605
7136be03e2b647108d9802ca8f43b17f,0.0,205,toilet_tissue,0.7252320830218659,0.1535,2000,-0.1535,robotiq,0.1535
ad49496e5f5443e38665049c8b0b4ea7,0.0925,2000,lamppost,0.01293946257207851,0.067,2000,0.025499999999999995,franka,0.0925
089778f21c0345c09069707c2dae945d,0.72,2000,soup_bowl,0.05594276118983128,0.317,2000,0.40299999999999997,franka,0.72
75bf3138459a44fc925525a4126959ad,0.8935,2000,glove,0.0029785784452118756,0.654,2000,0.23949999999999994,franka,0.8935
5301a23442ee4eeb9b6670773ced9c5a,0.793,2000,lamp,0.011317634960913037,0.4955,2000,0.29750000000000004,franka,0.793
8b611680277044e1918e7880098f75e9,0.8185,2000,helicopter,0.0019092861310486358,0.593,2000,0.22550000000000003,franka,0.8185
143f4fb470054e348d01faadfd2ae41d,0.8385,2000,mousepad,5.929603398929676e-05,0.257,2000,0.5815,franka,0.8385
05ade23c1a4d4d01b1d546a3ba3145b7,0.872,2000,snowman,0.03533024206533675,0.907,2000,-0.03500000000000003,robotiq,0.907
6d78fe9cec03483ba6d3e4ff30dc6265,0.7575,2000,hog,0.035078952699804995,0.772,2000,-0.014500000000000068,robotiq,0.772
c9f3a5192df1405090dec2e3f325344f,0.7775,2000,wet_suit,0.11833675892093404,0.3975,2000,0.37999999999999995,franka,0.7775
24208e6a58f14bb7a890489c8484051c,0.553,2000,elephant,0.015573358062200286,0.534,2000,0.019000000000000017,franka,0.553
950f6f4e17c94533bb62b588f2a39b84,0.8225,2000,tobacco_pipe,0.03535424557397409,0.476,2000,0.34650000000000003,franka,0.8225
29cd8378983040f2bd4f2d9c823c1fde,0.9235,2000,tapestry,0.13474176826647377,0.457,2000,0.46649999999999997,franka,0.9235
7242b3c0deb044db97639f7a6b125223,0.147,2000,train_(railroad_vehicle),0.036560253744575825,0.4605,2000,-0.3135,robotiq,0.4605
db28a99578734e40aebea0e65f8679f6,0.806,2000,ice_maker,0.07718448569589058,0.626,2000,0.18000000000000005,franka,0.806
091e139f26554be4844712ab50f8ad2a,0.621,2000,Bible,0.0002742795784987127,0.045,2000,0.576,franka,0.621
76c11a26bbb540c0aa9960272598c1ea,0.667,2000,rifle,0.000739766007552735,0.493,2000,0.17400000000000004,franka,0.667
d3307264b4b14e079ba5c861eeac839e,0.584,2000,teakettle,1.279671228539292,0.173,2000,0.411,franka,0.584
9ac7a6979f354ecbb37805b35e6f5432,0.083,2000,reamer_(juicer),0.0004965003469119922,0.3115,2000,-0.22849999999999998,robotiq,0.3115
c2f9b76e6b184138a23dfda89829fa8b,0.811,2000,bagel,0.9031728705973507,0.631,2000,0.18000000000000005,franka,0.811
510049da419c4393979d4aaca655a353,0.886,2000,bottle_cap,0.003485264347912831,0.003,2000,0.883,franka,0.886
0830b75a1d164f459851573d37616e7f,0.8965,2000,knife,0.0006763909359430562,0.663,2000,0.23349999999999993,franka,0.8965
7b3cdf65ced047e496b672fb7560964b,0.6005,2000,balloon,0.02773201487391414,0.8765,2000,-0.2759999999999999,robotiq,0.8765
ad399a15ec484cd18fdbe4f96c65c7d0,0.762,2000,bell,0.6659351051419867,0.54,2000,0.22199999999999998,franka,0.762
95fe6a8daebb4ea5846ace8c0806d108,0.7435,2000,mug,0.01421590809621823,0.4315,2000,0.31200000000000006,franka,0.7435
189e02ef2303450cb798d44489b3e7fc,0.838,2000,bell,0.058418581239569826,0.3875,2000,0.45049999999999996,franka,0.838
b9141491f0cc4d0294b767d228b0f7df,0.079,2000,mushroom,0.3053479107338591,0.3915,2000,-0.3125,robotiq,0.3915
2392d8cde5e240d8a0b35f7d762580fe,0.855,2000,gazelle,0.0007759388966597203,0.5855,2000,0.26949999999999996,franka,0.855
14c017540bd64fda812557411a24b0d9,0.875,2000,anklet,0.04029598901705012,0.526,2000,0.349,franka,0.875
e79b5660d8c2406d804485257eae6c23,0.967,2000,toilet_tissue,0.7565942100684462,0.8395,2000,0.12749999999999995,franka,0.967
101b50323cc34fd69c827a42a818d4d3,0.2815,2000,toilet_tissue,0.03389673442566893,0.012,2000,0.26949999999999996,franka,0.2815
8e09e36becc84eb290697ec49a1f3f15,0.604,2000,painting,0.4820133441318282,0.1955,2000,0.4085,franka,0.604
a79ceb32d29a4327a2eda3b4805c6155,0.9465,2000,wheelchair,0.22197141800829973,0.0815,2000,0.865,franka,0.9465
dcc1b54a9df8473a9857ec8997e378cd,0.02,2000,fire_engine,0.0016756131476638346,0.531,2000,-0.511,robotiq,0.531
ab0ec6f2bf8c48929543ee65213bb1cf,0.5905,2000,bulletproof_vest,0.07787775280011008,0.5305,2000,0.06000000000000005,franka,0.5905
e2102cea794741308c99cddfa2773d98,0.9745,2000,mallet,0.020884836565958322,0.9395,2000,0.03500000000000003,franka,0.9745
9332a8e1e5d643b6bdb284e016627f57,0.8775,2000,snowman,0.17560153822963853,0.347,2000,0.5305,franka,0.8775
599521760e8646cc93585eb501f9ec5e,0.9365,2000,visor,0.10836963626739617,0.0465,2000,0.89,franka,0.9365
5f3afb15359c4eb38c070fbcde34203a,0.818,2000,garden_hose,0.0028860799988309678,0.2975,2000,0.5205,franka,0.818
499b8e80c3d543c196e61844f7cda9a2,0.498,2000,tablecloth,0.19539744388828625,0.7355,2000,-0.23750000000000004,robotiq,0.7355
d37492b382b34bfe8189846161e2a45c,0.803,2000,handcart,0.00039781014079951,0.348,2000,0.45500000000000007,franka,0.803
89ab416f35cf40da952c634ac955b300,0.0,747,apple,0.03149859006300469,0.985,2000,-0.985,robotiq,0.985
06c94ce2e7b84a29ac3bc848b4f862bf,0.9765,2000,chopping_board,0.15873607081341604,0.038,2000,0.9385,franka,0.9765
90e9ccdd97f74104b5310772a984ca49,0.0,317,refrigerator,0.0012191890949424379,0.1815,2000,-0.1815,robotiq,0.1815
c1db1b10f9b14717ba731d7f49d25443,0.7975,2000,banana,0.11393212259024402,0.558,2000,0.23949999999999994,franka,0.7975
e867291098e44a55920a1f59fc69dfd4,0.7725,2000,aerosol_can,0.0014208122765827006,0.334,2000,0.43849999999999995,franka,0.7725
b22dc5d40286483c9f52076757b0b527,0.511,2000,kettle,0.11196108398954886,0.2495,2000,0.2615,franka,0.511
9c0797e532124105aef0549d6caab548,0.1585,2000,shopping_cart,0.019300288675797667,0.449,2000,-0.2905,robotiq,0.449
67cb54126dfb48f6a74d01095865b2eb,0.935,2000,chocolate_cake,0.005134969722497647,0.99,2000,-0.05499999999999994,robotiq,0.99
dfcd8def8c1147e59a2158df8c874ace,0.7225,2000,awning,0.04027284583181041,0.3875,2000,0.335,franka,0.7225
84020334d1d047b8b77152108844e786,0.6235,2000,stagecoach,0.010633950245825741,0.422,2000,0.20150000000000007,franka,0.6235
faaf2b38d0f747ba904d8f37319b1a9c,0.608,2000,tricycle,0.024375767316785986,0.45,2000,0.15799999999999997,franka,0.608
473b432ef7354d94b489de208749e711,0.81,2000,dress,0.00048503328437751606,0.4055,2000,0.4045,franka,0.81
09ee59423b4b428f94f01fc5beccd227,0.7755,2000,armchair,0.0001579214945292135,0.8025,2000,-0.027000000000000024,robotiq,0.8025
157e691ba8bb471a9ed5a31fb8614153,0.4735,2000,sugar_bowl,0.0004528057945393771,0.516,2000,-0.04250000000000004,robotiq,0.516
03765a7e66374ec7b3fa18749795189a,0.599,2000,television_set,0.03630684720161193,0.502,2000,0.09699999999999998,franka,0.599
767f17503edb45eabfd876771ffed9ed,0.677,2000,grizzly,0.000429873188838176,0.607,2000,0.07000000000000006,franka,0.677
c280c9bf4a3f479990879a8fdaf71b87,0.4085,2000,clutch_bag,0.7077279730390094,0.3515,2000,0.056999999999999995,franka,0.4085
372cf57211e2429bb53e9863fc603596,0.4885,2000,fish_(food),0.02429313175649306,0.302,2000,0.1865,franka,0.4885
bd273e37223c4a7fb1e492fad1e6ac5b,0.671,2000,alarm_clock,0.05057410402681662,0.9695,2000,-0.2985,robotiq,0.9695
a0ae41c430ac4f1190fff89a3c565b4a,0.677,2000,gasmask,0.5773283585031382,0.153,2000,0.524,franka,0.677
f0a6f98137364c0ca5b95880d8c32b0d,0.7045,2000,wedding_cake,0.03202867795117148,0.373,2000,0.3315,franka,0.7045
814361cb240642f48ab3be3870d27e1d,0.785,2000,checkerboard,0.02075277107289701,0.0525,2000,0.7325,franka,0.785
f279979d9fdb4aafab73a2c26557136b,0.3285,2000,shark,0.029511062853621498,0.415,2000,-0.08649999999999997,robotiq,0.415
03c5cc9626e1456eb247ea7dcca8e133,0.285,2000,teapot,0.07709651120080896,0.5795,2000,-0.29450000000000004,robotiq,0.5795
5c18437f4d824b9ebc5b555ec67a90e4,0.623,2000,fire_extinguisher,0.00030054006600101235,0.2875,2000,0.3355,franka,0.623
e126b0076a824c6ba63e4e4e8150f04f,0.8005,2000,bulletin_board,0.14728648770883201,0.295,2000,0.5055000000000001,franka,0.8005
f0736e4d64074cce889db48a6e2f051b,0.0,2000,telephoto_lens,0.05879123312389198,0.0,2000,0.0,robotiq,0.0
ef9a705d9fb644d5aecee2563e7f91b5,0.8735,2000,skateboard,0.09460400243295417,0.3375,2000,0.536,franka,0.8735
b37929fe34f74ea5af022dfece52fdeb,0.795,2000,heron,0.041235729611840855,0.581,2000,0.21400000000000008,franka,0.795
64e96cb6e1a142628b31a2db98f0ff45,0.717,2000,hotplate,0.0009344694601482017,0.6825,2000,0.034499999999999975,franka,0.717
33dc7bd753194ae58e1715397e090f6f,0.425,2000,typewriter,0.020913463737640466,0.3145,2000,0.11049999999999999,franka,0.425
40023055503f4248a5e11cce891f9a29,0.544,2000,control,0.029463719078231948,0.5965,2000,-0.05249999999999999,robotiq,0.5965
6fb815d117cf4bc0b0c4c2d465e2a735,0.0010893246187363835,918,ham,1.9279518820596075,0.286,2000,-0.2849106753812636,robotiq,0.286
501bfd01f7924647a56334c4ae922fbb,0.7765,2000,legume,0.22806555782380072,0.3665,2000,0.41,franka,0.7765
0002c6eafa154e8bb08ebafb715a8d46,0.6365,2000,birthday_cake,0.03855644236628238,0.743,2000,-0.10650000000000004,robotiq,0.743
6697d804cb6b42bb9916b9e4b334da7f,0.00410958904109589,730,kennel,0.0042727167850784365,0.2095,2000,-0.2053904109589041,robotiq,0.2095
f0864db153a3416695e681c575009daf,0.421,2000,duckling,1.2319577573524274,0.302,2000,0.119,franka,0.421
83acfd7b5c6d45deac06467080112f3d,0.0565,2000,shredder_(for_paper),0.1351290526873826,0.654,2000,-0.5975,robotiq,0.654
b1de27e3981845369e48e9e8680fda3e,0.5955,2000,jewelry,0.0022219570358142076,0.4935,2000,0.10200000000000004,franka,0.5955
c4c36da309374d88afe4a751b78d02f7,0.8595,2000,ostrich,0.02689839945915331,0.5205,2000,0.3390000000000001,franka,0.8595
92a6d7cae831450aab9dcfed9fa8b37c,0.9455,2000,booklet,0.0010555171106473732,0.05,2000,0.8955,franka,0.9455
58e9152b3fee42f0a0e130a1327aba2d,0.7845,2000,hamburger,0.0009226542960232889,0.6375,2000,0.14700000000000002,franka,0.7845
34c8ff48374c4b56884811868e5b43ca,0.947,2000,screwdriver,0.0010915127322616658,0.5995,2000,0.3474999999999999,franka,0.947
9d912e0fedb44b619fbd2a083bbf174f,0.751,2000,armor,0.0005930157035061996,0.6855,2000,0.0655,franka,0.751
82b92dbcdb194235b6bfc54cb9b473f6,0.6935,2000,bear,0.033997178112310684,0.47,2000,0.22350000000000003,franka,0.6935
c244f7e2d44e49e096d0eec440fc90a6,0.001,2000,lemon,1.4848067978664725,0.0195,2000,-0.0185,robotiq,0.0195
d02aca356cfb4d5b9836b7c4663bd447,0.528,2000,ram_(animal),0.22704810763964947,0.4615,2000,0.0665,franka,0.528
5f286538672f42d5ab292c7c4dee59ec,0.778,2000,lantern,0.045942800831792883,0.4625,2000,0.3155,franka,0.778
7d0e8812300e4ace826a8a2d9f107657,0.978,2000,boom_microphone,0.0004520879773697063,0.521,2000,0.45699999999999996,franka,0.978
07becdf628984c4b9aca018486e6263f,0.9375,2000,painting,0.00036081609020434396,0.047,2000,0.8905,franka,0.9375
8768e312ca144e4486e8de7968e228e8,0.553,2000,crisp_(potato_chip),0.05184356042287864,0.237,2000,0.31600000000000006,franka,0.553
8cd4ef86c0914b95a181473230c77eda,0.518,2000,stove,0.6727924305261043,0.4835,2000,0.03450000000000003,franka,0.518
86447bb411984aaea8a5593456d5aef9,0.789,2000,propeller,0.04390254740161945,0.696,2000,0.09300000000000008,franka,0.789
88fa74f76e6b4e389016fcef513aa9fe,0.8555,2000,yogurt,0.0057829765111881105,0.38,2000,0.47550000000000003,franka,0.8555
8b047833ef7d4a16b7ff97f66d1c2ddb,0.2765,2000,pigeon,0.02089104562094556,0.4805,2000,-0.20399999999999996,robotiq,0.4805
2e32184ea51d4b50968beaf48aef0d2a,0.3675,2000,award,0.005909859302026735,0.196,2000,0.17149999999999999,franka,0.3675
6bc7060fb3bb49acb77720f7ad76a4d6,0.774,2000,shopping_bag,0.004757149406308123,0.4095,2000,0.36450000000000005,franka,0.774
e9fa19e6bd6a4ecdafd21a9b51e02447,0.9715,2000,cookie,0.06360900348345794,0.135,2000,0.8365,franka,0.9715
82ec2060f2b0431699f57f1b1782ab18,0.712,2000,easel,0.05076309916648027,0.5395,2000,0.1725,franka,0.712
6d95c92b85254077b80a63e02a4252db,0.8825,2000,sword,0.00034636956153588774,0.3165,2000,0.566,franka,0.8825
e6d8ec2cc4fa4f8c8f42272e5767922d,0.971,2000,surfboard,0.14592597820543338,0.164,2000,0.8069999999999999,franka,0.971
c3170bfb1d0945f8b1c647afe1448904,0.7945,2000,camera,0.5841416605204853,0.899,2000,-0.10450000000000004,robotiq,0.899
d1fc138d06d04ca6b2de4f6ee09fb925,0.935,2000,envelope,0.006183490959009418,0.802,2000,0.133,franka,0.935
921712309e2d441ea8332f471ade2fcd,0.8995,2000,bicycle,0.05830790480776132,0.3045,2000,0.595,franka,0.8995
6ea3e02e76744867a26320b7a7e68e4d,0.6525,2000,mattress,2.674424628390199e-06,0.17,2000,0.48249999999999993,franka,0.6525
3ea2a0203bdb42de8faa11dcc81aa9f8,0.6365,2000,flannel,0.05757010031051717,0.413,2000,0.22349999999999998,franka,0.6365
c4de39793682473aa808eb5d9798c669,0.0,226,crate,0.1042090070489603,0.0095,2000,-0.0095,robotiq,0.0095
708f83d6fce940c5827cfd6ce942004d,0.943,2000,seashell,1.7166974158477066,0.1865,2000,0.7565,franka,0.943
496335a85be047a494fbfaa8b4071469,0.903,2000,solar_array,3.396205541577832e-05,0.4695,2000,0.43350000000000005,franka,0.903
f57d78c50b544a6480b179cf0f97d295,0.923,2000,bullet_train,0.003187488695288749,0.818,2000,0.1050000000000001,franka,0.923
e808a44eb85b4be38ed2d8074e9c4ff3,0.835,2000,sponge,0.05227598413167423,0.894,2000,-0.05900000000000005,robotiq,0.894
0db687e8e18b49f5a6458ad5a75f057b,0.96,2000,milk,0.000353093482445132,0.722,2000,0.238,franka,0.96
6099a956fb4c4a21b2957bc2e4874d55,0.0,573,television_set,0.002446157076968439,0.0065,2000,-0.0065,robotiq,0.0065
c3c8b8b037354369a3f9892530b346b0,0.945,2000,sunglasses,0.01604034847052395,0.306,2000,0.639,franka,0.945
e38a4e71635f488fa8ab8c55cb1192fd,0.5695,2000,corkscrew,0.008569105884006141,0.755,2000,-0.1855,robotiq,0.755
51b87249e1254f12b29f95066e39ffce,0.9315,2000,mousepad,0.004249488936017244,0.0175,2000,0.914,franka,0.9315
b7f5c725a61b4bd6a28d80e3c453d373,0.9355,2000,sofa,0.0003541778066114352,0.041,2000,0.8945,franka,0.9355
1ee138ba1cae40fd9db1ff8b3a897fac,0.3865,2000,loveseat,0.12363148443864012,0.2515,2000,0.135,franka,0.3865
5fdc95a388cc4da399690de48d1fd720,0.9305,2000,guitar,0.022893634087340773,0.4225,2000,0.508,franka,0.9305
b69b7e87558b489f955ad7fb235f1c23,0.1815,2000,headstall_(for_horses),0.0027313520487270626,0.4695,2000,-0.288,robotiq,0.4695
df4bf911a9374ecb987a222d017f12cf,0.914,2000,cap_(headwear),0.0640517078437686,0.2295,2000,0.6845,franka,0.914
f70db0cc60374a54919a4f9c6ad1dfd5,0.0005,2000,ladder,1.0668860153126651e-05,0.0,2000,0.0005,franka,0.0005
d97399824e874d89819bd1308d3b84ce,0.8245,2000,hotplate,0.0023326201381502557,0.3355,2000,0.489,franka,0.8245
99ed138bb3d64d67bc9ddc1400b211a9,0.361,2000,crow,0.08184899814965509,0.3615,2000,-0.0005000000000000004,robotiq,0.3615
192c0827324d46d8b956e3f2f1c6a22f,0.926,2000,pizza,0.007905566994660029,0.765,2000,0.16100000000000003,franka,0.926
b43c45317fd74a4aa9ba443b9a355ea3,0.931,2000,bookcase,0.027745307322062283,0.357,2000,0.5740000000000001,franka,0.931
e16f7a61df8043f1ba02668fee983bc6,0.9165,2000,windmill,0.013703694143654476,0.4585,2000,0.45799999999999996,franka,0.9165
347770adfbaa4962ac98c58bbc51b23f,0.2855,2000,giraffe,0.0001502441982154615,0.453,2000,-0.16750000000000004,robotiq,0.453
9b2e29167af34e05bd65d1efde8e44fc,0.0745,2000,urn,0.0003647812417757188,0.2655,2000,-0.191,robotiq,0.2655
f3f38e2541e34e73a061af13eb55382f,0.955,2000,timer,0.044943895471931526,0.908,2000,0.04699999999999993,franka,0.955
aaf52e6af734473cbb9c2ec7429cbf7e,0.712,2000,dining_table,0.20575675234209384,0.204,2000,0.508,franka,0.712
3a97e7bf7c8e4717908c0bb764618de6,0.676,2000,cub_(animal),0.15203548611273285,0.644,2000,0.03200000000000003,franka,0.676
36d879d88fb245e3a34e08ba675246e3,0.8355,2000,blackboard,0.08133941520675916,0.6185,2000,0.21699999999999997,franka,0.8355
1418b42c970b4284a38a941a70f8c1be,0.878,2000,flag,0.062097882944300214,0.2835,2000,0.5945,franka,0.878
e385a1629a664007bd12618b6f2480a6,0.2645,2000,pumpkin,0.040772738553839075,0.6825,2000,-0.418,robotiq,0.6825
935f22620af04e9da34b912596d8a05f,0.367,2000,motor_vehicle,0.0784724228316688,0.664,2000,-0.29700000000000004,robotiq,0.664
1d82c99a26bb4d57afed55fa7d3880f2,0.857,2000,antenna,0.006254528148761435,0.573,2000,0.28400000000000003,franka,0.857
cdf1488a07a14bb481569f6c7690764b,0.8055,2000,blouse,0.6240652196917168,0.4415,2000,0.364,franka,0.8055
b3d142f6d72b4f0788e841f229041e74,0.5285,2000,pita_(bread),0.0014462558818883148,0.547,2000,-0.018500000000000072,robotiq,0.547
ecb62a6cf8a54a60bdb5ba02091cea3d,0.73,2000,earphone,0.07396874273736946,0.442,2000,0.288,franka,0.73
ba7b015bf364431a99cbce9c38c3659b,0.6355,2000,recliner,0.024956468411152937,0.568,2000,0.0675,franka,0.6355
3196ea27c20e4da389cdfb3e5206e3fe,0.864,2000,chair,0.09279828337535759,0.659,2000,0.20499999999999996,franka,0.864
285d2258c23e4201af7cea5f625552dc,0.8285,2000,violin,0.00020087245524149294,0.5725,2000,0.256,franka,0.8285
0d06838c3c2041fe91b39b146c2c9eeb,0.9105,2000,table,0.0001753968209184592,0.242,2000,0.6685,franka,0.9105
fe58e81e5fa940319e79796e23053182,0.461,2000,piano,0.37140089741228116,0.428,2000,0.03300000000000003,franka,0.461
4daf4fb65b6949ce9eeb86f65dd3009c,0.766,2000,penguin,0.003443336195808903,0.5745,2000,0.1915,franka,0.766
dc40632cb0e14460aa280df54d1332c4,0.6825,2000,armchair,0.06782973953450504,0.879,2000,-0.1965,robotiq,0.879
3e646eccde5945f4b4050df48d3bc2cd,0.745,2000,fishing_rod,0.11031501962662624,0.3065,2000,0.4385,franka,0.745
aff5e7e9545a4bf3b4366fc1102a20a9,0.543,2000,toolbox,0.11836495017294382,0.6425,2000,-0.09949999999999992,robotiq,0.6425
8ca6793de7c8469397036f0f09cabe26,0.7815,2000,computer_keyboard,0.015267315269631137,0.0925,2000,0.689,franka,0.7815
4e45d6c738c94e34a549003d2cb9b871,0.928,2000,cellular_telephone,0.1791545322587453,0.8315,2000,0.09650000000000003,franka,0.928
c880550174f0445098ff48fd5e5f2cb6,0.8515,2000,tartan,0.11187929369638008,0.468,2000,0.3835,franka,0.8515
a4d67bfd2af94c1b8a500a1ac74306ee,0.9735,2000,scale_(measuring_instrument),0.013658920028081846,0.3105,2000,0.663,franka,0.9735
76d436d6fafb4bc3b5da646bd1f6c41a,0.0,192,crouton,0.014912091327277742,0.0,937,0.0,robotiq,0.0
43eb00e5f3e6462e956ff3a374f6b1bf,0.92,2000,pen,0.04111250061540703,0.3725,2000,0.5475000000000001,franka,0.92
a42165affb1645e8a63f523116c11975,0.6655,2000,key,0.08157974830441432,0.005,2000,0.6605,franka,0.6655
f5ac20ab3a984cc2a5a9e4ee72567bd1,0.172,2000,bread,0.0008209851039584608,0.19,2000,-0.018000000000000016,robotiq,0.19
7b85f1393f244782b3eb2f9e9c4a521c,0.863,2000,saucepan,0.0065413784365700505,0.4405,2000,0.4225,franka,0.863
726060e5af694f32ab9bbcc2ef18cd10,0.907,2000,dagger,5.375851290417787e-05,0.614,2000,0.29300000000000004,franka,0.907
31ae953de0f246c4a6279252289d3b20,0.373,2000,pony,0.20534655506484742,0.3275,2000,0.045499999999999985,franka,0.373
4e43eb29aa144bdbada1ec500d218a81,0.0,9,jar,0.6732882462387225,0.1655,2000,-0.1655,robotiq,0.1655
119cb34dbbfe41aba3288c6893d1b314,0.798,2000,monitor_(computer_equipment) computer_monitor,0.07249897206238756,0.2665,2000,0.5315000000000001,franka,0.798
f0b032268e4e472aac0eb0636c580ba3,0.86,2000,tights_(clothing),0.12855955594130447,0.4095,2000,0.4505,franka,0.86
3d4fdebfcef342739eee585ad95338d2,0.6485,2000,mascot,0.01876303106042706,0.7325,2000,-0.08400000000000007,robotiq,0.7325
9061ee27feba4aa18ed42aefa3723e9f,0.177,2000,puffer_(fish),0.00011951759577076793,0.2325,2000,-0.05550000000000002,robotiq,0.2325
ed342f2d9a89412d80c4e273a963eaf3,0.545,2000,mattress,0.02460870852792975,0.105,2000,0.44000000000000006,franka,0.545
3d154ca29b1443beb9f8eadd35694737,0.696,2000,dress_suit,0.16768602462106297,0.438,2000,0.25799999999999995,franka,0.696
f1c05b3206ae4553a3180f8467ca8fe3,0.459,2000,award,0.005193068921633612,0.4175,2000,0.04150000000000004,franka,0.459
62ae011828394965bd85c199a629c313,0.873,2000,cover,0.004499741005483941,0.039,2000,0.834,franka,0.873
a8885471fd424baca0493d1eaffa10ae,0.8985,2000,banana,0.003833535195268745,0.6915,2000,0.20699999999999996,franka,0.8985
a668f2bf115548ea834e91c536cdb644,0.815,2000,cougar,0.003422138652119272,0.5735,2000,0.24149999999999994,franka,0.815
439f0725eae54fc7b8085293179d6df7,0.756,2000,lizard,0.06646102367267973,0.608,2000,0.14800000000000002,franka,0.756
fb1133b24aad44c4bab89ecf2736f010,0.7,2000,crab_(animal),0.031837216960901936,0.5845,2000,0.11549999999999994,franka,0.7
e009982029d84569b653614784e0457d,0.745,2000,spectacles,0.03804128003377377,0.3755,2000,0.3695,franka,0.745
d9f66b1e0f774b8dbc9a2f00cc0d1fe2,0.9,2000,tobacco_pipe,0.007705332955120116,0.2515,2000,0.6485000000000001,franka,0.9
69fe679b60f04f17be3fc96ab9ef25c6,0.4865,2000,lampshade,0.019002989413153343,0.67,2000,-0.18350000000000005,robotiq,0.67
c8d83f0e016b406e8e057e764b29bc06,0.8115,2000,bicycle,0.10981751727594065,0.442,2000,0.3695,franka,0.8115
f3233a23a06b448da1e4176b20da605f,0.3305,2000,chandelier,0.0002501610163955163,0.546,2000,-0.21550000000000002,robotiq,0.546
6a6492ab74b0409c8eb9b78d44898e1c,0.8375,2000,ladder,0.027155083382881147,0.3035,2000,0.534,franka,0.8375
912e06625feb4a38aebddb636b604a04,0.676,2000,fire_alarm,0.0051232632909946375,0.6115,2000,0.0645,franka,0.676
b948f573ae844cc1aec5872440fe1fba,0.602,2000,tambourine,0.016348114630744637,0.5365,2000,0.0655,franka,0.602
a16a34e67b3b45cf905373108eb213f0,0.9395,2000,knife,0.07867564270427267,0.253,2000,0.6865,franka,0.9395
63edb731b8d144e283811e86c23cd6e7,0.584,2000,cape,0.0017454429792587395,0.286,2000,0.298,franka,0.584
a27aa928a6664473a0ebfbe2c7f72b23,0.795,2000,automatic_washer,0.03324877553022966,0.9385,2000,-0.14349999999999996,robotiq,0.9385
222a5ea42903439aaaa344da26e7f9ec,0.8535,2000,wolf,0.012135414613553672,0.649,2000,0.20450000000000002,franka,0.8535
65ad095e176940b98a2458656d9c56ed,0.564,2000,crescent_roll,1.0322779771731732,0.366,2000,0.19799999999999995,franka,0.564
c0b77d47832a452aad1d59e9190d3142,0.0,1819,car_battery,0.055389361620247775,0.658,2000,-0.658,robotiq,0.658
ead9c95d73494e5bb3d61fecea92c033,0.8725,2000,spider,0.012032169814539027,0.5265,2000,0.3460000000000001,franka,0.8725
5b08ececfd6b4e9ca93490b6c7abd6bd,0.929,2000,laptop_computer,0.008797734408306236,0.23,2000,0.6990000000000001,franka,0.929
b3c071a7fa9e471cb600491a249d6ac5,0.833,2000,headset,0.44753846666688096,0.4455,2000,0.38749999999999996,franka,0.833
f2f85fc7c4df416e86fdb701901466d1,0.9575,2000,laptop_computer,0.010045030893041639,0.0755,2000,0.882,franka,0.9575
d227f1a717c34eec8394738c598def3f,0.525,2000,playpen,0.0008438468546846929,0.621,2000,-0.09599999999999997,robotiq,0.621
fad1b19515a04b4b8309c79490e7228b,0.958,2000,chessboard,0.07801643160539337,0.124,2000,0.834,franka,0.958
8c551e4f6bf248db99aa77a3d0221497,0.965,2000,mousepad,0.00570158284699843,0.0205,2000,0.9445,franka,0.965
8277e0c967a6411082b4d15ada73cea8,0.2235,2000,lantern,0.009775238540400117,0.5095,2000,-0.2859999999999999,robotiq,0.5095
caae0e16666b45c3bb47be55ee6f11fc,0.8915,2000,pipe_bowl,0.00041976993667119434,0.5235,2000,0.368,franka,0.8915
86c972a09b0d4111953b9f8eb28ce7c1,0.0725,2000,penguin,0.029512392091408907,0.809,2000,-0.7365,robotiq,0.809
41e8d234503c4c9d87e029480c5fb131,0.7815,2000,bedspread,0.039381228267204665,0.4365,2000,0.345,franka,0.7815
9678a4672a2947d5995f76a56dbafe6e,0.8446601941747572,206,doughnut,1.637399591717218,0.174,2000,0.6706601941747572,franka,0.8446601941747572
6c9e05ce273d424ba0f291227b324efa,0.706,2000,lamppost,0.008797685984088968,0.475,2000,0.23099999999999998,franka,0.706
dfecd6bf789e4aaaa7df7da5e5b1a19e,0.91,2000,koala,0.03085911467044576,0.0695,2000,0.8405,franka,0.91
83e75e7b106f4e2089dc03a38562b7cc,0.8475,2000,eagle,0.013742608905993417,0.5975,2000,0.25,franka,0.8475
829d47b009ed4d42901a7fbc8a10aa24,0.815,2000,candle_holder,34.7643211033138,0.347,2000,0.46799999999999997,franka,0.815
4dfe531deb234506a8a26fe410c18252,0.4215,2000,lantern,0.024942978145839925,0.313,2000,0.10849999999999999,franka,0.4215
6b482f246ba84b49a59439731fe5c980,0.605,2000,reflector,0.001258607997494845,0.018,2000,0.587,franka,0.605
b0fea0d8a5a54777acfc99fe482adccc,0.541,2000,helmet,0.020565084553309205,0.792,2000,-0.251,robotiq,0.792
0e21675682ba457ea4e3e78e16bdaaf4,0.936,2000,shield,0.494137489840839,0.0705,2000,0.8655,franka,0.936
011e6d02b13240ac94334d7f4cc5cd96,0.0,1673,crate,0.003396148726704059,0.095,2000,-0.095,robotiq,0.095
fdbf4c3eaad843fa9d833885d6e16e20,0.7345,2000,clothes_hamper,0.01860459477561384,0.064,2000,0.6705000000000001,franka,0.7345
a090798626964b369df85d3f78f67741,0.504,2000,piano,0.0007155017543913628,0.6265,2000,-0.12249999999999994,robotiq,0.6265
f32584f4df9545f6a0ad740f10de426a,0.838,2000,penguin,0.001394048400060347,0.9475,2000,-0.10950000000000004,robotiq,0.9475
a239036217f7423185550713f0b28d92,0.0,2000,vending_machine,0.0010825322640553628,0.4265,2000,-0.4265,robotiq,0.4265
43449ce635134b9780c6eafefbe24dd5,0.7275,2000,mattress,0.00033911143631812775,0.548,2000,0.1795,franka,0.7275
0c0fa23bd2c84fa195ba980e38df7e1d,0.0,1008,barrel,0.0027777697746454192,0.0,2000,0.0,robotiq,0.0
2b8b51acc3964cf4baee36aae0989550,0.9145,2000,key,0.006533090921381399,0.6645,2000,0.25,franka,0.9145
fa757fa2a72b400aa03f9cf5f9d00426,0.7875,2000,cushion,5.226252049519195e-05,0.8965,2000,-0.10899999999999999,robotiq,0.8965
e46e40253e734c89954494525b23d787,0.0,546,hog,0.0026568152270993075,0.3105,2000,-0.3105,robotiq,0.3105
86c69a94247e4399b8599d254b657b56,0.892,2000,dispenser,8.729476268816818e-05,0.866,2000,0.026000000000000023,franka,0.892
4fc3943282854b628712d1cb6255856a,0.002,2000,raincoat,0.0029690953877080004,0.0005,2000,0.0015,franka,0.002
83dd191f82f84b94b8db0c77692729fc,0.728,2000,trousers,0.19721872991805864,0.4495,2000,0.27849999999999997,franka,0.728
2485375ed472436aa20b33fc522f774b,0.506,2000,mallard,0.01905845364188691,0.539,2000,-0.03300000000000003,robotiq,0.539
1891ec7520974cdca1c8e482f22535f6,0.902,2000,antenna,0.020415575599884724,0.587,2000,0.31500000000000006,franka,0.902
b63074f3ca0d49b8a8e5b31b2e078e39,0.9755,2000,flagpole,0.10242941383544564,0.248,2000,0.7275,franka,0.9755
cadb3080662941e391e4977705d9244b,0.8335,2000,legging_(clothing),0.001376938741571723,0.5415,2000,0.29200000000000004,franka,0.8335
24113eec279d488897a4997d5dd1e128,0.241,2000,zebra,0.0015708025049071422,0.569,2000,-0.32799999999999996,robotiq,0.569
00f980c0932a42af9340b2b8ce2b7915,0.666,2000,duckling,1.0141891474155804,0.4705,2000,0.19550000000000006,franka,0.666
4da6a7ae5bc6434aae7bd8eb87699482,0.5455,2000,grizzly,0.0036595554427250746,0.9325,2000,-0.387,robotiq,0.9325
8433e4d4b290427881443f02f68abc39,0.923,2000,binder,1.6468059643265318,0.238,2000,0.685,franka,0.923
a6ce8ae18a914d9cb1771108a58c2604,0.0,2000,barrel,0.0011141782559860043,0.001,2000,-0.001,robotiq,0.001
cf1fca4ccdfe4e92806229df60b32cf5,0.6695,2000,shield,6.261440645986674,0.1265,2000,0.5429999999999999,franka,0.6695
3bf4b9d4bc2d4e74bec8d9ee5721457c,0.3825,2000,record_player,0.00035536426453243415,0.8575,2000,-0.47500000000000003,robotiq,0.8575
e6b23e29525c491bb1cf2f913ee9afcc,0.854,2000,wagon_wheel,0.09890651775487834,0.605,2000,0.249,franka,0.854
814c188c1d984a88843d528645ace404,0.971,2000,mousepad,0.003950811894276117,0.3185,2000,0.6525,franka,0.971
935ec26dae3c4e848ab57640710b99dd,0.799,2000,airplane,0.5294902344083867,0.617,2000,0.18200000000000005,franka,0.799
b35ed42afcc7461f97b5e570bdb99b27,0.6365,2000,sewing_machine,0.20456803267229257,0.7075,2000,-0.07100000000000006,robotiq,0.7075
a19092b10c014390af133e841cccd771,0.9135,2000,pop_(soda),0.3012906628521216,0.946,2000,-0.03249999999999997,robotiq,0.946
ec9afcb9f12c4f0286e92c77184675a4,0.674,2000,wok,0.02487650531077229,0.3855,2000,0.28850000000000003,franka,0.674
9069c49852c44a569f1dbfe143263007,0.595,2000,beanie,0.008194042238710675,0.569,2000,0.026000000000000023,franka,0.595
c2ae194bd2564bb39abd79a45adb4744,0.8385,2000,wine_bottle,0.03449354055652986,0.2235,2000,0.615,franka,0.8385
bf4ddac39e7a47978cd9f89fb1cb2295,0.7945,2000,mast,0.004770473742514209,0.432,2000,0.3625,franka,0.7945
4de36fd537c844b5800d003c06087d17,0.894,2000,platter,0.003047381085491611,0.0485,2000,0.8455,franka,0.894
ff8590a609684e3fa170ca9672e5c0d6,0.0,894,pinecone,0.0033870852183965033,0.0,2000,0.0,robotiq,0.0
0b49bcbfc5ca402888c24c0ed3fccb18,0.7435,2000,awning,2.6143002959810155e-05,0.4955,2000,0.24800000000000005,franka,0.7435
8ceda40585054ac0ad1b27afe8113f1f,0.827,2000,key,0.0008339549321708759,0.3065,2000,0.5205,franka,0.827
480cc34e93804086810480263b530804,0.065,2000,wine_bucket,0.8972743217236447,0.123,2000,-0.057999999999999996,robotiq,0.123
0694f7a02bd6435c8886881207fc5992,0.3015,2000,pinecone,2.6774993624820347,0.44,2000,-0.1385,robotiq,0.44
626caadfc8e34042805f9eb230fd7246,0.5885,2000,statue_(sculpture),0.004138039519376442,0.6225,2000,-0.03400000000000003,robotiq,0.6225
3e7747b1db4b44a4952d6d94488ee16e,0.8865,2000,tray,0.06379127748443832,0.3615,2000,0.5249999999999999,franka,0.8865
70d6d27b8f2c42c4802f7502fa7ec1e5,0.0,1166,helmet,0.08010903294724495,0.6805,2000,-0.6805,robotiq,0.6805
ac25c9f4aa3d4b459fd930eebc577c71,0.5535,2000,snowman,0.08091903276302548,0.524,2000,0.02949999999999997,franka,0.5535
ea6c3fc222984aeeb312f5e0a80f144a,0.96,2000,carrot,0.06525901787775504,0.2505,2000,0.7095,franka,0.96
b62c64de64d64593b7f325bf88eca8e1,0.837,2000,postbox_(public),0.0012604010893671616,0.6655,2000,0.17149999999999999,franka,0.837
002122c2db5a48b383598fec645cb459,0.627,2000,spider,0.02974777714773989,0.443,2000,0.184,franka,0.627
2f9e7a1893674e01bc0d4f8ed425cdf1,0.495,2000,pony,0.04016608068377406,0.689,2000,-0.19399999999999995,robotiq,0.689
90fa309b7f3b41e9a3c236a101973b25,0.8445,2000,heron,0.009062232584049314,0.3075,2000,0.537,franka,0.8445
159eb0a46ece45f387644535fe07daff,0.814,2000,shield,0.014206460941999894,0.4025,2000,0.4114999999999999,franka,0.814
43e18ff7b1f34453b5045bb7062c9904,0.5985,2000,jersey,0.0033037083363877803,0.582,2000,0.01650000000000007,franka,0.5985
f3369c7e0a9d45fab722c3f5bbb9c9bf,0.3875,2000,coffeepot,0.06986117894542115,0.786,2000,-0.3985,robotiq,0.786
a28843f21d784fe98cc220ef0d1df478,0.8365,2000,tablecloth,0.07310295746563027,0.2,2000,0.6365000000000001,franka,0.8365
68ef91781477491e8a25dbe2c7877dbf,0.777,2000,sink,0.16247142589182517,0.3465,2000,0.43050000000000005,franka,0.777
33619cf0e6b94714bd611fdbd1268cc7,0.441,2000,duck,0.030324654203037982,0.5055,2000,-0.06449999999999995,robotiq,0.5055
1898d35154c64b0cba12881ea68e56d9,0.2995,2000,motor_scooter,0.10307669630911243,0.426,2000,-0.1265,robotiq,0.426
47987025844b48a6801903ea4b5a17b5,0.8385,2000,suit_(clothing),0.08073869888934852,0.695,2000,0.14350000000000007,franka,0.8385
ebea301a211342ae8058a06c99384c86,0.0,69,muffin,0.0008428157094640867,0.09,2000,-0.09,robotiq,0.09
d0ca606a36584814a3464a7e82bc3691,0.6925,2000,gravestone,0.0036890005256957088,0.238,2000,0.4545,franka,0.6925
c456bdc52aa146d4884306aea0088c06,0.509,2000,dispenser,0.0013262265101011029,0.316,2000,0.193,franka,0.509
74e1bc192b244fbd898b4d81d3f78daa,0.8385,2000,person,0.0014464051242768317,0.4765,2000,0.36200000000000004,franka,0.8385
790067c44694464491e89a7367cbc4d0,0.9765,2000,coin,0.26825707190770076,0.0045,2000,0.9720000000000001,franka,0.9765
3760ddad38554591971ca31426e7a4a1,0.8015,2000,chair,0.14825798711520594,0.4755,2000,0.326,franka,0.8015
a40f7f2a9f2843b38ac9ee7b26365b13,0.9675,2000,pipe,0.0001760192797509846,0.6875,2000,0.28,franka,0.9675
b0655ed242bf4e47842936543fc1594b,0.95,2000,chessboard,0.7080215799221152,0.0695,2000,0.8805,franka,0.95
aa4b8ab41c3544edb4d9e32d80a8b599,0.41,2000,propeller,0.005009836973038298,0.6275,2000,-0.21749999999999997,robotiq,0.6275
8be12b142f624dac97ebf0da44f12eb9,0.921,2000,table,0.00012447000123336143,0.429,2000,0.49200000000000005,franka,0.921
229332a677d74c859b5eeed0d43d851c,0.748,2000,armor,0.024370707625280312,0.62,2000,0.128,franka,0.748
d75ac08cf8224dddb9ccb75789177751,0.921,2000,popsicle,0.0021705684726272064,0.633,2000,0.28800000000000003,franka,0.921
94b74a459f9d4733bcb90e687dbcf5e5,0.1975,2000,football_helmet,0.009877288009834685,0.1805,2000,0.017000000000000015,franka,0.1975
117ab4df9e554766b98a794d8144e94b,0.9565,2000,pocketknife,0.00046385479075845734,0.413,2000,0.5435000000000001,franka,0.9565
787542624be648b1b55e453052df8e1c,0.8945,2000,popsicle,0.013178808887743802,0.937,2000,-0.04250000000000009,robotiq,0.937
eb5fd505420248d7901da8fa13cdfc42,0.8655,2000,monitor_(computer_equipment) computer_monitor,0.016693973090793752,0.789,2000,0.07650000000000001,franka,0.8655
a38b6658117e4135ab0374cca4d745b9,0.807,2000,cracker,0.04548994496288798,0.43,2000,0.37700000000000006,franka,0.807
584a486f880144f6a0485b5863fed885,0.868,2000,cone,0.00040039266227857845,0.918,2000,-0.050000000000000044,robotiq,0.918
5097ebb62feb4d5e98532ad71682f306,0.92,2000,newsstand,0.0010017492905451666,0.8665,2000,0.05349999999999999,franka,0.92
d7454589e56a4e5cb4665ae56eb9ee3c,0.2915,2000,puppet,0.0019365040108001485,0.2915,2000,0.0,robotiq,0.2915
6ccb03f85f284aabb7d89de7eaabe76b,0.967,2000,chessboard,0.010544833479498857,0.0405,2000,0.9265,franka,0.967
b7826b10a5684bafbfb8baeba8673f97,0.0,770,hamburger,0.002598737004582492,0.566,2000,-0.566,robotiq,0.566
27abbf7bfb5043aaa73a4f9030f06f43,0.9965,2000,carton,0.010717795057610037,0.5725,2000,0.42400000000000004,franka,0.9965
7650a398a5f742309cfcb66b7235122d,0.0,1443,lemon,0.003499749123738773,0.214,2000,-0.214,robotiq,0.214
ebdf3dc34c814e15b28abe626efa08c9,0.599,2000,statue_(sculpture),0.013812845422616049,0.5115,2000,0.08750000000000002,franka,0.599
6ee7ecf9930e48ecae4ee848c92bf56f,0.814,2000,wolf,0.017742418746564282,0.525,2000,0.2889999999999999,franka,0.814
3800caad4695418f9f60bfca87a85304,0.5065,2000,beanbag,1.2388895209788429,0.1865,2000,0.31999999999999995,franka,0.5065
5191cdca98ca4b4ba961f00747029b03,0.889,2000,octopus_(animal),0.13707496360960586,0.3215,2000,0.5675,franka,0.889
411c990e22ec42b29926275308abfed3,0.8615,2000,shield,0.005767673842631882,0.364,2000,0.49750000000000005,franka,0.8615
1aa6a053634648d58f5309b583834fd1,0.007511266900350526,1997,cooker,0.01917032405473487,0.264,2000,-0.2564887330996495,robotiq,0.264
f9a72fbd857249febfafad5f844e6990,0.8415,2000,projectile_(weapon),0.0003507510140232157,0.2915,2000,0.55,franka,0.8415
edca5a087ec143b9bfe4fbcea5ffa1fb,0.972,2000,rolling_pin,0.006471630989272111,0.3285,2000,0.6435,franka,0.972
03f6aaebc2d34ffe8040dff0f6bfc380,0.874,2000,flip-flop_(sandal),0.002988777353382773,0.319,2000,0.5549999999999999,franka,0.874
dfe09c08557b4bafbfe47a54e840aa65,0.949,2000,comic_book,2.3815224942308792,0.0955,2000,0.8534999999999999,franka,0.949
064df4f8b04f42a0a1997b813de36c65,0.906,2000,toolbox,1.1492546538630873e-05,0.936,2000,-0.030000000000000027,robotiq,0.936
37f70f563ada454f8d356649e0ae052b,0.8765,2000,padlock,0.007907420600186779,0.8485,2000,0.027999999999999914,franka,0.8765
319e97220c7a458383fb4ab17551d95d,0.7545,2000,parakeet,0.06334222978917511,0.5925,2000,0.16199999999999992,franka,0.7545
36e543c32fb44556843f02dac2fef55b,0.5185,2000,goggles,0.005988543347512658,0.1875,2000,0.33099999999999996,franka,0.5185
6ae3fcb6c6ea415a8fec05d2e82f5505,0.925,2000,shower_head,0.10912950779376623,0.2555,2000,0.6695,franka,0.925
54adeeca54d44de688b94dc948f6c3a6,0.853,2000,crown,4.0067096899711847e-07,0.411,2000,0.442,franka,0.853
e6d905eb061c4035a9388536a88b8e7c,0.709,2000,gemstone,0.06472540570924816,0.658,2000,0.050999999999999934,franka,0.709
980b520d5c334abaa699a62c9492cf2e,0.6135,2000,camel,0.004331935393033208,0.582,2000,0.031500000000000083,franka,0.6135
f42a3961fa7d451ea1a12727de67234c,0.002036659877800407,982,videotape,0.01904898712727916,0.031,2000,-0.02896334012219959,robotiq,0.031
aca2da24dcfc4a0b9091151745e5124e,0.968,2000,grill,3.7303998143516724e-05,0.167,2000,0.8009999999999999,franka,0.968
aae1b44fe3964a5fbb869b2a9580d9e9,0.9035,2000,streetlight,1.6572694958167562,0.6065,2000,0.29699999999999993,franka,0.9035
9d8325839ac6428a9c23924beceb8ffb,0.0,259,blueberry,8.70646435665901,0.0,1480,0.0,robotiq,0.0
1a422a02866f49e3943994c55b5ec813,0.787,2000,flag,0.05376457771514677,0.5255,2000,0.26150000000000007,franka,0.787
58933b9685694c68a3c9f7e713d35003,0.8065,2000,sail,0.012308791382284053,0.4215,2000,0.385,franka,0.8065
592b0ea274394a99a4edd5091d74de25,0.881,2000,golf_club,0.8858429810895084,0.5775,2000,0.3035,franka,0.881
7193d38be0ca4d32a4e0377e1035d1fe,0.239,2000,ladder,0.012487590556370253,0.253,2000,-0.014000000000000012,robotiq,0.253
edc20e62ec3a44949ba28eb5bd2445b3,0.8015,2000,milestone,0.027996084406417713,0.274,2000,0.5275,franka,0.8015
deecaa5d26af455dbcb12315249fd38c,0.838,2000,shark,0.021896123768390886,0.6115,2000,0.22649999999999992,franka,0.838
3c8fad41a4d240d383cc123efcdeeb03,0.618,2000,costume,0.022335334800256065,0.4885,2000,0.1295,franka,0.618
dd764687cf90471d8f575c7cb62196b2,0.8655,2000,trench_coat,1.7644658759387256e-05,0.632,2000,0.23350000000000004,franka,0.8655
12aaf1ba3598430b8ae44a84a8deec8d,0.8185,2000,mascot,0.06660081134639521,0.58,2000,0.23850000000000005,franka,0.8185
f9c6d59bb4094c788ef67ba388df2938,0.4855,2000,pet,0.22363431584525703,0.4565,2000,0.02899999999999997,franka,0.4855
c9bfe52cf3c9435286c354c5f3d51ffb,0.8265,2000,hot_sauce,0.0005572521745235453,0.2795,2000,0.5469999999999999,franka,0.8265
e1a65acaccc2421c924197ff7eebdf8d,0.798,2000,dirt_bike,0.0012774576811733522,0.449,2000,0.34900000000000003,franka,0.798
3acec9687c754522b7de659802e20642,0.9445,2000,cooker,0.02443225677670808,0.185,2000,0.7595000000000001,franka,0.9445
2ffd3c11cacd42bf83a09cd2734c2209,0.9205,2000,record_player,0.002792781228632087,0.679,2000,0.24149999999999994,franka,0.9205
324d5bb9a82a4b178f3811bd66d2c9cb,0.9365,2000,cloak,0.631660978885862,0.633,2000,0.3035,franka,0.9365
b4c88e66eec743a2bd2aa620f161bc0f,0.6395,2000,armor,0.17419201815245894,0.512,2000,0.12749999999999995,franka,0.6395
ee459b806d9b4532a327d7ad6ceae3f5,0.944,2000,propeller,0.19187058735766008,0.3885,2000,0.5554999999999999,franka,0.944
bea3a799cb03498c951bf779e084dc12,0.724,2000,calf,0.002434208189280089,0.629,2000,0.09499999999999997,franka,0.724
657e3cf03f3649908fab291e4e17362b,0.7285,2000,harmonium,0.012434769760766637,0.4845,2000,0.24400000000000005,franka,0.7285
28006272fe514cb68e3a0ac2125734aa,0.849,2000,camper_(vehicle),0.016989602423073426,0.624,2000,0.22499999999999998,franka,0.849
6648a2b904f84a738fdef9ee4eb8c529,0.8825,2000,hummingbird,0.04523101806236037,0.069,2000,0.8134999999999999,franka,0.8825
5c4f8bd8e8c642498f78ecd1afb7d119,0.5975,2000,dress,0.001920154805741831,0.4275,2000,0.17000000000000004,franka,0.5975
78b1016e1a38434b8f4d5741b1f0720c,0.98,2000,balloon,0.0006897808917331994,0.956,2000,0.02400000000000002,franka,0.98
4737f9c898a047a68270f1db2ad635e7,0.7785,2000,armoire,0.0010277261638101417,0.1465,2000,0.632,franka,0.7785
beaa39ee91ed4a7dafd50910536f5cff,0.3315,2000,race_car,0.0013751596807798768,0.411,2000,-0.07949999999999996,robotiq,0.411
efb732c609244c5894ddf896e8612897,0.508,2000,ram_(animal),0.06948252008194941,0.421,2000,0.08700000000000002,franka,0.508
7da72b243c554edaaad43c8439fc614c,0.847,2000,bird,0.16512457334692102,0.494,2000,0.353,franka,0.847
cc9b8def5f5d462d810f30e974322541,0.796,2000,bead,0.13849199647725624,0.762,2000,0.03400000000000003,franka,0.796
5ebb20b9014e4b9c803191c7bb43395f,0.837,2000,mascot,0.00033498355982495746,0.894,2000,-0.05700000000000005,robotiq,0.894
61ac73177fe34cc4973ff98830e10b21,0.0,1836,apple,0.007837812025835705,0.010673234811165846,1218,-0.010673234811165846,robotiq,0.010673234811165846
58ccb06f1a664f79a0d33b28b8e63578,0.7955,2000,table_lamp,0.0006181982501400295,0.6845,2000,0.11099999999999999,franka,0.7955
a6b69fc12d8842f58df2ae0a4ef3ef54,0.319,2000,loveseat,0.034524057489708826,0.275,2000,0.043999999999999984,franka,0.319
712e0cf10fbe43b697bfaa25987c8d9a,0.753,2000,beer_bottle,0.00044580137366655284,0.447,2000,0.306,franka,0.753
7b1b08aaee1c43b99c2d6797a7ee9c34,0.0,547,beer_can,0.0006379766142925235,0.0095,2000,-0.0095,robotiq,0.0095
93f4caa9a2e54d2595b7e16a677b65c8,0.615,2000,beetle,0.019349897663377007,0.33,2000,0.285,franka,0.615
e11d3e8a68374c81acf79d1a021ea8cf,0.584,2000,birdfeeder,0.018085521968847197,0.6165,2000,-0.032500000000000084,robotiq,0.6165
288c01d9890f4871a1041874c5dc9a05,0.701,2000,stylus,0.004271902862095329,0.67,2000,0.030999999999999917,franka,0.701
658ecf9f837246509b0b1c4aa81e9e5b,0.394,2000,candle,0.0032582548974536244,0.4255,2000,-0.03149999999999997,robotiq,0.4255
85f6f00a63b94713b4be4ebee654b430,0.675,2000,knife,0.19893263571325714,0.426,2000,0.24900000000000005,franka,0.675
d5a90f47f32f426e8b4e51c5a4f55b53,0.923,2000,suspenders,0.3747367416961246,0.4785,2000,0.44450000000000006,franka,0.923
b24f1980dea749f59eb8ace6946393ad,0.7055,2000,handbag,0.9014772669555522,0.607,2000,0.09850000000000003,franka,0.7055
93da6ffee73d46ae9bd1aaeb93e185af,0.892,2000,coffee_table,0.00013505243724699554,0.3425,2000,0.5495,franka,0.892
d74165f8f58e40209ce4013c1057ebc4,0.662,2000,breechcloth,0.0021379897386002576,0.51,2000,0.15200000000000002,franka,0.662
9f91b85548314061a7b05d59eee5f7aa,0.957,2000,quiche,0.04793998873501228,0.1965,2000,0.7605,franka,0.957
e95e6bbca085477db65ebf2b8773f67b,0.0,1263,crate,0.017632407794617746,0.226,2000,-0.226,robotiq,0.226
3638ec4cc3de4564be23919a3ecb9b17,0.9265,2000,clock_tower,0.006983642585076559,0.167,2000,0.7595,franka,0.9265
8208e17164a04672bfabc6152ff43e71,0.941,2000,stirrer,0.020162177026193467,0.4185,2000,0.5225,franka,0.941
b573b1c4cf5d42778e701c981de426bc,0.753,2000,chocolate_cake,0.2910766202255085,0.125,2000,0.628,franka,0.753
c123f3bf92224311979f01f5abab3304,0.0,2000,scraper,4.250163760653422e-05,0.1105,2000,-0.1105,robotiq,0.1105
f16b07e60e8440aa848db6f9610a138c,0.421,2000,dirt_bike,0.021995208193815608,0.208,2000,0.213,franka,0.421
60d65f9215d74b4dbf2efef4577403ef,0.425,2000,mushroom,0.0005900118353490756,0.7,2000,-0.27499999999999997,robotiq,0.7
715e7c818f814ca18b83c7f255b6b4e4,0.927,2000,compass,0.011270476852062061,0.418,2000,0.5090000000000001,franka,0.927
4b7a1d998c2c4c068eb48395f69c1ccc,0.0475,2000,birdhouse,0.0011655658046466205,0.222,2000,-0.1745,robotiq,0.222
8fa9f20549c74bc99dc209ac795d7ca1,0.8425,2000,heart,0.025669187012966378,1.0,2000,-0.15749999999999997,robotiq,1.0
aa701db7f39244898f0d79391950c539,0.3355,2000,penguin,0.04973396866810439,0.641,2000,-0.3055,robotiq,0.641
764b0727c9a14a6186a54b99d553d339,0.448,2000,frog,1.1315061565266473,0.2575,2000,0.1905,franka,0.448
be8eb8771d3440cda01a8da1b6ff1eb6,0.805,2000,diary,0.027422236253485367,0.033,2000,0.772,franka,0.805
d5d03e42d4d1495691cbdb7b46d47a7b,0.135,2000,birdcage,0.04384979225154491,0.665,2000,-0.53,robotiq,0.665
15b2fdcb50b046b9b6d4def1835f346a,0.738,2000,helicopter,0.00454947571325368,0.422,2000,0.316,franka,0.738
884a58e5bc1243c285d126a07aa76f02,0.9465,2000,foal,0.7443145135256641,0.3685,2000,0.5780000000000001,franka,0.9465
07b10956418d49aba2981b0af74cff6c,0.746,2000,salmon_(food),0.0009511759029673184,0.1795,2000,0.5665,franka,0.746
4181d0137e0548f291396cf7f387d932,0.0,863,hog,0.0644313441297506,0.4625,2000,-0.4625,robotiq,0.4625
ecdf0110c17a49b79bed826df14b1804,0.8495,2000,crown,0.01089161193183901,0.294,2000,0.5555000000000001,franka,0.8495
8b259ecce3454873844dae472168a137,0.8855,2000,sportswear,0.8118942612401503,0.7325,2000,0.1529999999999999,franka,0.8855
fa931921a8864d029adfd642b13776af,0.1235,2000,oil_lamp,0.15461354259018284,0.2935,2000,-0.16999999999999998,robotiq,0.2935
dc86eae317f941ab8eb065c1a330f594,0.787,2000,antenna,0.013665015231887602,0.568,2000,0.21900000000000008,franka,0.787
837dd873c735472b9fd09d8bb42b6b9d,0.0,406,cupcake,0.011994545228769185,0.138,2000,-0.138,robotiq,0.138
cddac835d6eb49eb8d815708cf37086e,0.8105,2000,chinaware,0.00263398383299154,0.866,2000,-0.055499999999999994,robotiq,0.866
344b6494145c42c19f0a86f590af5309,0.742,2000,wheel,0.1284526169401209,0.089,2000,0.653,franka,0.742
583a67982908427298dd3e9204bdb4f2,0.507,2000,lantern,0.0028153665304115035,0.6845,2000,-0.1775,robotiq,0.6845
256197374670492f8ca1c1a954b2978f,0.633,2000,blazer,0.21022113014209445,0.432,2000,0.201,franka,0.633
21ec96c2259d47f4b6e95ff891abea64,0.331,2000,backpack,0.05959674074112213,0.632,2000,-0.301,robotiq,0.632
68d69bbf7a454a09a2536ac0762532f3,0.0,10,refrigerator,0.11181784602286035,0.0,30,0.0,robotiq,0.0
75aa9519195647d99cf1e2d4863dbe87,0.7045,2000,bookcase,0.05865334345546007,0.1305,2000,0.5740000000000001,franka,0.7045
3e7a2c0bbb4c422f8423b89ccc3dd062,0.4645,2000,egg_yolk,0.00027667429321085433,0.11494252873563218,1044,0.34955747126436787,franka,0.4645
7ac42c966c1343efa2e8b1012c2f4c71,0.7745,2000,airplane,0.06979342804244787,0.49,2000,0.2845,franka,0.7745
497e4096c0bc4828b611aa8063157bd3,0.9325,2000,mirror,0.2356985347521862,0.1785,2000,0.754,franka,0.9325
6a8ee729cbe84c99a4cb96b25ad8d3f3,0.275,2000,ballet_skirt,2.9518490063389948e-05,0.0195,2000,0.2555,franka,0.275
29d638cb929241cc891beefc580b975a,0.7595,2000,fighter_jet,2.0480359670452966e-06,0.3495,2000,0.41,franka,0.7595
ffda30903e744bd3b5bbe22abbfa453f,0.5275,2000,mushroom,0.026773793906610735,0.0875,2000,0.43999999999999995,franka,0.5275
01922143cd9a477d8f5ea5f805637691,0.0,554,seashell,0.12211320760396013,0.346,2000,-0.346,robotiq,0.346
4124562be1a74264b57b561e0908e69a,0.956,2000,wall_socket,0.2509851871142078,0.145,2000,0.8109999999999999,franka,0.956
924e37086e964a459ffafbc9e11ef5cb,0.8635,2000,snowman,2.4729920477445027,0.7675,2000,0.09600000000000009,franka,0.8635
7cc6c57715a443c68dfe591f98cc4341,0.912,2000,water_bottle,0.043975818370324465,0.3695,2000,0.5425,franka,0.912
ae83bed96e414beea7abb0e823d60616,0.703,2000,blazer,0.0328642173238058,0.4205,2000,0.2825,franka,0.703
273742eea2174598baf2ae37524706a5,0.6335,2000,chocolate_cake,0.022374875807366038,0.606,2000,0.02749999999999997,franka,0.6335
120a8eb4bdc948f49d5217e34845ee9b,0.8765,2000,cigar_box,0.0001534534709932735,0.524,2000,0.3524999999999999,franka,0.8765
20be3142dfac419f9c9be9c8aa8ea88c,0.755,2000,pistol,0.2233600813150626,0.24,2000,0.515,franka,0.755
b2e7d7ea5219463a8bd910eb009dcee4,0.7155,2000,seashell,0.07411062966813091,0.386,2000,0.3295,franka,0.7155
b1c66721f837407c9afb305ad7099ff0,0.2955,2000,basketball_backboard,0.003005163485915067,0.181,2000,0.11449999999999999,franka,0.2955
da1301f7148f421698d6b9dc1858d45b,0.883,2000,corkboard,0.004145486982618111,0.1305,2000,0.7525,franka,0.883
231af8e4f0b74c5195062cb2fcc4eccf,0.527,2000,desk,0.13810097721681322,0.2535,2000,0.2735,franka,0.527
14f79e288012404cb7ebb21df3acca2f,0.8,2000,violin,0.0005826211982002537,0.2885,2000,0.5115000000000001,franka,0.8
665ab73155a44d91908519d84e5fd002,0.845,2000,fish,0.0012123645466248158,0.7615,2000,0.08350000000000002,franka,0.845
3d1fd419dcae41b3a3bc3869d850df79,0.346,2000,bulldozer,0.052475482645862534,0.44,2000,-0.09400000000000003,robotiq,0.44
8702f71889c84e8a9df86f508073fac4,0.995,2000,postcard,0.0004396219340073856,0.288,2000,0.7070000000000001,franka,0.995
8e75a83817dd4ab4b679f1637e79ef78,0.539,2000,octopus_(animal),0.01986183385709869,0.497,2000,0.04200000000000004,franka,0.539
197e75de6b454be18ca4a0829ef2d522,0.3205,2000,octopus_(food),0.013525566398498485,0.433,2000,-0.11249999999999999,robotiq,0.433
fb9b63acfa154b8681fa379eedfd6e9c,0.846,2000,rhinoceros,0.024419187246196256,0.918,2000,-0.07200000000000006,robotiq,0.918
9220bbc708b64d79983a54a5f4ff198c,0.914,2000,chopping_board,0.2695178529284627,0.102,2000,0.812,franka,0.914
24f0c5db0f4548f09bbdc57cc61a4353,0.799,2000,thermos_bottle,0.044135198576395494,0.746,2000,0.05300000000000005,franka,0.799
37a029f9ea184950a62b309f62ab6476,0.4965,2000,bookcase,0.00010581362713068474,0.4445,2000,0.05199999999999999,franka,0.4965
73fe9da4a34c4eda9118caa6df8be27d,0.8955,2000,wristlet,0.012593833315484552,0.2285,2000,0.6669999999999999,franka,0.8955
1b763ca9aed0435083784b11317f6871,0.868,2000,coffeepot,0.020675805735792755,0.6255,2000,0.24250000000000005,franka,0.868
856833d6b91b4af4bcc5a41a941ecde6,0.667,2000,mammoth,0.00016821224602201504,0.36,2000,0.30700000000000005,franka,0.667
84874120faa84b89b65e8c9ee6b53559,0.402,2000,mask,0.0016630053188055615,0.116,2000,0.28600000000000003,franka,0.402
e39cc079f57748a5b1c16d22557cf1f6,0.695,2000,pastry,0.39585815222070775,0.1875,2000,0.5075,franka,0.695
58d67796a3bd412894c113a797b3f3cf,0.9535,2000,fork,0.009398606544531056,0.009,2000,0.9445,franka,0.9535
08318294c24f4ccf968bfa046a327003,0.896,2000,skateboard,0.01954149882421747,0.5335,2000,0.36250000000000004,franka,0.896
811b15416aa240a49cbb287426ffc73e,0.8395,2000,ring,0.00362484394721026,0.6575,2000,0.18200000000000005,franka,0.8395
bcf188051a9d46c2b66c2973a93d154b,0.959,2000,card,0.017030401575390625,0.232,2000,0.727,franka,0.959
74c33d16b31346f1a46a55c3ec8e8a78,0.4785,2000,polo_shirt,0.0002309496164809142,0.512,2000,-0.03350000000000003,robotiq,0.512
48ee683c9f194d6c8a22f1c1c2425294,0.7835,2000,chinaware,0.0006178310699447723,0.6135,2000,0.16999999999999993,franka,0.7835
68bd0f6ba698402c9fe630a3db9f5d76,0.769,2000,phonograph_record,0.008719474898988883,0.5395,2000,0.22950000000000004,franka,0.769
307c5e4477254322995fd5b9d00bca53,0.653,2000,elk,0.03734214778068304,0.4155,2000,0.23750000000000004,franka,0.653
a1e25d0e8f5d4b2199d5f1288ec9aedb,0.343,2000,casserole,0.06017103684886786,0.635,2000,-0.292,robotiq,0.635
7a91dd2508d44405badf7eb96e2e32d4,0.5645,2000,gull,0.004073960040276492,0.206,2000,0.35850000000000004,franka,0.5645
fb83cd5fdc114bceb9367dcbe00a33a5,0.9255,2000,fedora,0.0059248089399319024,0.158,2000,0.7675,franka,0.9255
e55ce2838c6b4ae49149586af72124fb,0.6855,2000,canister,0.5035732119746664,0.5125,2000,0.17300000000000004,franka,0.6855
540aabf3688542a1a151169b786d4696,0.574,2000,puppet,1.400627994676169,0.585,2000,-0.01100000000000001,robotiq,0.585
5dc1b42d62274634b20e287b8df39b86,0.822,2000,sherbert,0.03865822755103147,0.3335,2000,0.48849999999999993,franka,0.822
c783f1a0da0142e687c62a2c056b72b7,0.953,2000,coatrack,0.18102778506861367,0.403,2000,0.5499999999999999,franka,0.953
d039718acc6842cc9ae40de0740716b4,0.9455,2000,parking_meter,0.000697449454021604,0.59,2000,0.35550000000000004,franka,0.9455
8ff20045aea4402bbd864e75f4099cec,0.0,1749,can,0.2172347900400288,0.0005,2000,-0.0005,robotiq,0.0005
b84057b1e88641549f35733c1fd23218,0.928,2000,turtle,7.689553693691927e-05,0.205,2000,0.7230000000000001,franka,0.928
a25c537932e84ef693de2cdbfc9dd22d,0.935,2000,computer_keyboard,0.021931271177178805,0.708,2000,0.2270000000000001,franka,0.935
fd541686c4ea4e2abe8e0b6ffb0414f2,0.8465,2000,dolphin,0.014074437112814425,0.44,2000,0.40650000000000003,franka,0.8465
74f4aa5c5a9a40d1bc3d7e11820cd66c,0.787,2000,bear,0.008436549672126968,0.56,2000,0.22699999999999998,franka,0.787
c8fdea645b324b5ead6c01b1d48c33d3,0.815,2000,freight_car,0.001506539205348279,0.4,2000,0.4149999999999999,franka,0.815
7b5f0fc68ce34c78a98a1454597a8897,0.9495,2000,bedspread,0.033958209718171734,0.8835,2000,0.06600000000000006,franka,0.9495
6ae2bf4d943b4e7eb2df4e21edc8c513,0.2565,2000,puffer_(fish),7.906763158954715e-05,0.442,2000,-0.1855,robotiq,0.442
d5a7d3ecec614226bd1a805b3f93c633,0.7715,2000,airplane,0.01572654132100554,0.3585,2000,0.413,franka,0.7715
72208a74546e4e3590bd2acf43dc330a,0.9185,2000,camper_(vehicle),0.0002097768790920184,0.763,2000,0.15549999999999997,franka,0.9185
45062a04f38f441e8dd626f91f17045f,0.7865,2000,dove,0.20162031462627447,0.8095,2000,-0.02300000000000002,robotiq,0.8095
d2213888b4974bd8a58a8c82e70a79db,0.5155,2000,bouquet,0.3165906043268226,0.12,2000,0.39549999999999996,franka,0.5155
caee2ddea3f64380af5983448e6fed2e,0.016,2000,chocolate_milk,0.13760455028241358,0.635,2000,-0.619,robotiq,0.635
48d4737e33144b689a31da00a3811a1f,0.504,2000,lettuce,0.25231403981517747,0.9795,2000,-0.47550000000000003,robotiq,0.9795
712934873dc242f385c17ff6a272b1a6,0.7055,2000,skirt,0.0007886166183526154,0.5025,2000,0.20300000000000007,franka,0.7055
ccc140b40bb74b23b83fc16a37f528c1,0.0,2000,soup_bowl,0.004953543569712897,0.1595,2000,-0.1595,robotiq,0.1595
5e9f5c59b23340828ae2599b4da19fb8,0.383,2000,pie,0.9319463663232432,0.3275,2000,0.055499999999999994,franka,0.383
79ce99d39e554fc99102b56d5e786bae,0.4815,2000,lizard,0.007514527693225373,0.271,2000,0.21049999999999996,franka,0.4815
c6b2600e065644dbb1fac6858b7b5c61,0.612,2000,cabinet,0.0014666350942849893,0.3005,2000,0.3115,franka,0.612
f864488cb5d5482fb866844309f8195b,0.9765,2000,solar_array,0.18234579052520677,0.0485,2000,0.928,franka,0.9765
c1f6de6cdff84adea0b483af8a4d4362,0.157,2000,teapot,0.12157444234765209,0.311,2000,-0.154,robotiq,0.311
4900df561f094b6199d923c338cf7273,0.6765,2000,elephant,37.547579713305716,0.4495,2000,0.22699999999999998,franka,0.6765
ccf0973679bf4f6cbaaf0cf964313399,0.818,2000,walking_stick,0.010113850997430457,0.452,2000,0.36599999999999994,franka,0.818
b3baec9295904001874f8458ff73068a,0.7305,2000,headboard,0.06086911796043704,0.14,2000,0.5905,franka,0.7305
5954ff00a1df4147b83fa69b8ce47221,0.7125,2000,can,0.03568094707018003,0.5435,2000,0.16900000000000004,franka,0.7125
712a551ed8124820908029199922bd22,0.9095,2000,cube,0.0011399517576241584,0.5425,2000,0.367,franka,0.9095
1dd3f252a4344e0bab7d634555f0a052,0.269,2000,ring,0.012647384606996687,0.1585,2000,0.11050000000000001,franka,0.269
e2ddd47551554308877cc1177117867e,0.8435,2000,fan,0.010313185977088619,0.583,2000,0.26050000000000006,franka,0.8435
a28ada3a10fc48a4ad118e11d8e7c97c,0.6955,2000,straw_(for_drinking),0.01802778383505086,0.161,2000,0.5345,franka,0.6955
c440d78639b74e77ba6ae375f9cbf5b7,0.726,2000,clock,0.0010891736304170692,0.603,2000,0.123,franka,0.726
5b70904b26774f37aa9c2515a7a36fd8,0.7115,2000,broach,9.37985576241584,0.1955,2000,0.516,franka,0.7115
c78f13f842714863800899014754392a,0.9485,2000,calculator,0.782492535865088,0.426,2000,0.5225,franka,0.9485
cc7dd2fd60b54d089cb59e98fd9ea0c9,0.711,2000,elephant,0.4513916084643916,0.505,2000,0.20599999999999996,franka,0.711
0e31066f7a364cf8993a0b3c08daebf5,0.8405,2000,shower_curtain,0.00026266379289155087,0.435,2000,0.4055,franka,0.8405
2eb74b9524164d418c16c2e5d40a27c4,0.4165,2000,pizza,0.02230936049732147,0.213,2000,0.2035,franka,0.4165
9e896708ad99490da7dd962ecc047b06,0.688,2000,wedding_ring,0.0032668087976896105,0.703,2000,-0.015000000000000013,robotiq,0.703
7c5e617e522441f8b3c60386d2d8c257,0.0,1907,beer_can,0.016238145887490594,0.266,2000,-0.266,robotiq,0.266
0db9d20286ab4a41ac4357db3c4ee435,0.852,2000,atomizer,0.0067665254271734865,0.318,2000,0.534,franka,0.852
b32cfba9c01d436f8eb3083ba248c186,0.4605,2000,jeep,0.0003337290058695579,0.629,2000,-0.16849999999999998,robotiq,0.629
d7feee089e644cbda0c1cc3b0bc885ff,0.9935,2000,lemon,0.0008461344649729499,0.3605,2000,0.633,franka,0.9935
185188e95bee4edaab7d5e255b509c62,0.182,2000,army_tank,0.21722777737512874,0.2685,2000,-0.08650000000000002,robotiq,0.2685
4e8debdfc7954e2ebfd93e0e228db9f7,0.908,2000,windmill,0.017616674812017792,0.5925,2000,0.3155,franka,0.908
01e351b9603f4fd898e3e2ffbc42af92,0.656,2000,pottery,0.0035808777321748664,0.3635,2000,0.29250000000000004,franka,0.656
aac24dd940994c8c9d84931e44508fea,0.668,2000,frog,0.030740571908868627,0.8,2000,-0.132,robotiq,0.8
796d74f06af34ced92f2085f660c17b7,0.2,2000,washbasin,0.008014051685022575,0.0225,2000,0.17750000000000002,franka,0.2
451f4ebe5318469db152d089909c905e,0.941,2000,wind_chime,0.00020097230160705154,0.552,2000,0.3889999999999999,franka,0.941
2a8632e9355948ad97c129f957c2ad09,0.902,2000,mug,0.0041793260734805954,0.1915,2000,0.7105,franka,0.902
a9ef254661fd413dab00f33bf06d80bd,0.96,2000,wheel,0.01696028455646385,0.0085,2000,0.9515,franka,0.96
0592fecb8a124d598befd935159bd561,0.465,2000,cappuccino,0.00025920974562703537,0.2055,2000,0.25950000000000006,franka,0.465
63fdf43be04845a39f073b00f3f5c714,0.39,2000,polar_bear,0.3102703489957264,0.22,2000,0.17,franka,0.39
e13c985857324b48b7dfa4092171d6b6,0.949,2000,cracker,0.08364089806924738,0.084,2000,0.865,franka,0.949
ca544918e2ad41cea0a460ed15a2a7f0,0.9185,2000,fork,0.2536361530350212,0.3345,2000,0.584,franka,0.9185
7321bcd170d64cc9bf3a824ccb1383ac,0.5525,2000,shark,0.019550109555933056,0.317,2000,0.2355,franka,0.5525
13a3d70752fd4622aac14806f7c7f947,0.956,2000,duckling,0.060119367221484685,0.024,2000,0.9319999999999999,franka,0.956
158970a7d7a044588235c2e73793fe41,0.4795,2000,bulldog,0.05028801170003445,0.3755,2000,0.10399999999999998,franka,0.4795
c83fd12998524dcab47e8127bb22dc00,0.739,2000,stove,0.02300284250857909,0.5105,2000,0.22850000000000004,franka,0.739
876e268cbe6846c4b4d9ce8370c21f6f,0.0,2000,crate,22.680974651964394,0.381,2000,-0.381,robotiq,0.381
2c85462806374ebf92b16cec4ad16f16,0.9385,2000,steak_(food),7.530537398803409e-05,0.538,2000,0.40049999999999997,franka,0.9385
8b53d504de26437c8b677f224bf9d711,0.702,2000,award,0.004897265925734967,0.4505,2000,0.25149999999999995,franka,0.702
5de582634cfe4c348e7fe81f1d29bf02,0.8365,2000,dagger,7.185163276623856e-05,0.5825,2000,0.254,franka,0.8365
b983f3959db641ef8b2870489de95b04,0.965,2000,vending_machine,0.04280765283644605,0.464,2000,0.5009999999999999,franka,0.965
a2b56b6bebfa4388a349eba131572a6f,0.8935,2000,computer_keyboard,0.0001610275662981079,0.803,2000,0.09049999999999991,franka,0.8935
b02f0340d5e54512a41ea4e93240ada6,0.94,2000,sword,0.013244860919266455,0.332,2000,0.6079999999999999,franka,0.94
2bd168a944884e69ae1c0bb13489cef2,0.892,2000,figurine,0.021481859163993387,0.8495,2000,0.04249999999999998,franka,0.892
df85ba4998d841f7837cd7e04cb39f90,0.383,2000,gemstone,2.3352487731314353,0.147,2000,0.23600000000000002,franka,0.383
c1e465c8a30b4fe7ae14451f71c92ddb,0.247,2000,pipe_bowl,0.1563992709701835,0.6295,2000,-0.38249999999999995,robotiq,0.6295
0a5f52a298864b20a290fae141c2791b,0.058,2000,horned_cow,0.08598138665247682,0.174,2000,-0.11599999999999999,robotiq,0.174
d8c00a03f1f540d398d8a4dbb5dbb996,0.815,2000,toilet,0.0008486387998331309,0.9225,2000,-0.10750000000000004,robotiq,0.9225
f0452a4970e04fc6960bb00bf02d5890,0.8275,2000,clipboard,0.0003152797357251908,0.533,2000,0.2945,franka,0.8275
374adbda2ee649ab862c770545967c5a,0.718,2000,seahorse,0.3343342775906604,0.402,2000,0.31599999999999995,franka,0.718
d42dfb82a65a49f99a281335e3b2105c,0.456,2000,wine_bucket,0.05005587258623637,0.079,2000,0.377,franka,0.456
585b5b27bb2a41faadb3c8675658550d,0.7175,2000,wrench,0.01135041559637597,0.6805,2000,0.03700000000000003,franka,0.7175
63630134a61b488fb95b6b83243bcfa0,0.5045,2000,bench,0.03977868391999845,0.3795,2000,0.12499999999999994,franka,0.5045
8ea23673d5314509960f8967a45ea761,0.8555,2000,suit_(clothing),0.062194166889554765,0.5205,2000,0.3350000000000001,franka,0.8555
6addefc69e1c46e388d2a40dbebf1aa1,0.658,2000,streetlight,0.07446635194308372,0.5375,2000,0.12050000000000005,franka,0.658
083667a9aa0b4838895a701861616887,0.878,2000,dress_suit,0.0034468554165718716,0.6475,2000,0.23050000000000004,franka,0.878
5d9771cd0b2e4b7f933d96087790d57f,0.7055,2000,jacket,0.0298207031203656,0.4465,2000,0.259,franka,0.7055
6cc3855fa5474bf0a11ccd66b12ab513,0.638,2000,seashell,0.0029693763504263595,0.838,2000,-0.19999999999999996,robotiq,0.838
3c7a36f25c5f464e8b75d69e69ea49b9,0.837,2000,control,0.031178748792841226,0.705,2000,0.132,franka,0.837
8c53c3bdc53c42d6adf7f0b415d6e7bc,0.5525,2000,lizard,0.005930070950230783,0.422,2000,0.1305,franka,0.5525
64d48441121e463e8d9aae2fbd47cda0,0.098,2000,violin,0.001696227228491833,0.071,2000,0.02700000000000001,franka,0.098
9dedea6fb5c54b2a871204d7a3403760,0.283,2000,pony,0.034051821936808425,0.299,2000,-0.016000000000000014,robotiq,0.299
d2fc53c079144e6cb7d4770a3e8e603d,0.6095,2000,passenger_ship,1.3549897146716117,0.4435,2000,0.16600000000000004,franka,0.6095
3da99d95bb1b4555b06f1ecc7e4667c2,0.766,2000,ambulance,0.03145921476235021,0.4955,2000,0.2705,franka,0.766
8ab20ab8b3e549fc97e48923c7f287be,0.0,405,camera,0.06623022612658762,0.098,2000,-0.098,robotiq,0.098
c0ae5edb08064ce4bcd1c7d88e68b30b,0.381,2000,telephone,3.0911423843182337,0.3675,2000,0.013500000000000012,franka,0.381
e219778f802f40a59f87ca92d2c5be80,0.9885,2000,passenger_car_(part_of_a_train),2.1614160320866158e-06,0.2325,2000,0.756,franka,0.9885
5c590c42fb5e401e8add8528ccd6e900,0.851,2000,gull,0.004574931913219622,0.546,2000,0.30499999999999994,franka,0.851
76e4af37bf424495bb4c195229168914,0.4125,2000,kettle,0.0698453807544141,0.7435,2000,-0.33100000000000007,robotiq,0.7435
ec1a1391646a492f907615c661d7764f,0.8955,2000,mail_slot,0.002044942606805988,0.256,2000,0.6395,franka,0.8955
c9c96db118264616adce39b362eae928,0.782,2000,train_(railroad_vehicle),0.020138551524399872,0.4965,2000,0.28550000000000003,franka,0.782
aa39dc5c45904e179a8c8f849f2c9cc1,0.0555,2000,foal,0.13636819948382123,0.019,2000,0.036500000000000005,franka,0.0555
eb6fe03160f943c4adc5c731a435124e,0.8925,2000,jet_plane,0.007899409293539796,0.252,2000,0.6405,franka,0.8925
bad5e04d290841779dad272897f384e1,0.9785,2000,cellular_telephone,0.0002208130962195702,0.1805,2000,0.798,franka,0.9785
aeab582353c34b85af07b7528bf6d611,0.0465,2000,school_bus,0.028997110911753915,0.463,2000,-0.41650000000000004,robotiq,0.463
d1367b53a8f541b39f6fbd8ce7bd4b48,0.0,197,air_conditioner,0.08666524186520758,0.0505,2000,-0.0505,robotiq,0.0505
3a41950fe09d41efbf59b3b9a3ca81dc,0.852,2000,headboard,0.07093761397420353,0.3905,2000,0.46149999999999997,franka,0.852
18b2160d27d54850906d4dfe7e90d63f,0.6745,2000,railcar_(part_of_a_train),6.154464489894987e-05,0.284,2000,0.3905,franka,0.6745
0d1b8a42f16049fcb61a28cbd2c57376,0.959,2000,headboard,0.00040814609887512306,0.3195,2000,0.6395,franka,0.959
e912b8f2da144a3fb997a3802df64806,0.0435,2000,wok,1.8772840609009063,0.4035,2000,-0.36000000000000004,robotiq,0.4035
97af0dda95fb4025905e9b134c3b1627,0.868,2000,machine_gun,0.19854779445825588,0.6175,2000,0.25049999999999994,franka,0.868
d94d4a66566147179144c88da741525e,0.8925,2000,sherbert,0.06863639060695446,0.378,2000,0.5145,franka,0.8925
ef4893a3b6554100b653ef2434a909e1,0.892,2000,magnet,0.0011444853658671445,0.8715,2000,0.020499999999999963,franka,0.892
72a394cdac1545e29100509a83a3e0c8,0.465,2000,fig_(fruit),0.5904308262231409,0.474,2000,-0.008999999999999952,robotiq,0.474
8a22e6c7237044da9494812643897ff8,0.1735,2000,flipper_(footwear),0.002296011411850693,0.0835,2000,0.08999999999999998,franka,0.1735
44b6c784e189434596f126df05b7dfe2,0.984,2000,pen,0.32416942540575877,0.331,2000,0.653,franka,0.984
1c17e217e6264dfda3d343a311e1167d,0.9145,2000,popsicle,0.001698239803624298,0.4755,2000,0.439,franka,0.9145
8de5d8f3c31f45b997feea9067b69f45,0.875,2000,banana,0.05086029074845879,0.648,2000,0.22699999999999998,franka,0.875
c51490f95ced46a9ba82cb6888cd2117,0.177,2000,mask,0.07660335038000192,0.318,2000,-0.14100000000000001,robotiq,0.318
0d1971dfade24524aa4c3307b4104def,0.298,2000,pan_(for_cooking),0.10923447295310745,0.1795,2000,0.1185,franka,0.298
98dec21894e14ef1b4abf1ef233cfb8f,0.9845,2000,vending_machine,0.0003747765024884185,0.9075,2000,0.07700000000000007,franka,0.9845
f73a98c541a74f3ea90f27262fd3219f,0.7515,2000,sugar_bowl,0.00022334542973103362,0.7815,2000,-0.030000000000000027,robotiq,0.7815
621f6c1de14045b0a017e5bcf51b1e02,0.815,2000,nutcracker,0.0009242103402511458,0.5415,2000,0.27349999999999997,franka,0.815
20026b96c5144e5b923f1c8c4f8d41e7,0.924,2000,fan,0.08285457673257507,0.445,2000,0.47900000000000004,franka,0.924
7a295697360645fdb1dab4947fa10ae6,0.22072538860103627,965,cupboard,0.11471322043687307,0.258,2000,-0.037274611398963736,robotiq,0.258
3b7fded75f2d411ca393e4c4150ba5ac,0.0,1290,bell_pepper,0.0017855009443572471,0.429,2000,-0.429,robotiq,0.429
e443d31dc4de49e683f1674bdca468c1,0.719,2000,lizard,0.00010702191332221379,0.407,2000,0.312,franka,0.719
e544c0ab1ed24b4d84196fccd41c92b0,0.0,152,crisp_(potato_chip),0.06291363552836884,0.047,2000,-0.047,robotiq,0.047
881e233eb56a47a98309ad68158494cc,0.651,2000,loveseat,0.1017909998960221,0.1995,2000,0.4515,franka,0.651
c8bd51746dba48c1b6dc014a50a84aa3,0.8285,2000,printer,0.05337341580096985,0.5165,2000,0.31200000000000006,franka,0.8285
9f0ea94c07814620be748dbc7bfd24b2,0.9395,2000,rifle,0.0016437670469238656,0.429,2000,0.5105,franka,0.9395
27a3e46fa9624da599a868eade2dc263,0.7885,2000,carnation,0.16774120292851377,0.26,2000,0.5285,franka,0.7885
ae6ff29457044f2288f9b209c5c38c3e,0.823,2000,step_stool,0.07665970591948966,0.3455,2000,0.4775,franka,0.823
a4d37da48f794ff5b2844d0706c5e4c7,0.802,2000,penguin,0.001263992283181278,0.886,2000,-0.08399999999999996,robotiq,0.886
520243df8f944a6bbbb31a4c24a22cf6,0.892,2000,bookcase,0.0877921619533379,0.2515,2000,0.6405000000000001,franka,0.892
14f4dae729bd44a69e2068a96d5adec3,0.914,2000,wrench,2.1537039359693444,0.433,2000,0.48100000000000004,franka,0.914
dfed97ce1fe44f11a7a62def17c6d1ad,0.853,2000,hot-air_balloon,0.0007208752816171897,0.7835,2000,0.0695,franka,0.853
ea09ce8bd3554d6ebbd61fec548bef7c,0.635,2000,skateboard,0.12341080949307648,0.324,2000,0.311,franka,0.635
ce195c7adddb44d2bf963c526756362a,0.0,2000,dresser,0.166492563788866,0.0575,2000,-0.0575,robotiq,0.0575
dc797a35886940e19cc79edeb69ec933,0.4155,2000,baseball_cap,1.0702120729051567,0.0945,2000,0.32099999999999995,franka,0.4155
f91c7d2ed9824ccf8b52f8e99235dce9,0.8095,2000,wedding_ring,0.007875298046719171,0.5375,2000,0.272,franka,0.8095
da9675eb54df434584c38b35c1b6acdf,0.9175,2000,Tabasco_sauce,0.004198685674738629,0.186,2000,0.7315,franka,0.9175
ff4a7d378974430aa811ec3c57bfec7e,0.8325,2000,cock,0.08265463805381125,0.9605,2000,-0.128,robotiq,0.9605
0c6981ec2067481cae6d87c2021f6442,0.622,2000,curtain,0.02916056702718295,0.5595,2000,0.0625,franka,0.622
25d560b92b2d4f00b1ea4b7f91c8112c,0.0385,2000,bicycle,0.0064992942305757756,0.0255,2000,0.013000000000000001,franka,0.0385
f7e3e961d25e46689a6bb3721c06ac36,0.243,2000,turtle,0.059149082301895986,0.2425,2000,0.0005000000000000004,franka,0.243
d6af989868a84939a4f12db2e8334523,0.2835,2000,flag,0.028305827669719133,0.228,2000,0.055499999999999966,franka,0.2835
5f7e0d429a9d41e0b6c60ec56715f959,0.7245,2000,wolf,0.001736685208011127,0.4725,2000,0.25200000000000006,franka,0.7245
74a54eea8293455baf97a25f7eb88cd0,0.987,2000,toothbrush,0.0938121426883684,0.3785,2000,0.6085,franka,0.987
fdf8f4480d874f4c8cc2841727051da2,0.0,62,melon,0.006582188356236768,0.547,2000,-0.547,robotiq,0.547
b2a553ae36a8452cba40a6ba1ce7c363,0.439,2000,frog,0.034821875187155384,0.2615,2000,0.1775,franka,0.439
8d9b27f829e04575a54c231c8e8151b8,0.8335,2000,bass_horn,0.09946506371430201,0.598,2000,0.23550000000000004,franka,0.8335
05efc9f676bc4e21a928cb8f2ac01bac,0.0,2000,heart,0.5796851020138274,0.027,2000,-0.027,robotiq,0.027
cc6bc30cdb8645fa8eba878ad854f802,0.8405,2000,guitar,0.0030076850147153673,0.6715,2000,0.16900000000000004,franka,0.8405
e116c89672564c32975893a29d61bb74,0.0,1665,dresser,0.2659303161716119,0.1205,2000,-0.1205,robotiq,0.1205
353d9e6667a042b5b086302f1309ce8a,0.842,2000,chocolate_cake,0.27964085522493676,0.086,2000,0.756,franka,0.842
2b49217b330e478ab0c7b794ce395e65,0.8885,2000,knife,0.010831463544728626,0.444,2000,0.44449999999999995,franka,0.8885
35b52fb518b84af98361a5b44f767bca,0.567,2000,patty_(food),0.001591241165492965,0.483,2000,0.08399999999999996,franka,0.567
f323dc9f6b804e8c9b6bfa9f781e4241,0.921,2000,soupspoon,0.00034792478631309824,0.37,2000,0.551,franka,0.921
f2164204caca40a898b3366b17b0fc8e,0.7055,2000,nightshirt,0.0596349249426219,0.555,2000,0.15049999999999997,franka,0.7055
6e90e98c65d04877b2dfbcc80956de04,0.4635,2000,pickup_truck,0.001264223394582783,0.554,2000,-0.09050000000000002,robotiq,0.554
e36950b9b76f427b8fb36465e06f7c9f,0.0,465,keg,0.008779731004232443,0.0005927682276229994,1687,-0.0005927682276229994,robotiq,0.0005927682276229994
77c72e749da24942b34cc2d2959d66bf,0.8235,2000,school_bus,0.03148912492567842,0.709,2000,0.11450000000000005,franka,0.8235
72865245ea7240d38d2ef575882b35d0,0.2185,2000,duckling,0.00661375278405906,0.98,2000,-0.7615,robotiq,0.98
a63b986464e0458ca5418d94abadbc05,0.8915,2000,ice_maker,0.0023529871502824032,0.1385,2000,0.7529999999999999,franka,0.8915
23f23629f35042d78f7ad8f875a49afc,0.2575,2000,fighter_jet,0.0043661021641728205,0.099,2000,0.1585,franka,0.2575
2531db6c8aaa4775a08f5efdcc1f09f8,0.8645,2000,vacuum_cleaner,0.026959094990717795,0.456,2000,0.40850000000000003,franka,0.8645
7474b28305914cb984443b4a822db768,0.9145,2000,computer_keyboard,0.40710918184733763,0.431,2000,0.4835,franka,0.9145
3a87780ff9c9462db4fda9287f348f4c,0.7675,2000,washbasin,0.15668049669230372,0.6785,2000,0.08899999999999997,franka,0.7675
8cf02cdc5fe544b6960d66d70193a86a,0.7965,2000,jacket,0.1556752620993019,0.4915,2000,0.305,franka,0.7965
eb644c3c1c3c4d129afb0677312312e8,0.7005,2000,dress_suit,0.09774032119879901,0.4465,2000,0.254,franka,0.7005
e0c620fa26814303834a42b3a0e09808,0.29,2000,dalmatian,0.020102003318166712,0.4815,2000,-0.1915,robotiq,0.4815
279e35dcd5ae4b769bfcd482f48c84a3,0.8765,2000,jet_plane,0.0023154166656153053,0.431,2000,0.44549999999999995,franka,0.8765
b831f699de284f4b9b2a30485c2b8b75,0.85,2000,trunk,0.016800855978845824,0.3685,2000,0.4815,franka,0.85
4e5f458de0884bf8a5b460b2bfdf3c41,0.962,2000,wall_socket,0.01253189219039737,0.126,2000,0.836,franka,0.962
1e524fe8e0e546d69baff4d6e20e7533,0.0,1334,microwave_oven,0.29295125889441415,0.0075,2000,-0.0075,robotiq,0.0075
4044fb4864184c0fa360bf327a84ee4d,0.7485,2000,guitar,0.0007893017959414714,0.4975,2000,0.25100000000000006,franka,0.7485
67e0432c7bea402f9fe6a8bd4073146f,0.0,1405,barrel,0.06938174459727722,0.0,2000,0.0,robotiq,0.0
861c08fde35842b9ab9482e411f0e178,0.9415,2000,pliers,0.00176560613782584,0.5045,2000,0.43700000000000006,franka,0.9415
4db924f2eb5f43928a826244e88768dc,0.5315,2000,costume,0.1677531648678804,0.4775,2000,0.05399999999999999,franka,0.5315
4fe2230f28e74b349fd8b79b52b38282,0.931,2000,sword,0.02088873412391213,0.3375,2000,0.5935,franka,0.931
aab131e254f24e2abefef68ba774688a,0.0005,2000,mushroom,0.6482296036313645,0.64,2000,-0.6395000000000001,robotiq,0.64
869232e678ba4f2e89feb9f6d334a663,0.5805,2000,elephant,0.07269055480794714,0.3305,2000,0.25,franka,0.5805
8aa0a3ac43364e12a14769e8555662de,0.0,48,apple,0.0002586157843734917,0.0,5,0.0,robotiq,0.0
aae5189bef93439380822b7e7dad3ac2,0.782,2000,chair,0.13908596969731551,0.5275,2000,0.25450000000000006,franka,0.782
eb870106a5894238ad01ea6805f5905f,0.8645,2000,dispenser,0.00011012088536407334,0.545,2000,0.3195,franka,0.8645
db8f248b9c6b4149ba1125f3174e90ac,0.9045,2000,monitor_(computer_equipment) computer_monitor,0.0006544531992175146,0.1095,2000,0.7949999999999999,franka,0.9045
eff6e370ce5949e5b7bb613b306df711,0.917,2000,wineglass,2.0678467387538144,0.642,2000,0.275,franka,0.917
6fc4fb026f0b4cea9b504da6215f27a7,0.8095,2000,banana,34.42157162402272,0.5155,2000,0.29400000000000004,franka,0.8095
82816baa5fb44156aa4d6c1e82745de4,0.996,2000,brass_plaque,0.005328939630165274,0.057,2000,0.939,franka,0.996
051152bb1331491eb5794b886b6e5f96,0.519,2000,dinghy,0.0018566340881945522,0.267,2000,0.252,franka,0.519
604886640ac948f1980d81bc4a3ed7cf,0.642,2000,bed,0.0002929585982159538,0.309,2000,0.333,franka,0.642
b549e94cddf74e56a8177c799e45e633,0.9465,2000,crate,0.0011466660275558035,0.1615,2000,0.785,franka,0.9465
c2d0be1d829044be919771983b617aed,0.364,2000,rabbit,1.4092645652712201,0.4645,2000,-0.10050000000000003,robotiq,0.4645
64fdc917a7934b07a1ac3287e9ade405,0.0,2000,medicine,0.1689321818930672,0.0125,2000,-0.0125,robotiq,0.0125
b6cfaa69e16b46fe92b98e939642b630,0.7725,2000,grater,0.777179726164424,0.0565,2000,0.716,franka,0.7725
3fd7744bb84042c2b74c96e28c850f18,0.6605,2000,costume,0.06455729753010732,0.503,2000,0.15749999999999997,franka,0.6605
700b552e2a1c4080a5582e23ca379cd2,0.176,2000,gemstone,0.06160660457265648,0.2665,2000,-0.09050000000000002,robotiq,0.2665
ed2c74f57f2f44f78361bda1c0c0952b,0.8015,2000,television_set,3.0986470940307056,0.619,2000,0.1825,franka,0.8015
6984d8d0f77b462ea908a4463c8f4c72,0.8835,2000,hammer,0.004281970163294015,0.5765,2000,0.30699999999999994,franka,0.8835
d73c6dbe98ed44638f549f8a9fc81996,0.529,2000,snowman,0.055961450453135074,0.5525,2000,-0.023499999999999965,robotiq,0.5525
33fb4b71dbb4421a86427d56d892587a,0.652,2000,watering_can,0.003031126139208515,0.6475,2000,0.0045000000000000595,franka,0.652
bb46b012c6134f86bc6639d0494b2b4d,0.913,2000,diary,0.11212014292132147,0.089,2000,0.8240000000000001,franka,0.913
dd6a424807614544835c8cc4529d6f0d,0.309,2000,strawberry,0.2645309077253143,0.7395,2000,-0.43050000000000005,robotiq,0.7395
638001f45d294f4594546895ab88ee9a,0.5485,2000,gargoyle,0.015012740821169301,0.267,2000,0.2815,franka,0.5485
feba47844ff34ca094f9233f6ee09cfb,0.771,2000,seabird,0.017092640770752208,0.5885,2000,0.1825,franka,0.771
6f7aab8d6baa4e4bb9d4000dcee7c52a,0.9365,2000,pipe,0.14335635847474304,0.4225,2000,0.514,franka,0.9365
00a776f578304cce8c096fc0034582ef,0.885,2000,heron,0.26395169253974005,0.395,2000,0.49,franka,0.885
bf1e66a733554a3cbd2d330260bae830,0.8435,2000,pistol,0.019234033061164477,0.478,2000,0.36550000000000005,franka,0.8435
b87d332af8094cc495292f6d711422b4,0.5445,2000,sheep,0.26592763362512284,0.681,2000,-0.13650000000000007,robotiq,0.681
9678e12f2bae4445ae230cfab9b653f2,0.621,2000,parrot,0.008629554624392478,0.4155,2000,0.20550000000000002,franka,0.621
16fc20d9d6564adb84ea27e35778da06,0.068,2000,streetlight,0.007876081280695722,0.026,2000,0.04200000000000001,franka,0.068
c4f6141878534efbb2f0add1c4d99d27,0.9345,2000,telephone,0.2384640329047123,0.526,2000,0.4085,franka,0.9345
f01f4881d58248a7b0ae6d2fbf2fd5b6,0.798,2000,armchair,0.09730703630410957,0.4765,2000,0.32150000000000006,franka,0.798
ad89f59278e5408a8dd8112dc07929e6,0.4135,2000,teddy_bear,1.196348833539637,0.4455,2000,-0.03200000000000003,robotiq,0.4455
2d67dadaf60c4d85a77a5e2acfa81656,0.8825,2000,table_lamp,1.4723608184580472,0.4265,2000,0.45599999999999996,franka,0.8825
4661bc762d394e0aaa1be3e38b71e515,0.6085,2000,jumpsuit,0.17720062700970327,0.384,2000,0.22450000000000003,franka,0.6085
1790a520ea7646d1832327c934837a42,0.961,2000,card,1.55495812021642,0.163,2000,0.7979999999999999,franka,0.961
b4c7d72938254c81a45fc21a1abd4273,0.953,2000,doormat,0.0027202248631627533,0.031,2000,0.9219999999999999,franka,0.953
83ab10bfb21b4739ae0fe2edb9e13707,0.9425,2000,waffle,0.0025685517491732114,0.3595,2000,0.583,franka,0.9425
4ea3bf9b3f9c4d9ab5ce7f314df1ac9e,0.959,2000,shepherd_dog,0.03385733957683237,0.05,2000,0.9089999999999999,franka,0.959
a606688f1ef74049b6a23d759721db63,0.88,2000,bench,0.0013793980183041564,0.4165,2000,0.4635,franka,0.88
76b1531b0cb74a42952575bf02af5ca6,0.625,2000,pigeon,0.0003560954722607939,0.6485,2000,-0.023499999999999965,robotiq,0.6485
9f0de396187d48f7aaac0486d12f1a37,0.369,2000,fighter_jet,0.00010387327807470812,0.2575,2000,0.11149999999999999,franka,0.369
53720baedd98448a8c71395a0a23cc5d,0.8015,2000,polar_bear,0.0011759529144946652,0.689,2000,0.11250000000000004,franka,0.8015
f6c249f24c504538999499c64e409f49,0.744,2000,wedding_ring,0.012937989452654888,0.2435,2000,0.5005,franka,0.744
c609ef8325cd49ada49d3242a1cd5cf4,0.761,2000,monkey,0.02514573767052929,0.7405,2000,0.020499999999999963,franka,0.761
6df3fcc1561c4a26910ea52919f66fb8,0.2745,2000,chandelier,0.005338851569524683,0.595,2000,-0.32049999999999995,robotiq,0.595
23f50f0a6962457191db7a88dbca7d10,0.0845,2000,jeep,0.08554716184550099,0.3645,2000,-0.27999999999999997,robotiq,0.3645
a4213159f0ee468f9c52e3e5b016f612,0.365,2000,brussels_sprouts,0.006985835061702002,0.178,2000,0.187,franka,0.365
7f2afa3c4e8e48c9a2fcd81b3caa46cf,0.8955,2000,ring,0.015172780083449699,0.18,2000,0.7155,franka,0.8955
7f340de33cc645ab8bfde7f091db6ff2,0.8415,2000,key,0.0018317181025579222,0.7265,2000,0.11499999999999999,franka,0.8415
86f3bdec18e048249149ea67e8e34f63,0.4435,2000,bedpan,0.05972316503902135,0.5745,2000,-0.131,robotiq,0.5745
d5c861b423b84e13bf99550fec40d1e9,0.865,2000,hammer,0.14531772473604573,0.741,2000,0.124,franka,0.865
ef7fcbb8e1414af5b0ab8cee8e17b8e3,0.9735,2000,baseball,0.0005728993737703206,0.999,2000,-0.025499999999999967,robotiq,0.999
51486cf2f5034c0c85289a1e43fa790e,0.885,2000,table_lamp,0.11621993925116175,0.371,2000,0.514,franka,0.885
e590553ebf174ab4963036f805e6d809,0.8765,2000,combination_lock,6.216234585047226e-05,0.797,2000,0.0794999999999999,franka,0.8765
a61976950fe548a2b621fdd14b28538f,0.9355,2000,hammer,0.019375439402777247,0.5645,2000,0.371,franka,0.9355
59ed5e0f87c349909aa621ddf27c0036,0.6525,2000,teddy_bear,0.09562400170907061,0.4595,2000,0.19299999999999995,franka,0.6525
f4a8a7db0cae4e02baba535d6f805da1,0.0,757,can,0.00903891960702593,0.0,1444,0.0,robotiq,0.0
d8c234eabfb24f6a913cd4aca0f4f85e,0.8795,2000,bedspread,0.00032740554823793315,0.6215,2000,0.2579999999999999,franka,0.8795
d049f35579d748ddab58b1e9447573aa,0.966,2000,jeep,0.010865493132921409,0.03,2000,0.9359999999999999,franka,0.966
4bff8adea43045a5ba9ac44946ca0bd5,0.3965,2000,hand_glass,0.00095329436247158,0.4385,2000,-0.04199999999999998,robotiq,0.4385
3e6831cb4f2344efbcdb829cd34518d5,0.6745,2000,scissors,0.009597696705800778,0.4125,2000,0.262,franka,0.6745
b9a3cab48d304eeabf096df4f14bb7e7,0.837,2000,newsstand,0.021013200155381,0.3265,2000,0.5105,franka,0.837
f0689c5184874b709dd5cea91aaef5bd,0.8535,2000,trash_can,0.007161125014640338,0.771,2000,0.08250000000000002,franka,0.8535
88763e24fba84cb8b513379f59ce9c89,0.8895,2000,television_camera,0.032522620385495866,0.9365,2000,-0.04700000000000004,robotiq,0.9365
96985644dbce4045b0fc8636a9874bde,0.0,2000,canister,0.00267447861113278,0.004,2000,-0.004,robotiq,0.004
46fd3ab9a51442d2b0bf0f86dfab97de,0.68,2000,beetle,0.028262147941408734,0.8085,2000,-0.12849999999999995,robotiq,0.8085
7dc7f8ae7a5b47c6a9d26b676f3ac42b,0.9583113456464379,1895,glass_(drink_container),0.0029928322188594856,0.4745,2000,0.48381134564643796,franka,0.9583113456464379
1055e4feaabf43b0a34f3610fccfd8f3,0.695,2000,cock,0.0794124935548943,0.4985,2000,0.19649999999999995,franka,0.695
4db405ba1fb7470cb2b9d43fd64a1d72,0.609,2000,sail,0.07957690504068628,0.401,2000,0.20799999999999996,franka,0.609
ce6383d8fb27451eb8c39a7193194307,0.8145,2000,mug,0.0019684770147035905,0.232,2000,0.5825,franka,0.8145
56cc5ce7665d4aa190f5e3818a548c15,0.8995,2000,cone,0.15616109917322113,0.8305,2000,0.06899999999999995,franka,0.8995
2dc08ab4103e43e3968ae45e59231c06,0.722,2000,toilet,0.01426646550033515,0.6985,2000,0.023499999999999965,franka,0.722
bcf87cce305f4c1f99a3782de1d2f020,0.8955,2000,chessboard,0.38510416709370054,0.4275,2000,0.46799999999999997,franka,0.8955
eeed8ff8a7d8418fb7f6807e8353d1ea,0.9855,2000,vodka,0.027287857048713997,0.7115,2000,0.274,franka,0.9855
f323fa36816549c8a8525171988828db,0.9425,2000,tank_top_(clothing),0.0037732359143669053,0.4295,2000,0.513,franka,0.9425
ae3dcd8addb54abbb4c3b520571f1909,0.9035,2000,sword,0.0032389978743746985,0.3325,2000,0.571,franka,0.9035
9399c720c9ed4664b1a9b0e217359313,0.886,2000,scissors,0.5807218836186271,0.6175,2000,0.26849999999999996,franka,0.886
5dfc06cd44804b11af56820fa0d0d19b,0.786,2000,birthday_cake,0.0023256656878384023,0.3425,2000,0.4435,franka,0.786
74e26eb2523a4eebb8784991f6fbcb95,0.986,2000,pencil,0.0010915319765512903,0.2835,2000,0.7025,franka,0.986
5fb3005aae9446c6bc12dd241194a17a,0.95,2000,sunglasses,0.23992359104134875,0.275,2000,0.6749999999999999,franka,0.95
0416f30815d6422791746b379f802405,0.761,2000,hornet,0.02875291802278241,0.5815,2000,0.1795,franka,0.761
b1e50932b5bc496daa1f52837c844556,0.001,2000,cushion,0.0015806043829103048,0.284,2000,-0.283,robotiq,0.284
8d6be6f1ef0a4f2fbfba2b77adc0b374,0.0425,2000,hamburger,2.0602827797263674,0.4025,2000,-0.36000000000000004,robotiq,0.4025
96965cbef86243ae9971eff6a013c7a1,0.4265,2000,mixer_(kitchen_tool),0.23538538069841033,0.3915,2000,0.034999999999999976,franka,0.4265
7b0b0c20630248e59dc63847eb0d754c,0.3615,2000,cappuccino,1.8761409178936033,0.1945,2000,0.16699999999999998,franka,0.3615
0577046f049c4003bbb7963cb17de06b,0.551,2000,shoulder_bag,0.16257439700507834,0.4675,2000,0.08350000000000002,franka,0.551
05e20fa552964861a656a9fa9248f641,0.776,2000,snowman,0.13498917939798583,0.6035,2000,0.1725,franka,0.776
418cd976b0314e49ae1b5d57e01bbeb5,0.0,86,carnation,0.0463338160285289,0.382,2000,-0.382,robotiq,0.382
72972d93856f432983e56da4ddcd1be6,0.754,2000,pigeon,0.00013753390066083694,0.705,2000,0.049000000000000044,franka,0.754
80b7fbd3a144432cb51510df9a6eee92,0.3505,2000,butter,0.00029202496024962596,0.031,2000,0.3195,franka,0.3505
826a236ea5fa4c0fbc8c6ee7d88df70d,0.8285,2000,mug,0.005136606591140807,0.926,2000,-0.09750000000000003,robotiq,0.926
44e20762d5e944c5adf51117c2c2f152,0.9465,2000,notebook,0.06003430705251707,0.2305,2000,0.716,franka,0.9465
dbada35f8e8e4268967cdca0857bec03,0.89,2000,lemonade,0.006575903263794706,0.5915,2000,0.2985,franka,0.89
3748531bcc0f4b469c9840a00b61d806,0.886,2000,milk,0.028849963319681378,0.6205,2000,0.26549999999999996,franka,0.886
f209de0f9c7b490da5e4089241f4705c,0.74,2000,dirt_bike,0.0008496601552319812,0.416,2000,0.324,franka,0.74
0364ceec22904a95847edea62ad1e9fd,0.7615,2000,frog,0.12280842773380998,0.465,2000,0.29649999999999993,franka,0.7615
21f1ac18511e4ec0bfc012a6c210f89f,0.862,2000,trunk,0.0008943463348715975,0.2115,2000,0.6505,franka,0.862
611a450da7be400dadaf7c56aee402ce,0.0,1033,pumpkin,0.0006163930608508227,0.06908344733242135,1462,-0.06908344733242135,robotiq,0.06908344733242135
fcff049c431041a4889b836be5e93c93,0.5805,2000,tank_(storage_vessel),0.0006362804206845405,0.2245,2000,0.356,franka,0.5805
ac58cb3a28cb4a0d92ce1016f74fa5ff,0.5235,2000,teapot,0.07950021530817657,0.5505,2000,-0.027000000000000024,robotiq,0.5505
7842a813fedc416884e59bc593a890c1,0.8955,2000,lion,0.010250617704032603,0.7905,2000,0.10499999999999998,franka,0.8955
1376748734f34adc99fb06bfdefe50ae,0.628,2000,spider,0.006411131746796507,0.5075,2000,0.12050000000000005,franka,0.628
56909c8cb27a4de7a4c5273ed13e8a80,0.2535,2000,potato,0.010458570137354403,0.7605,2000,-0.5069999999999999,robotiq,0.7605
023e632efc7449338e1d5c56e220cab1,0.9045,2000,shield,0.003483954510139536,0.0725,2000,0.832,franka,0.9045
c0fa4fa507074ed7b5f4f2b557827ded,0.9245,2000,shield,0.0035666261185172245,0.066,2000,0.8585,franka,0.9245
64eccd680a254434b329a6a32aaa571f,0.41,2000,traffic_light,0.12419003916975076,0.642,2000,-0.23200000000000004,robotiq,0.642
e70d92d72a004b2dad7fc31870ac494c,0.755,2000,dolphin,0.00035851992597067537,0.6635,2000,0.09150000000000003,franka,0.755
8516625900ea4d24b252e110cd7a6b38,0.971,2000,hookah,0.6308975231443302,0.835,2000,0.136,franka,0.971
35735db6d3ba4492844c562913a17c44,0.2485,2000,garbage_truck,0.0028750126205696197,0.462,2000,-0.21350000000000002,robotiq,0.462
14b2db3cae484e0eb05cfd1fc0bd121e,0.856,2000,pop_(soda),0.0010733995712011515,0.1975,2000,0.6585,franka,0.856
5744520600de4934b44cc3e5005da2c1,0.295,2000,broccoli,0.02466737822302328,0.66,2000,-0.36500000000000005,robotiq,0.66
53847ea1cd0343d3be08b1174339b009,0.0,314,papaya,0.0020281198712992204,0.8595,2000,-0.8595,robotiq,0.8595
31818220c7154260b680bb360062f64c,0.6245,2000,shirt,0.00033583628421229156,0.575,2000,0.0495000000000001,franka,0.6245
b5aece830f74464a89f239d656d9b4b3,0.0135,2000,camper_(vehicle),5.350525688260332,0.3255,2000,-0.312,robotiq,0.3255
97ef36387a114ec28e8a476db0481ee7,0.8225,2000,basketball_backboard,7.577124957234045e-07,0.1835,2000,0.639,franka,0.8225
92167e12a3f04ca691a5126f25976017,0.931,2000,key,0.00026565457887831165,0.612,2000,0.31900000000000006,franka,0.931
f16ccbacda724e27ba5112b5b6355558,0.8465,2000,aerosol_can,0.003993953032048326,0.532,2000,0.3145,franka,0.8465
263b6ac8073542a58769c7688de1e139,0.0,2000,beer_can,6.543887212009104,0.1165,2000,-0.1165,robotiq,0.1165
e3b478e193ec4c2a938a9475dbede98c,0.0,755,pop_(soda),0.0028373921703209646,0.569,2000,-0.569,robotiq,0.569
3f5d969cbbf94946a2808c2ab3068030,0.718,2000,clock_tower,0.00010165296438838493,0.203,2000,0.5149999999999999,franka,0.718
9c51e91a7a9641bba7a2e8d756ed71f4,0.0,1430,jar,0.0058832405678943,0.0,2000,0.0,robotiq,0.0
c254bf686be440e79d2129ca98de1654,0.2185,2000,sportswear,0.0007897741330590118,0.1455,2000,0.07300000000000001,franka,0.2185
a20c9c9e3e4143ffbd71d8ecbdcbac95,0.9785,2000,road_map,6.817072109914767e-05,0.129,2000,0.8495,franka,0.9785
c0175dba479042c89c66fab958b0c29b,0.0005,2000,flowerpot,13.32403585681121,0.2065,2000,-0.206,robotiq,0.2065
0ed088bee0bc4915940013d533ab6907,0.0765,2000,birthday_cake,1.2766877242574632,0.031,2000,0.0455,franka,0.0765
642f7070f855479d88406de3e518d049,0.4595,2000,sock,0.04526501091775308,0.508,2000,-0.04849999999999999,robotiq,0.508
edd00eb7b1574b80a4c9d9e218d441b1,0.5455,2000,helicopter,0.000905643733697209,0.3635,2000,0.182,franka,0.5455
ce421f10e46d415198d5d19c5bd265f2,0.921,2000,bookcase,0.03352174457315236,0.686,2000,0.235,franka,0.921
100fd458cc524410a60a4d9ff9115b17,0.029,2000,piggy_bank,0.051348250145339586,0.693,2000,-0.6639999999999999,robotiq,0.693
4ebf4cef4ec642ff956fe680033b410a,0.909,2000,lamp,0.002528693926294378,0.512,2000,0.397,franka,0.909
6d4e00ab36c240d9a5cab44789d71e9a,0.706,2000,ladder,0.014965138103700131,0.3505,2000,0.3555,franka,0.706
5b4885a9a1c54314943cc9836f2dcea4,0.9695,2000,boom_microphone,3.1061351213096376e-06,0.3905,2000,0.579,franka,0.9695
f5d250b76c8e4e3488587963900cbf2f,0.962,2000,shield,0.169041008251617,0.8245,2000,0.13749999999999996,franka,0.962
db96249afc944cd7ac860533c50d27b2,0.0,258,hamburger,0.13760765637850264,0.0,1377,0.0,robotiq,0.0
a3ef7a173a9c44dcba0cf639f618e38a,0.565,2000,Christmas_tree,0.0015091021682771418,0.731,2000,-0.16600000000000004,robotiq,0.731
78fb8285be55432aa5874955576ccb41,0.0345,2000,giant_panda,0.04575679029652373,0.385,2000,-0.35050000000000003,robotiq,0.385
4bd1b79ba6c44f1196683fd42017a238,0.9575,2000,cupcake,2.855585214522238e-05,0.6165,2000,0.34099999999999997,franka,0.9575
674c5467894b4eeaa191ea6fc11c842b,0.807,2000,platter,0.19769283767931436,0.2075,2000,0.5995,franka,0.807
82e16f7b20604481b0c805e4b74b42af,0.7335,2000,bunk_bed,0.15689440038638325,0.305,2000,0.42850000000000005,franka,0.7335
3c4e617b995544638d351fbe544c8286,0.674,2000,rabbit,0.03622618052150602,0.556,2000,0.118,franka,0.674
cff0abda2b8f4395bd5d57516d9ea982,0.66,2000,parrot,0.22850634456362937,0.3895,2000,0.2705,franka,0.66
b50191176b6a4509aabca39d93bf7c18,0.974,2000,computer_keyboard,0.030649084527625894,0.283,2000,0.6910000000000001,franka,0.974
53d0ae77a5324c3b995305f122c20cb1,0.706,2000,cardigan,0.0019254743170163235,0.376,2000,0.32999999999999996,franka,0.706
da0468db72b6469aa651259a1f812c1a,0.0075,2000,leather,0.0014044270226050964,0.175,2000,-0.16749999999999998,robotiq,0.175
46863d3659974498bbb4427811035177,0.8365,2000,chair,0.07961826166469477,0.6145,2000,0.22199999999999998,franka,0.8365
8f094196d83e43fb9865df4c7501a930,0.979,2000,solar_array,0.002241609165780437,0.2105,2000,0.7685,franka,0.979
5e76452dfe1146c4878a0368e9548bf2,0.8935,2000,toolbox,0.22104286204007292,0.9215,2000,-0.028000000000000025,robotiq,0.9215
370fd41d81e74408aab90707b0c61094,0.0015,2000,veil,0.002899713263285574,0.536,2000,-0.5345000000000001,robotiq,0.536
854308f5374947c382a03dc46e2fcbf7,0.8845,2000,grill,0.23278430122499597,0.3655,2000,0.5189999999999999,franka,0.8845
a3a6436253c244cca0c280b9b4026c4b,0.7105,2000,pliers,0.632336533249985,0.5495,2000,0.16100000000000003,franka,0.7105
8bef81826ade45738af629e27da7c0d6,0.9105,2000,control,0.0016117050648355971,0.4225,2000,0.488,franka,0.9105
efda343a05614711bae6202e45fb00f6,0.8865,2000,gift_wrap,0.0024108614214968143,0.316,2000,0.5705,franka,0.8865
d3f9aaecb7e94b12bc28256c85a40ce0,0.27354627354627353,1221,sculpture,0.00013609322026965158,0.5575,2000,-0.28395372645372646,robotiq,0.5575
0ea95f5b19514611bb0b18659a16f7c8,0.848,2000,army_tank,0.003685774172440169,0.8695,2000,-0.021500000000000075,robotiq,0.8695
6d1e6f511aac48c286c83d5004dd9e93,0.714,2000,space_shuttle,0.047577611333095765,0.571,2000,0.14300000000000002,franka,0.714
b3a0df3eb55c4f41b57d37c498b7a6b1,0.8285,2000,dress_suit,0.12194518668613247,0.5145,2000,0.31400000000000006,franka,0.8285
1c33bff9e6614181adc5f2c2657afff1,0.458,2000,mallard,0.004692598365236641,0.61,2000,-0.15199999999999997,robotiq,0.61
5bab6eaee5db47b79e0bddbfe50eb0db,0.653,2000,scarf,0.0017368388296120903,0.4845,2000,0.16850000000000004,franka,0.653
bccf270cf88d4dbfbeb1f8b8fb0647f7,0.8495,2000,potato,0.030572706494044595,0.9195,2000,-0.06999999999999995,robotiq,0.9195
9fa3bfd86d404d70a91f8fe126f9174c,0.8795,2000,lampshade,0.020750237593019926,0.5445,2000,0.33499999999999996,franka,0.8795
e7ff0a461bd34502a113920fda64f642,0.9295,2000,chinaware,0.049208262058032394,0.101,2000,0.8285,franka,0.9295
3fcf56927ec44ff886f67a17be2538f2,0.86,2000,rhinoceros,0.01946149080817817,0.95,2000,-0.08999999999999997,robotiq,0.95
8551cccdb3174f4baf4fb977592aee9c,0.732,2000,magnet,0.006863787984866937,0.2845,2000,0.4475,franka,0.732
aa2234f51807447d87d1284772d16746,0.9445,2000,signboard,0.0029886134272865553,0.023,2000,0.9215,franka,0.9445
3aa68d6110d5470588c7c1435a0d4d7c,0.7545,2000,hamburger,0.01637838932493189,0.6635,2000,0.09099999999999997,franka,0.7545
00725d07417645c2a488a911baa51045,0.347,2000,toilet,0.02572311236974438,0.238,2000,0.10899999999999999,franka,0.347
fddaaa6ef24445cfb0906adf67800fda,0.607,2000,scoreboard,0.12770681538349574,0.306,2000,0.301,franka,0.607
a2448a561901428ba571752068ec89ef,0.589,2000,helmet,0.05590021998914739,0.1215,2000,0.46749999999999997,franka,0.589
54fdf47eb8f142739fe32864fa8e5dc8,0.68,2000,ashtray,0.3644009501875181,0.0315,2000,0.6485000000000001,franka,0.68
5972eb71426b432dae6cb195caa581de,0.947,2000,shield,0.06237236817800785,0.54,2000,0.4069999999999999,franka,0.947
dd6089a4fa2c4b2e9a2cd0ec2c7f2ee2,0.9005,2000,pop_(soda),0.0003062226056510283,0.0375,2000,0.863,franka,0.9005
53b9e73599a74eb292c86ef1a219229f,0.7415,2000,gazelle,0.2035949895972279,0.4465,2000,0.29500000000000004,franka,0.7415
7a34189f183e477c928139f3369852a6,0.0,1008,beanbag,0.1986837557611153,0.842,2000,-0.842,robotiq,0.842
213ce48359bc4de68949382e20d64dc2,0.902,2000,parakeet,0.6756398600748904,0.414,2000,0.48800000000000004,franka,0.902
a0a35dc6e81944dab56b9b117fbf738d,0.9235,2000,sunglasses,0.0398310162239047,0.312,2000,0.6114999999999999,franka,0.9235
0648e61d41504518a79b027332e67540,0.6795,2000,toilet,0.017949477729919866,0.779,2000,-0.09950000000000003,robotiq,0.779
a0b11cbd59e5435eadf1027927c85e62,0.6905,2000,icecream,1.1108779274909881,0.8515,2000,-0.16100000000000003,robotiq,0.8515
704bc7fa4f1c4226908e3905c9730c22,0.4045,2000,fire_alarm,1.1833053118950674,0.6875,2000,-0.283,robotiq,0.6875
3acd13408b47464e96206ea797aa50a8,0.7325,2000,carton,0.003703158989227587,0.1745,2000,0.558,franka,0.7325
d940fb94a5f0481e9a34a766ef9a303b,0.941,2000,business_card,0.00038847900978724876,0.1375,2000,0.8034999999999999,franka,0.941
58d9accd2cfa4328a385c9a3ea2075fe,0.026,2000,wineglass,0.0003745001137449623,0.0385,2000,-0.0125,robotiq,0.0385
63b20235d5134bf1877168cb2e232a0c,0.717,2000,armor,0.0006375065093221665,0.6015,2000,0.11549999999999994,franka,0.717
a4ffc856eb504345b0eac42d891e7f8b,0.495,2000,shoe,0.01591515858587869,0.4365,2000,0.058499999999999996,franka,0.495
04d0d8204db4400197ea4cc170c7cc15,0.89,2000,soup,0.15170788671969032,0.0405,2000,0.8495,franka,0.89
158cfa9cb5064e2886ebc6270c5c1528,0.7485,2000,mushroom,0.31199840044448945,0.2785,2000,0.47000000000000003,franka,0.7485
32684986ac4548978035735edbf63709,0.341,2000,cushion,0.1689860364609099,0.4825,2000,-0.14149999999999996,robotiq,0.4825
ab53fe99368e494ea1fea7084ba32b6d,0.0,1,die,0.14673156907622978,0.0,203,0.0,robotiq,0.0
1db9b89a8eb94f16a597e4a3430db465,0.939,2000,hockey_stick,1.962203255465671e-07,0.3965,2000,0.5425,franka,0.939
096a3d10bbbc45f0adfe6f3e8bf48cb1,0.8185117967332124,1102,pumpkin,0.013094141886076075,0.4875,2000,0.3310117967332124,franka,0.8185117967332124
890d3c240253446ca9fb63e0d70cbe18,0.785,2000,shark,9.47466325822382,0.561,2000,0.22399999999999998,franka,0.785
774b96ace3ed4bb9995aa744651cddb2,0.8315,2000,generator,0.0005201178544050122,0.9545,2000,-0.123,robotiq,0.9545
46a6940b831242b38244dc39cbe8d729,0.252,2000,tablecloth,0.003386908712501725,0.3525,2000,-0.10049999999999998,robotiq,0.3525
a2dce5767c2941988e3bd90e41ba80c9,0.6785,2000,automatic_washer,5.116982813646784,0.884,2000,-0.20550000000000002,robotiq,0.884
aff09df52ea84c318ba591c0f70815e6,0.64,2000,vase,0.0041867553116438205,0.7755,2000,-0.13549999999999995,robotiq,0.7755
affd4ebf5fd143d98c1b7c76eedafff3,0.087,2000,water_bottle,0.7244443263358628,0.2155,2000,-0.1285,robotiq,0.2155
95e44b7b6a694ce48e4e1e2eb561d942,0.8345,2000,backpack,0.000990554413910514,0.477,2000,0.35750000000000004,franka,0.8345
b8e81546b3bd4b7199883277f553b6c2,0.6245,2000,icecream,0.005563730379294827,0.936,2000,-0.3115,robotiq,0.936
75479a3c31384f93bf423ebbcd3e631e,0.4325,2000,playpen,0.001062297420370662,0.5725,2000,-0.14,robotiq,0.5725
5ef5c68f05774d3e90fc66009122ba65,0.7725,2000,wheelchair,0.12251045801812165,0.4385,2000,0.33399999999999996,franka,0.7725
bcaaf6766b1049eeab7c63aa463fbf5a,0.2035,2000,sofa_bed,0.019058497965369903,0.4465,2000,-0.24300000000000002,robotiq,0.4465
3b1ae1ad437c45388efcdcbb05c51c4f,0.9445,2000,alcohol,0.05722675336943589,0.7405,2000,0.20399999999999996,franka,0.9445
740b08ce6f3c4d3a844206b0622a93e2,0.6435,2000,boot,0.29330370713821796,0.5205,2000,0.123,franka,0.6435
c1442fb2a16f459eb71282d771043476,0.902,2000,computer_keyboard,0.016308522592562495,0.178,2000,0.724,franka,0.902
f6b98543b5a84efdb88654af793a7791,0.9385,2000,remote_control,0.003563910604870339,0.8645,2000,0.07399999999999995,franka,0.9385
8eec38e887ed42c58dd659dc1343ac8d,0.4145,2000,motor_scooter,0.013877574989315609,0.454,2000,-0.039500000000000035,robotiq,0.454
a0c188da02514c688344cf9ca40b84aa,0.426,2000,cub_(animal),0.007269682069841584,0.5045,2000,-0.07849999999999996,robotiq,0.5045
80617f1367e140b5978422f13d564ca8,0.7545,2000,flute_glass,0.1614803295368075,0.3965,2000,0.35799999999999993,franka,0.7545
729715b5365d468391b2fa5b98b63c5b,0.4375,2000,space_shuttle,0.00480722619376887,0.265,2000,0.1725,franka,0.4375
43359be26f7a4a2493337d052dfe1ae5,0.8595,2000,dishrag,0.0035768035931453253,0.663,2000,0.1965,franka,0.8595
6b3afe782b204dfba87a03ddaf222958,0.0,1602,Dixie_cup,0.09424423648146682,0.0,2000,0.0,robotiq,0.0
0f35b95712d44704a5521829a5ebdb42,0.7855,2000,bicycle,0.00016948887390900755,0.5445,2000,0.241,franka,0.7855
868c64cd122f4f5e850995e4c9f183c2,0.6795,2000,nightshirt,0.07383005878810683,0.5,2000,0.1795,franka,0.6795
5ca7a850ec394eb395f17920054f2673,0.917,2000,ladder,0.012132875151089483,0.3135,2000,0.6035,franka,0.917
6cbad24df9af41488e41971c0e8361b0,0.848,2000,quesadilla,0.08495167870504411,0.8095,2000,0.03849999999999998,franka,0.848
7fd1501cc085444791431362e854011e,0.3405,2000,octopus_(animal),0.09165618766662421,0.702,2000,-0.36149999999999993,robotiq,0.702
7099d659048f4214a00eb984deb66e13,0.7215,2000,trench_coat,0.09621237670952118,0.3835,2000,0.338,franka,0.7215
de8a8629512a4942a95761a19b1c3964,0.9265,2000,cornice,0.0005947955990915618,0.2125,2000,0.714,franka,0.9265
9bb1930da1b24614a1b2f05350944129,0.9055,2000,bobbin,0.017530871022427806,0.6425,2000,0.263,franka,0.9055
2382790f69cf4562a2f9689526e24b6d,0.758,2000,gameboard,0.14642409403608939,0.2515,2000,0.5065,franka,0.758
b1066fc568bf4bd8a290f866eff545e8,0.0025,2000,sword,0.00041854969889626247,0.0455,2000,-0.043,robotiq,0.0455
e5ffc82181ae4a49bdd2137432db9718,0.403,2000,polar_bear,0.10308631159439943,0.4665,2000,-0.0635,robotiq,0.4665
586e9b8f4ea4483e87c70a3c45224c51,0.77,2000,hot-air_balloon,0.015333447068179918,0.4585,2000,0.3115,franka,0.77
28bda26575024a38bfe1464c40e0e2e8,0.821,2000,necklace,0.1329654946681179,0.5365,2000,0.2845,franka,0.821
c50b853f8afa48eebc73e2421bde5387,0.005,2000,wolf,0.004263399443256482,0.256,2000,-0.251,robotiq,0.256
acd2dc6383c740c8aac5dd99b36211a4,0.5045,2000,necklace,0.004750315070501198,0.4045,2000,0.09999999999999992,franka,0.5045
673ae444d8854a14ae43f663d7b3304c,0.988,2000,mallet,0.3113354969099966,0.5045,2000,0.48350000000000004,franka,0.988
0e8155b9bf94494f9754901c53764942,0.9185,2000,pen,0.02124925479814053,0.3845,2000,0.534,franka,0.9185
5d546ab0efde48b2a292845b2b32dcbe,0.96,2000,doormat,0.018918045953201103,0.0325,2000,0.9275,franka,0.96
35328820cfc640d2a9b5eedb6d7b907b,0.834,2000,notepad,0.005363269111657743,0.08,2000,0.754,franka,0.834
c11293e0e2654ca3952397e0e3b7be4d,0.0245,2000,squid_(food),0.024799991444828084,0.215,2000,-0.1905,robotiq,0.215
919d746a04c149e8872d3deb78c438b1,0.6955,2000,garlic,0.005950071592686112,0.9125,2000,-0.21699999999999997,robotiq,0.9125
caa7f94ac32f4dfc96aebec8f0913c16,0.889,2000,wristlet,0.4325500816745819,0.1065,2000,0.7825,franka,0.889
6381f41ba1f14c17a3c94438e26830b4,0.952,2000,steak_knife,0.0009839427722942236,0.32,2000,0.6319999999999999,franka,0.952
8c838d3ea1e8494396438b5f5dc78ad8,0.4335,2000,jersey,0.000134893216190732,0.398,2000,0.035499999999999976,franka,0.4335
ecaa22bd52ee46b1bc56c8b366391b58,0.82,2000,ostrich,0.00040909027098727865,0.482,2000,0.33799999999999997,franka,0.82
afc2693edc214c2b8607094993dad5de,0.0635,2000,awning,2.896195277554661e-06,0.0725,2000,-0.008999999999999994,robotiq,0.0725
a3fc2ab724c949c5b38d2059782906e4,0.0,2000,pop_(soda),0.2033034571696528,0.1095,2000,-0.1095,robotiq,0.1095
9421418a85084aeca869707ce8ede6f9,0.135,2000,mask,0.1634913320933125,0.558,2000,-0.42300000000000004,robotiq,0.558
ac6e1946611e49419940903b14c9b5e0,0.0,2000,beer_can,0.010838213087760205,0.645,2000,-0.645,robotiq,0.645
33298eba723f440382a7a4d936f8441e,0.4365,2000,tractor_(farm_equipment),0.029723636255878403,0.603,2000,-0.16649999999999998,robotiq,0.603
bfa98424fd04431692852c33111388fe,0.607,2000,ski_parka,0.06039959645894402,0.404,2000,0.20299999999999996,franka,0.607
8e38d7da46444df7b5421c6cafaf88a6,0.8835,2000,signboard,0.7927550098639499,0.3285,2000,0.5549999999999999,franka,0.8835
b5c9d06f19be4c92a1708515f6655573,0.5365,2000,duck,0.027564688318425075,0.699,2000,-0.16249999999999998,robotiq,0.699
a9deaf6a7bf94ad083f4d5cec02b4e0a,0.92,2000,rib_(food),0.029036629181604153,0.838,2000,0.08200000000000007,franka,0.92
75ca8e0250024a25a14b93ac7f8e0bbf,0.059,2000,icecream,0.0010824948146121113,0.578,2000,-0.5189999999999999,robotiq,0.578
c85175a3b66940069939cc35828b04ca,0.24,2000,box,2.358254802697681,0.3745,2000,-0.1345,robotiq,0.3745
b84d84700e7c42c795ba0af9e97155a1,0.8925,2000,anklet,0.0004982588105975117,0.9055,2000,-0.013000000000000012,robotiq,0.9055
bee2790ae6e6427c92133eec779b664e,0.596,2000,sportswear,0.16319821483396887,0.284,2000,0.312,franka,0.596
218a1626f9dd491c8814b4011bb8077a,0.851,2000,pistol,0.00032328877023804665,0.3145,2000,0.5365,franka,0.851
95223d14d66a445bb09083dc69f6f02f,0.099,2000,ashtray,3.7945485553618066,0.06,2000,0.03900000000000001,franka,0.099
11c46ff362254a23ab3e241cab1606f7,0.347,2000,shopping_cart,0.007784644507819398,0.2695,2000,0.07749999999999996,franka,0.347
b8c251d79e104922bc0497a5d2fdf822,0.8765,2000,pizza,4.141070393976932,0.7415,2000,0.1349999999999999,franka,0.8765
c79c20f2af0046edb567f6b43cba4ea5,0.9375,2000,street_sign,0.0031204439081570752,0.2345,2000,0.7030000000000001,franka,0.9375
9fa32fe9b45444d89989a29d00b88f4e,0.9285,2000,hair_dryer,0.021858273406256064,0.882,2000,0.046499999999999986,franka,0.9285
e7c052f0df7044569b7f89d4b869b13e,0.974,2000,chinaware,0.005155704802970865,0.0665,2000,0.9075,franka,0.974
28b570276b084cb2b0b169618e328bbd,0.6875,2000,wheelchair,0.001148246620111622,0.637,2000,0.05049999999999999,franka,0.6875
5cdb597428224eb5ace68a1128a0087a,0.7565,2000,canoe,0.008443620976431374,0.597,2000,0.15949999999999998,franka,0.7565
f6b42b83687d4a809bff6269d49ec9fd,0.0,1522,drawer,0.2659673697225778,0.649,2000,-0.649,robotiq,0.649
ce5ba4f821934269973ea1f8b9a8539b,0.6815,2000,cake,0.0006509273581991026,0.9315,2000,-0.25,robotiq,0.9315
0b52980cbfb2482cb8245ddf20e78106,0.78,2000,amplifier,0.07183830131614478,0.4485,2000,0.3315,franka,0.78
ed4f893a583148bc9573a273fe7e3e7b,0.5255,2000,hot-air_balloon,0.002210130867605518,0.815,2000,-0.2895,robotiq,0.815
7b912daa25a44162945e31d45acfc502,0.903,2000,lemonade,0.006032163027980638,0.8145,2000,0.08850000000000002,franka,0.903
1f3a8bf54c9847308993660331097f79,0.85,2000,salad,0.00030056466426191106,0.7535,2000,0.09650000000000003,franka,0.85
116bc765d8414dfeb3aaae0803a259c2,0.9715,2000,dollar,1.3805532665279607,0.138,2000,0.8335,franka,0.9715
2f2a6a6f30f64fc38fca1c662903b591,0.852,2000,bus_(vehicle),0.01756565943571135,0.723,2000,0.129,franka,0.852
1f1c3832425c415d9300465d2a5d6a1b,0.779,2000,race_car,0.04763423916856455,0.5335,2000,0.24550000000000005,franka,0.779
4760b84608134ca99b1695c95d4a10a7,0.9575,2000,runner_(carpet),0.0012201104063726965,0.0235,2000,0.934,franka,0.9575
c076c78cc47f49cfb68e24c8731d60ed,0.6705,2000,window_box_(for_plants),0.04152167737155901,0.517,2000,0.15349999999999997,franka,0.6705
1ab2e4eae4f248ae8d6b45e8a12737b0,0.6755,2000,mammoth,0.024145218004239872,0.541,2000,0.13449999999999995,franka,0.6755
da9268ed32d8410085dab42c0b5cc9cb,0.8965,2000,ping-pong_ball,0.0003404502453927944,0.6545,2000,0.242,franka,0.8965
2a3702c1fa62426998715fc11ff84024,0.7305,2000,streetlight,0.0007230669216781229,0.4975,2000,0.23300000000000004,franka,0.7305
08e14b4618c444a2a4ad6414e73ebcc3,0.981,2000,paper_towel,0.5675351048991877,0.9345,2000,0.046499999999999986,franka,0.981
90f162fa37344b43b84eb956f2040649,0.9555,2000,beer_bottle,0.00201175624892581,0.481,2000,0.47450000000000003,franka,0.9555
c6d45f40b0cb4717b30f03ef14fdbeba,0.8415,2000,blazer,0.056527827669126854,0.517,2000,0.3245,franka,0.8415
5b2bb37f68da47d492df2325e464c397,0.0,1085,alarm_clock,0.11821012132674365,0.0815,2000,-0.0815,robotiq,0.0815
e791351ccfd543169030feaab5efd927,0.6315,2000,convertible_(automobile),0.0021709512323057193,0.466,2000,0.16549999999999992,franka,0.6315
b6ee65e56fbe4d8798ee34c96837a0bc,0.176,2000,swimsuit,6.690641623203382e-05,0.064,2000,0.11199999999999999,franka,0.176
06ea30fe0e394fcab3b1793439c473ac,0.8615,2000,stool,0.00291484365469651,0.6465,2000,0.21500000000000008,franka,0.8615
a1602bb5b94f4f0ebc2957893d3c679c,0.631,2000,wineglass,0.38995326560239585,0.478,2000,0.15300000000000002,franka,0.631
2df262e6815f4c2eb7572607ae5e0321,0.9495,2000,laptop_computer,0.04441091240583277,0.634,2000,0.3155,franka,0.9495
600e1e7db1cf48479da37f997e6c3448,0.9185,2000,chair,0.024355457345654634,0.2475,2000,0.671,franka,0.9185
b76cd707047e4ff8b5b46f9ec2b761cc,0.2725,2000,puncher,0.001307263842877947,0.518,2000,-0.2455,robotiq,0.518
d65bced0bbf646668da42d10de36d58f,0.711,2000,cargo_ship,0.004796160070026055,0.2975,2000,0.4135,franka,0.711
dc660aa382114a93b0c8ea2f929c8b07,0.95,2000,tongs,0.49240081049848994,0.455,2000,0.49499999999999994,franka,0.95
90233ff3cd2f4737a50ed95018cc5477,0.635,2000,passenger_car_(part_of_a_train),0.42711696842354085,0.4625,2000,0.1725,franka,0.635
e214a0869b6848e98fab75b067042079,0.676,2000,cock,0.17537203539751445,0.7975,2000,-0.12149999999999994,robotiq,0.7975
f5cd6ce9cb114e0ca11d721c9d3c4582,0.796,2000,bear,0.5029230156861897,0.704,2000,0.09200000000000008,franka,0.796
f54038eeece24df095ca1ba2f2aab040,0.133,2000,dish_antenna,0.03423269865411509,0.1335,2000,-0.0005000000000000004,robotiq,0.1335
ca451fe549c148bebe3666ea79f7249c,0.7775,2000,martini,0.0019239016321238003,0.234,2000,0.5435,franka,0.7775
467fd3bcc8b641f488cbb6a9d9e3520d,0.805,2000,mallard,0.001122581433293334,0.7345,2000,0.07050000000000001,franka,0.805
a80f36392aa543258ccd85e1a877e8d5,0.0,2000,candle,0.20068647137080095,0.1905,2000,-0.1905,robotiq,0.1905
2689655c6a94473caba884c3ba285be5,0.7085,2000,mascot,7.4093077466323916,0.548,2000,0.16049999999999998,franka,0.7085
0a8cccb236d643b8a3d4743a15fbddc5,0.7065,2000,shepherd_dog,0.007184095935177134,0.0945,2000,0.612,franka,0.7065
f7a7334194294ed7be531f49c7b4c28e,0.5215,2000,piano,0.15623199837573581,0.3305,2000,0.19099999999999995,franka,0.5215
580f8df75f4646f2bde77e49e93d8cf9,0.0,2000,squirrel,0.34550988600883403,0.5005,2000,-0.5005,robotiq,0.5005
19673a7291344ca59b85711070996c64,0.89,2000,bulletproof_vest,0.10528917552281754,0.5715,2000,0.3185,franka,0.89
080bd350828d435896af81d268785173,0.887,2000,drone,0.004215938858084021,0.67,2000,0.21699999999999997,franka,0.887
b3a19dc30bd9492086b8d0035cb9a840,0.9795,2000,vending_machine,0.0007986256532345213,0.5185,2000,0.4610000000000001,franka,0.9795
5593779fcbcb42ab8679eebfd23d9f2b,0.352,2000,fork,0.020042406350511965,0.432,2000,-0.08000000000000002,robotiq,0.432
19e5c19d811b4dfa95dcec728d3ed8c2,0.1075,2000,candle_holder,0.0598440022015319,0.677,2000,-0.5695,robotiq,0.677
6c7affca797a4bd29edf63c9120248fe,0.905,2000,notebook,0.0020131860817617538,0.2195,2000,0.6855,franka,0.905
15771f3ff2434117a0c1ad2788207c75,0.859,2000,puppet,0.3898977244524197,0.6475,2000,0.21150000000000002,franka,0.859
c913350fa1134c8ca4fb56843c2336f1,0.605,2000,helicopter,0.002314987996434922,0.606,2000,-0.0010000000000000009,robotiq,0.606
f63daf968be34047bc513feb756b5828,0.9305,2000,earring,1.2667730026885449,0.6265,2000,0.30400000000000005,franka,0.9305
e7784f09e2644fe7885d314ae5ffe76e,0.479,2000,airplane,0.01512008143959484,0.7465,2000,-0.26750000000000007,robotiq,0.7465
cbb83561e8b84704b55a9f6a597cd8bb,0.426,2000,pony,0.17469746630094313,0.42,2000,0.006000000000000005,franka,0.426
72ca268333164e59ac152cf401570254,0.833,2000,dress_suit,0.00024184620384394215,0.6415,2000,0.1915,franka,0.833
9470120db2374da2800aace5da49557f,0.7845,2000,futon,0.0894283111398175,0.421,2000,0.3635,franka,0.7845
3bfc45bc729c434aaf7c782ac12d66ca,0.9725,2000,painting,0.005387544134156637,0.106,2000,0.8665,franka,0.9725
98ae66863ff744c6bde8f74fd2a3ddc1,0.877,2000,shield,0.1710796260593368,0.056,2000,0.821,franka,0.877
ae47fb3d061045569f1089aaabd840ca,0.3495,2000,armchair,0.0027698737708615273,0.261,2000,0.08849999999999997,franka,0.3495
4a6bce4b058a42eda6cffe060de39667,0.1915,2000,stagecoach,0.02172923148372773,0.288,2000,-0.09649999999999997,robotiq,0.288
a80d27da5d2b46eabee84c5f4061913d,0.736,2000,cooker,0.033279510260936986,0.516,2000,0.21999999999999997,franka,0.736
eacb143364f8405395df78e229aa7f12,0.7865,2000,shears,0.032147423697570544,0.3395,2000,0.44699999999999995,franka,0.7865
8be64e99663246e0825ab1ead146968e,0.0,1371,pea_(food),0.005388431174111269,0.0014727540500736377,1358,-0.0014727540500736377,robotiq,0.0014727540500736377
47ada0835eb647219ee3e385a8fea1b5,0.9645,2000,stepladder,0.10564499084259102,0.2725,2000,0.692,franka,0.9645
7d93f6d775394cebb8ac81f668234e20,0.9435,2000,plume,0.005152622317029596,0.212,2000,0.7315,franka,0.9435
db4de4db4ba14c839e9a69b2cf846f6e,0.074,2000,clock,0.029064383621393276,0.057,2000,0.016999999999999994,franka,0.074
99081d46e2614b0f851318eb06d21d25,0.866,2000,toaster,0.041262796998593795,0.3955,2000,0.4705,franka,0.866
3f45605e4d99475c954730cfb4c2a0a3,0.711,2000,platter,0.001402426693274934,0.221,2000,0.49,franka,0.711
1a55ff246d0240f19d8b10b06f93d461,0.6375,2000,fireplug,0.05980761383257979,0.382,2000,0.25549999999999995,franka,0.6375
6412ec5ce99d4390b4c989a32bb64d36,0.9005,2000,medicine,0.0006300288291042318,0.572,2000,0.3285,franka,0.9005
435b21641c9c407392b6c98ab09ebff4,0.7645,2000,mascot,4.1925364464977576e-05,0.8765,2000,-0.11199999999999999,robotiq,0.8765
5c90a52c2154413ca7ece3c8cd9b957d,0.8075,2000,notepad,1.6467277040124422,0.019,2000,0.7885,franka,0.8075
120771dca01f44539491395b8daec730,0.796,2000,power_shovel,0.013959654880200442,0.694,2000,0.10200000000000009,franka,0.796
e0c6a24f9b974c97a89bb2f876680310,0.035,2000,drum_(musical_instrument),2.9697818966131748e-05,0.0465,2000,-0.011499999999999996,robotiq,0.0465
185d18b159994da8a74f3f48b360d93c,0.974,2000,water_bottle,0.30700721754692045,0.4045,2000,0.5694999999999999,franka,0.974
4c63873087264787b70ff0dc14994988,0.8615,2000,gift_wrap,0.0852194657284725,0.6735,2000,0.18800000000000006,franka,0.8615
cea63d418b41484399df819a0bf5e281,0.4555,2000,necklace,0.0047630991730629665,0.274,2000,0.1815,franka,0.4555
b6dd89dadb104bfba43fc399477e5a3c,0.771,2000,salmon_(food),0.960376341234342,0.261,2000,0.51,franka,0.771
d83b8386793848c8aa1d2484582aabb8,0.966,2000,paperback_book,0.016287531651414267,0.0465,2000,0.9195,franka,0.966
744a2da01dac469cbded105427bdbd11,0.689,2000,dinghy,0.03984663299984082,0.3865,2000,0.30249999999999994,franka,0.689
bc88355e2c334570aa1792a65addc4eb,0.7665,2000,airplane,0.015631829877910463,0.582,2000,0.1845,franka,0.7665
4f27c0f45c704cdb9858c073fe961ade,0.935,2000,first-aid_kit,0.0019113209066588862,0.987,2000,-0.051999999999999935,robotiq,0.987
535e4ca30101418f8398a2bf35ed6346,0.877,2000,wolf,0.01765998924478981,0.5925,2000,0.2845,franka,0.877
eeed915e737b49f4b70a82921c2726b4,0.6245,2000,gargoyle,0.008338462821285047,0.3975,2000,0.22700000000000004,franka,0.6245
4228b3aa43444875bcd1051276e67456,0.5895,2000,octopus_(food),0.033738555008114575,0.5745,2000,0.015000000000000013,franka,0.5895
afebd0f2418a4daca865cca0e485726f,0.27,2000,pretzel,0.13301092074139095,0.256,2000,0.014000000000000012,franka,0.27
57e4c5c6250d47c48f59c031b52e1f07,0.7555,2000,bird,0.03476384508176693,0.6505,2000,0.10499999999999998,franka,0.7555
2da280c9ac82458abe77ab1d1c710086,0.833,2000,wedding_cake,5.2649280350221496e-05,0.248,2000,0.585,franka,0.833
4e9c3cccbaaa4adc947ad8e8ab351d0d,0.578,2000,globe,0.03540360618692356,0.868,2000,-0.29000000000000004,robotiq,0.868
d610f42fa0244f678de17388660990ca,0.8125,2000,walking_stick,0.061460662532036,0.365,2000,0.4475,franka,0.8125
f4973ff6751d48189ada9b7b310915f5,0.0,163,microwave_oven,0.06383007278254822,0.306,2000,-0.306,robotiq,0.306
fa85d54cabeb419685924b853c7032e7,0.763,2000,shoe,0.10872739278395481,0.2765,2000,0.4865,franka,0.763
2df4d844df8a41ba9b01c0a9f81739c0,0.647,2000,telephoto_lens,0.7086780401694883,0.6965,2000,-0.04949999999999999,robotiq,0.6965
eb7931191b2048f2a77cf543fe2348d2,0.627,2000,puncher,0.0699649098603284,0.5905,2000,0.03649999999999998,franka,0.627
5c170aea19674a44afede5f8d7ce1dda,0.8515,2000,shower_curtain,0.00028860079196621236,0.462,2000,0.3895,franka,0.8515
a2f7fa91ec324f53884e687414edb964,0.994,2000,chopping_board,0.06705542702480209,0.47,2000,0.524,franka,0.994
ddfd0b9846c24a058874521e9d170bcb,0.9405,2000,bus_(vehicle),0.00028763160827444215,0.404,2000,0.5365,franka,0.9405
9a79954b804440a3b4008ddc4032886a,0.396,2000,cupboard,0.1278978701258626,0.4135,2000,-0.01749999999999996,robotiq,0.4135
6430f9d2863f4524baf56f9b96ee837d,0.325,2000,raspberry,0.008888614810615205,0.2415,2000,0.08350000000000002,franka,0.325
36576ecb1b3648f7b74d5e71d3ba3f0c,0.6465,2000,tag,0.0325916618871006,0.273,2000,0.37349999999999994,franka,0.6465
fd8af04e86b84fca880c9bdd1fe0704f,0.8635,2000,foal,0.0003399721100377498,0.7635,2000,0.10000000000000009,franka,0.8635
de179cfe187542e79bc352f6ef72f2be,0.643,2000,camera,0.08251078289594849,0.6355,2000,0.007500000000000062,franka,0.643
3831b4749a8248d98150b093c3e4dc55,0.0,8,cupcake,0.016062975606582784,0.0,187,0.0,robotiq,0.0
fe03debc89a045f4a5cffe1974071347,0.9355,2000,chocolate_bar,0.01656501341680728,0.6205,2000,0.31499999999999995,franka,0.9355
0550fd7147fa48d0863095d4d346330d,0.8475,2000,heart,0.03760724996787133,0.599,2000,0.24850000000000005,franka,0.8475
d6d8625844124eee958ecf887395f32b,0.0,601,wine_bucket,0.006177158216546831,0.0005,2000,-0.0005,robotiq,0.0005
7aa589395b5a40f3a75168e9f537d750,0.0015,2000,visor,0.001678757792893385,0.179,2000,-0.1775,robotiq,0.179
de017be6ca374a5bb35f652f48d841d8,0.792,2000,candle_holder,0.2727827543119648,0.5645,2000,0.22750000000000004,franka,0.792
229d686ed3c348808432d9093621eefd,0.9465,2000,curtain,2.537999488992001,0.131,2000,0.8155,franka,0.9465
c8d22098ffaa47af91d525c8e2e95e68,0.3545,2000,fan,0.06909673079088331,0.275,2000,0.07949999999999996,franka,0.3545
ba0414d87a774088bea1b2a5cbb6d26d,0.291,2000,gasmask,0.7362675856915137,0.2765,2000,0.014499999999999957,franka,0.291
2059dfe757584bcf8a480b56b44b855f,0.6925,2000,machine_gun,0.010497463124269643,0.6445,2000,0.04800000000000004,franka,0.6925
8a451338b2194387ae8cd6140ae51c97,0.7955,2000,fan,0.06061629049801324,0.555,2000,0.24049999999999994,franka,0.7955
d21894ed7af24cf2aef2752ad5026dd1,0.622,2000,fireplug,0.12406226908325509,0.6165,2000,0.005499999999999949,franka,0.622
66b064c64c9a4ca7b001861ba6433ad9,0.8135,2000,tag,0.013022899835326833,0.23,2000,0.5835,franka,0.8135
c6d73780679d4b19b67086382152a533,0.459,2000,toy,0.0016385408553711925,0.338,2000,0.121,franka,0.459
38b7db04e49e4cd996ab1e55b9af0b96,0.718,2000,wine_bucket,0.008899205060003744,0.0515,2000,0.6665,franka,0.718
6c7858341c08466082912d2095417939,0.9285,2000,ottoman,0.0018784333636543498,0.6795,2000,0.249,franka,0.9285
0542560deb10425a83096b57fde9c3c2,0.7065,2000,signboard,0.0009652445043716572,0.348,2000,0.35850000000000004,franka,0.7065
256bcceef0884737948ea585c1561b7b,0.865,2000,shark,0.03773024042772606,0.527,2000,0.33799999999999997,franka,0.865
2913b959448b435e9aed0fcc4897cf1a,0.9325,2000,toast_(food),0.00013860678201009976,0.1735,2000,0.759,franka,0.9325
b186809905934054bf22951212c4ea63,0.887,2000,ski_pole,0.034855973148294084,0.319,2000,0.5680000000000001,franka,0.887
7bc05285946e4d0385b7a938939c7148,0.9725,2000,kitchen_table,0.028443103420746494,0.203,2000,0.7695000000000001,franka,0.9725
2b46b906575144a6be8f0aed9614c7ed,0.956,2000,rifle,0.06067696942282727,0.366,2000,0.59,franka,0.956
a30c874a645749108423449283c0ff2c,0.861,2000,lion,0.04127858313802239,0.941,2000,-0.07999999999999996,robotiq,0.941
0df79b5bf0f74582a1473374c24dc326,0.55,2000,elephant,0.002554092365085628,0.4005,2000,0.14950000000000002,franka,0.55
82a96bcbf8dc40db89fafceb3a7bb7bc,0.329,2000,wok,0.7937783472882026,0.0145,2000,0.3145,franka,0.329
8849b04a347740848c447c213daa335c,0.6545,2000,basket,0.024148299861314268,0.237,2000,0.4175,franka,0.6545
df3578dca7f844ab8b7205a1fbea5ed5,0.23,2000,pickup_truck,0.07218148814747168,0.2935,2000,-0.06349999999999997,robotiq,0.2935
d5e1b42b92934a9abf9402f97f9890fd,0.679,2000,fireplug,0.2888888253043104,0.4675,2000,0.21150000000000002,franka,0.679
e0fcbec02e78484085e86963126a7989,0.5845,2000,icecream,0.0009211592534252569,0.6705,2000,-0.08599999999999997,robotiq,0.6705
326b88cbd4a4473aa7e624ae00c29856,0.7705,2000,sofa_bed,0.04330582931227748,0.377,2000,0.39349999999999996,franka,0.7705
ad165ec4459045b1b6c2101bff620d9b,0.7425,2000,antenna,0.011192767718140186,0.2785,2000,0.464,franka,0.7425
5cf3aef2a3eb4431bd7a70334484924e,0.976,2000,toaster,0.0009065731389340945,0.077,2000,0.899,franka,0.976
81657d5ab53243e78bbaefde493edf5c,0.8785,2000,ski_boot,0.0009301740336653757,0.676,2000,0.2024999999999999,franka,0.8785
1bdfeb80a823450697f91fb26ac217e4,0.527,2000,bridal_gown,0.14041991769291443,0.2725,2000,0.2545,franka,0.527
a627d17e276548848b96caf56c0940c6,0.444,2000,cockroach,0.018920631966930203,0.42,2000,0.02400000000000002,franka,0.444
bd41c78c5d9246b08cd01364ec6ac8f8,0.7655,2000,spectacles,0.8960804299301407,0.269,2000,0.49649999999999994,franka,0.7655
72fc2f9279dc4a5bb76652fc272af184,0.985,2000,towel,0.07458501695509402,0.488,2000,0.497,franka,0.985
76beac27f39d4b95b2e90f5a68736437,0.935,2000,projectile_(weapon),0.0002818773525860183,0.3895,2000,0.5455000000000001,franka,0.935
e0976ef0e465417a816b142387f41765,0.6865,2000,soup,0.011013731460700189,0.807,2000,-0.12050000000000005,robotiq,0.807
665807dffceb41ce8f861db2c654e7a8,0.0,30,mushroom,0.029102390595634547,0.175,2000,-0.175,robotiq,0.175
70559cdb8d9a4fb2be56fee096805ef9,0.8765,2000,Lego,0.05631070629222411,0.782,2000,0.09449999999999992,franka,0.8765
6977120a31234b0f98a16d279b102936,0.7405,2000,Lego,0.009750119023189218,0.678,2000,0.0625,franka,0.7405
ff58f27249194f7e9fedab5e3e68270b,0.8205,2000,weathervane,0.04497087717494899,0.2275,2000,0.593,franka,0.8205
e2ec9cab2c714feda70b39e71224e3a0,0.8025,2000,helicopter,6.343316071312613e-05,0.5545,2000,0.248,franka,0.8025
2ec079d528f24cd8b94c53779fee1835,0.8715,2000,first-aid_kit,0.006319792245549104,0.9155,2000,-0.04399999999999993,robotiq,0.9155
32a201a6faf54a92b22bec4611b87e43,0.894,2000,monitor_(computer_equipment) computer_monitor,0.01370511054496065,0.8005,2000,0.09350000000000003,franka,0.894
546a398c655943dab83d0d5356e44405,0.688,2000,sail,0.010288483340013279,0.429,2000,0.25899999999999995,franka,0.688
e1074677ee7b4bcc855f55508ef8920c,0.5865,2000,motor,0.00030778271956389847,0.5235,2000,0.06300000000000006,franka,0.5865
fd5039a460f0409294973429cb5d2d4e,0.387,2000,octopus_(animal),0.00043874656957657775,0.551,2000,-0.16400000000000003,robotiq,0.551
dabd0c2de5b6414295b2970bd16e6c73,0.6675,2000,suit_(clothing),5.978980745539863e-06,0.4955,2000,0.172,franka,0.6675
d1bec7606e604e1bb3e0b00e7b303162,0.5135,2000,canoe,0.05479066043989534,0.312,2000,0.20149999999999996,franka,0.5135
b58d4eb47f044bd9871201af4d72ec1d,0.0035,2000,water_bottle,0.05798498518618488,0.094,2000,-0.0905,robotiq,0.094
0e92e5abf0f34444922783a90472073f,0.625,2000,elk,0.07106493741276576,0.688,2000,-0.06299999999999994,robotiq,0.688
2f082f75277d4e2eafb53272cdc86ac4,0.288,2000,power_shovel,0.012725743413995797,0.2285,2000,0.05949999999999997,franka,0.288
d1086009a04c4a06b7d02bc0d6dc3731,0.618,2000,bulldozer,0.006753593493742849,0.5625,2000,0.055499999999999994,franka,0.618
f68cbc8638df4d06ad10ba9a91d553aa,0.854,2000,bird,0.010088674871215534,0.804,2000,0.04999999999999993,franka,0.854
c332a64343df42eca94c05a4f36a33ca,0.6125,2000,skirt,0.001736999999732059,0.462,2000,0.15050000000000002,franka,0.6125
0f2b2014bb0945ea91ab650934ba6a49,0.89,2000,sombrero,0.6509687749614887,0.1325,2000,0.7575000000000001,franka,0.89
0c50e6e250af4f9fa3a2bcfb902a440f,0.772,2000,breechcloth,0.012935208731526895,0.6585,2000,0.11350000000000005,franka,0.772
1d3687a764404fc9a2ff78a06b873ecd,0.8645,2000,chair,0.08434550592064043,0.68,2000,0.1845,franka,0.8645
f8f4a3bbf71e4300a2472c82bc305de9,0.715,2000,dining_table,0.047653466762789275,0.514,2000,0.20099999999999996,franka,0.715
cfc4364c516544168dcc85096feccd40,0.8785,2000,balloon,0.014484598118127127,0.6815,2000,0.19699999999999995,franka,0.8785
6eac0832d89d4628b8309f4796803561,0.807,2000,hog,0.026637818713598983,0.609,2000,0.19800000000000006,franka,0.807
4fb3bab820de495599b2987e82c6e6e8,0.6835,2000,chair,0.042839721874767235,0.517,2000,0.16649999999999998,franka,0.6835
949e95ae441e4c29a77770bb89bced88,0.6595,2000,kennel,0.0013643820721635847,0.667,2000,-0.007500000000000062,robotiq,0.667
1d8a0247db4548858fcf8e27fb5de07f,0.896,2000,pen,0.00019411937526182856,0.6085,2000,0.2875,franka,0.896
4d049c09a02e4a578c82f47466a9ab9c,0.786,2000,person,0.004269403571690942,0.535,2000,0.251,franka,0.786
be9b034525c246cebab3620acb5a8027,0.853,2000,blanket,0.11486144868094496,0.384,2000,0.469,franka,0.853
ca1165b3c14b47f0897daa0e8b1745d3,0.935,2000,clarinet,0.006778350037655567,0.5795,2000,0.35550000000000004,franka,0.935
a075f9b382f24e4e85363a3af97fe0a9,0.838,2000,sandwich,0.028637605382902262,0.985,2000,-0.14700000000000002,robotiq,0.985
269e62bfe6124fa1911a541a845f86c1,0.015,2000,detergent,0.0008536274827875433,0.125,2000,-0.11,robotiq,0.125
3d94c44b36564ffcaea1d02dff6a4c74,0.6875,2000,space_shuttle,0.015490551239626683,0.363,2000,0.3245,franka,0.6875
f2d31eb0ddac4d21944df7dcc4af6d28,0.874,2000,vending_machine,0.0010608549337686852,0.516,2000,0.358,franka,0.874
e8eae07895934021a6578ef0cf0d6b2c,0.6415,2000,baboon,0.001308138020715908,0.712,2000,-0.07050000000000001,robotiq,0.712
5519c4c436c54946849d298f0dc13744,0.5705,2000,blimp,4.256130080580375e-05,0.245,2000,0.3255,franka,0.5705
ba8557c211ef42cc81aeb1103110c422,0.7025,2000,rat,0.020001008297431472,0.4265,2000,0.276,franka,0.7025
fed35fa514924ff480a9d7b761f977b0,0.9335,2000,table,0.006491679272514332,0.3345,2000,0.599,franka,0.9335
22fe649c27174c0d801646a75c40d54d,0.2205,2000,bolt,0.010272139883004726,0.6885,2000,-0.46799999999999997,robotiq,0.6885
073534d7bb5d4b90a86c44316c0f112d,0.0045,2000,vase,1.4392550574759237,0.459,2000,-0.4545,robotiq,0.459
ba4994111ff24568861c60e41dac8815,0.8585,2000,steak_(food),0.005453732108337105,0.325,2000,0.5335000000000001,franka,0.8585
3ba52a41b4b248df953684861d9e7a20,0.86,2000,milkshake,0.8741229832124928,0.706,2000,0.15400000000000003,franka,0.86
196ed80846d94df29e8e5464156d6257,0.4915,2000,hamburger,0.06557311425041178,0.596,2000,-0.10449999999999998,robotiq,0.596
9088fdc12c7e4b3ba05613adafbea8d2,0.9895,2000,hat,0.006311942938721914,0.159,2000,0.8305,franka,0.9895
a3968c83f2dc45509712bc68ebbe95e4,0.709,2000,motorcycle,0.00264109913157654,0.2645,2000,0.44449999999999995,franka,0.709
6a60f8f5170545d0a9c375dbd0140054,0.754,2000,dress,0.0011075675575819965,0.386,2000,0.368,franka,0.754
6b6ecc33993d49939bd4c7633c795577,0.141,2000,cash_register,0.0004994455063407053,0.1755,2000,-0.0345,robotiq,0.1755
c29082f4a2bc4ee7ba49311b7f673457,0.45,2000,handbag,0.0031803522632489136,0.4305,2000,0.019500000000000017,franka,0.45
d11039526b3943e6853234295571057b,0.9795,2000,vodka,0.003511702784053702,0.811,2000,0.16849999999999998,franka,0.9795
59b932c6bf7842d59830e1b45bc9c261,0.9525,2000,microwave_oven,0.00013766034108482036,0.8975,2000,0.05500000000000005,franka,0.9525
a21bd4eed2c642eaa7e702269f47b002,0.7355,2000,blackboard,0.07388982120985575,0.3005,2000,0.43500000000000005,franka,0.7355
b45a8a265434477a92087d0446c6db0e,0.0,1156,garbage,0.012490392423112864,0.002,2000,-0.002,robotiq,0.002
e8c6dbdec8cf4b71bd72da63e27ee104,0.623,2000,blanket,0.0035166176877270174,0.0735,2000,0.5495,franka,0.623
eb9b8ab2aeb84c6eb87be2ad3501705a,0.817,2000,flash,0.001203909894750697,0.672,2000,0.1449999999999999,franka,0.817
55190fb38fca43a0926fd1b8cc9d8023,0.567,2000,earring,0.00015070469807145363,0.4815,2000,0.08549999999999996,franka,0.567
59e9c369ae7148378c496aef09fa7cf1,0.8435,2000,skateboard,0.0011833945707480492,0.394,2000,0.4495,franka,0.8435
f1a1c38cb35c4266be0efb43f1411260,0.107,2000,sausage,0.0003304248177925934,0.1765,2000,-0.06949999999999999,robotiq,0.1765
0ef2df76b5d04c75b4d612a505ad260b,0.804,2000,water_bottle,0.014296171779482812,0.805,2000,-0.0010000000000000009,robotiq,0.805
dbac58a0440f47709bf5c36d6f2116cd,0.7455,2000,pillow,0.11539277329633607,0.348,2000,0.3975000000000001,franka,0.7455
f5bef92473d94fc5b2b01c16a02154aa,0.835,2000,satchel,0.03471701957971578,0.9505,2000,-0.11550000000000005,robotiq,0.9505
4823dcf53e804619a219c5a21d11a18c,0.91,2000,computer_keyboard,0.08023406774885732,0.242,2000,0.668,franka,0.91
2a54e15bb0f24f2299aede92b1a33708,0.819,2000,vent,0.0035086506346290194,0.426,2000,0.39299999999999996,franka,0.819
5fcb3f108f8048e790ddb27b1a4291b5,0.4775,2000,telephone,0.19863527523273258,0.2605,2000,0.21699999999999997,franka,0.4775
eb219212147f4d84b88f8e103af8ea10,0.645,2000,frog,0.03834014863275872,0.4,2000,0.245,franka,0.645
044e121a90b5420b9f86e0cba313a5e3,0.661,2000,bass_horn,0.002134897388368943,0.605,2000,0.05600000000000005,franka,0.661
618377179d944f7f9281de48d4a259ac,0.335,2000,tablecloth,0.16897602853011906,0.361,2000,-0.025999999999999968,robotiq,0.361
5fe299e839ec4d1586124a084811073c,0.292,2000,table-tennis_table,9.489047020641953e-06,0.23,2000,0.06199999999999997,franka,0.292
f6563bbdbfc2403ba5efa1880a01c83b,0.859,2000,strap,0.002071093006412078,0.506,2000,0.353,franka,0.859
c5ee1bbed00c4553ab2359a81dd440c5,0.77,2000,pen,0.024953989204429282,0.505,2000,0.265,franka,0.77
3a9b06df08664f2eafe1ba02b5eda843,0.9605,2000,rifle,0.05877671744167193,0.4015,2000,0.5589999999999999,franka,0.9605
7b8e849ea0c945e09a2d34faef643a61,0.737,2000,jeep,0.01705225512036147,0.591,2000,0.14600000000000002,franka,0.737
267c9e22bc4549ce9fc131305c08739c,0.0,897,microwave_oven,0.1266022444001352,0.036,2000,-0.036,robotiq,0.036
a35d99f9a74e41b7bc81542604a896c4,0.936,2000,cornice,0.11044238512529603,0.643,2000,0.29300000000000004,franka,0.936
161cd9949bc94e299b5ad1f2fa03a574,0.5045,2000,pinecone,0.0024099017943298193,0.99,2000,-0.48550000000000004,robotiq,0.99
4e8cefda91a14aa5b6d56f4a20f0307b,0.915,2000,radiator,0.2042869182506248,0.2295,2000,0.6855,franka,0.915
da7886cbd431414496b42399dcb04956,0.4785,2000,sweatshirt,0.0003148417641395561,0.358,2000,0.1205,franka,0.4785
e6863483617a4a5e8eeeeddedc85fae6,0.8905,2000,map,0.0009242262350714838,0.2005,2000,0.69,franka,0.8905
ba384da44e144b53a0d8f8dda464e0b4,0.07881773399014778,203,bear,0.00014121418133600957,0.297,2000,-0.2181822660098522,robotiq,0.297
f2de7240cfe64ebebff8f6d78f7f7879,0.905,2000,fume_hood,0.003311031717844299,0.28,2000,0.625,franka,0.905
9a07e1a9a4bb4d268926a8111bda8c26,0.8365,2000,chair,0.09336023928158216,0.661,2000,0.1755,franka,0.8365
85fe5b8c70e44492856b5ef37dd87e50,0.642,2000,ring,0.011351258873879215,0.1575,2000,0.48450000000000004,franka,0.642
16cb358be674479c8c5dfd4bd670a700,0.05,2000,lightbulb,0.06681923339346559,0.6485,2000,-0.5984999999999999,robotiq,0.6485
4ed5173b1e774f198514ccedfffafa36,0.947,2000,spectacles,0.045646132582013346,0.344,2000,0.603,franka,0.947
b206746a780b4f44abfbc1f91c4356dd,0.877,2000,freight_car,0.012653850007502607,0.413,2000,0.464,franka,0.877
2ca1db4e890e4b24a68624597e7d2fc8,0.7565,2000,cow,0.0008077238959265038,0.5795,2000,0.17699999999999994,franka,0.7565
777238e7561a4ac1b2d1ccefd1de5865,0.9635,2000,remote_control,0.004284500079687258,0.8175,2000,0.14600000000000002,franka,0.9635
6d71e3de6ad848c5b46f6eaba4a8769f,0.9575,2000,life_buoy,5.2771608174910405,0.5855,2000,0.372,franka,0.9575
ab41d89037394fbf9e0bdcf0629eda37,0.107,2000,pickup_truck,0.07623572841319791,0.434,2000,-0.327,robotiq,0.434
aeef0cac6eed48628d23beb1e6c817e6,0.928,2000,sword,0.010456984016345858,0.2965,2000,0.6315000000000001,franka,0.928
4ebcea838aa8479095f59090bc499d8f,0.8985,2000,salad_plate,0.3274279859964822,0.1355,2000,0.7629999999999999,franka,0.8985
f8a0f212a4984f30a5724b5c1898d2d5,0.0,926,radio_receiver,0.05938253437995804,0.0265,2000,-0.0265,robotiq,0.0265
07a45c5d00664738a5dabe6bd5b85928,0.6245,2000,tapestry,0.11053933023753139,0.029,2000,0.5955,franka,0.6245
ca0f242a4e21499bad2dd7974e6204a8,0.8785,2000,wardrobe,0.0008167489831659289,0.3665,2000,0.512,franka,0.8785
9c2a1a27103d4398b3f5395ef3872c09,0.633,2000,stereo_(sound_system),0.020961574341762716,0.1345,2000,0.4985,franka,0.633
44612bb17e7d43e4adfbe57b7649027e,0.0,152,pumpkin,0.09945356926776273,0.0,75,0.0,robotiq,0.0
d6aff073561a4a9f84c9d12472f17002,0.845,2000,gorilla,0.04413276232989395,0.643,2000,0.20199999999999996,franka,0.845
765de21c345842e38468d321ebdb84cb,0.343,2000,stove,0.005526760936840945,0.3155,2000,0.027500000000000024,franka,0.343
61ccd32e664b47e8a9021ad56d4635a2,0.2255,2000,stagecoach,0.0004953814604805653,0.4445,2000,-0.219,robotiq,0.4445
fbcaa2e44d784de5b8f971ee130741b6,0.8835,2000,chopping_board,0.050281758303844126,0.6375,2000,0.246,franka,0.8835
eeb4ce3b74724ee7b8e0a92f22b0041a,0.0,2000,cylinder,0.10267443786322833,0.174,2000,-0.174,robotiq,0.174
6bac0beae27748899ef260a8bac3e4a8,0.0,2000,jewel,0.0014518045181695933,0.196,2000,-0.196,robotiq,0.196
6cf47eab249c4ed7a476341a9f4a6758,0.6135,2000,goose,0.058678199649765804,0.557,2000,0.056499999999999995,franka,0.6135
e3a6fcf361d94351b2d3fe9095834b18,0.4315,2000,sword,0.004433457468315851,0.4035,2000,0.02799999999999997,franka,0.4315
51758621df8649f5990736c6ed3ebf46,0.69,2000,sportswear,0.03622050102836155,0.432,2000,0.25799999999999995,franka,0.69
271800d72414443bac04a6f60c5eb738,0.9025,2000,violin,0.0017891818959011286,0.323,2000,0.5794999999999999,franka,0.9025
42bf014476684e8ea2141ff373bd240a,0.233,2000,fighter_jet,4.236153057474667e-05,0.1675,2000,0.0655,franka,0.233
bafc16de9a22439990f54709a68ff6e6,0.7545,2000,gravestone,0.0019604371801649205,0.314,2000,0.44049999999999995,franka,0.7545
914c90667e0d419fa71577294bb4dd1a,0.957,2000,sushi,0.033730509971818964,0.0535,2000,0.9035,franka,0.957
c0ab7ce091ca4f43be9dcd83eeba69da,0.452,2000,tote_bag,0.004419086512698108,0.408,2000,0.04400000000000004,franka,0.452
f04ab1e3e07f42c799c9415a4767fec9,0.9755,2000,green_onion,0.00201503692235857,0.401,2000,0.5745,franka,0.9755
dd38a59a32804775b1199c5af5564ba9,0.8925,2000,hook,0.003336902871835718,0.5605,2000,0.33199999999999996,franka,0.8925
1061168f9ec345db81cffb81c17f3649,0.991,2000,ambulance,0.011664961457851352,0.386,2000,0.605,franka,0.991
ab8584778cd24d628d9c36fd81cc7dd9,0.9285,2000,baseball_bat,0.1721803578934711,0.536,2000,0.39249999999999996,franka,0.9285
ea58ab864fc342c1866ed9ff36ad6fab,0.7645,2000,cone,0.06054517657355688,0.1215,2000,0.643,franka,0.7645
4a8dc4ec9dfe45f692c48d67798b77cc,0.9625,2000,balloon,0.00016229129862048395,0.958,2000,0.0045000000000000595,franka,0.9625
5d811fbdfdd443d9a4c2813ef01b6878,0.2975,2000,bulldog,0.0011040902147568877,0.4235,2000,-0.126,robotiq,0.4235
5c6f14140c8f492391c464c308190c62,0.9425,2000,control,0.2055006518534086,0.1435,2000,0.799,franka,0.9425
c7088245fe4e49a6b3a3bbe01c479b2d,0.737,2000,elk,0.01221809876828814,0.4975,2000,0.2395,franka,0.737
f7476bbd8175430f9266326ba23dc47a,0.9435,2000,dartboard,0.11799330657813487,0.1235,2000,0.8200000000000001,franka,0.9435
fd16d37c66b34d0981cab82cc9881f77,0.743,2000,clock,0.1419277718283063,0.552,2000,0.19099999999999995,franka,0.743
ab8732d284e841b1a86a67d5a0049cc9,0.672,2000,bouquet,0.10938181703767824,0.438,2000,0.23400000000000004,franka,0.672
217b60bb9d3047bebf36dffc344bf3f6,0.8255,2000,airplane,0.07214119599192789,0.4115,2000,0.41400000000000003,franka,0.8255
7dda053766ea433ba2cb53765ca54b45,0.5535,2000,handcart,0.0002554579066248999,0.345,2000,0.20850000000000002,franka,0.5535
0316f2811433420a8315a6a2d19cab93,0.9345,2000,mail_slot,0.0013796235141126806,0.718,2000,0.21650000000000003,franka,0.9345
6003379e0d22482d97397a74e778ae83,0.543,2000,dog,0.0002080386487266263,0.624,2000,-0.08099999999999996,robotiq,0.624
ff12ae13bf3748e58f4fbd94d8f0a728,0.524,2000,wrench,0.006600557054506511,0.7075,2000,-0.1835,robotiq,0.7075
e752a734ea7b40f78f2b9ee57a76e1a9,0.844,2000,cone,0.0016438007669035617,0.0835,2000,0.7605,franka,0.844
c5449158fed94b30895e91504e479ac5,0.9135,2000,sword,0.002437351908099264,0.303,2000,0.6105,franka,0.9135
8b94db2326f44a1eb1c16132dfd2db53,0.912,2000,vodka,0.001183739076297401,0.351,2000,0.561,franka,0.912
d806163447c448328614d92545eef461,0.67,2000,bat_(animal),0.006859347156510981,0.697,2000,-0.026999999999999913,robotiq,0.697
ffd0e8c6c6b148ca877fbd8e4cd25d2b,0.8955,2000,belt,0.004115998650997021,0.5605,2000,0.33499999999999996,franka,0.8955
11e2ccf4fe834b25b02696f563fe770e,0.212,2000,hippopotamus,0.0331237073740087,0.6345,2000,-0.4225,robotiq,0.6345
4d29f717981e4477bb3b71e712ea4d12,0.7515,2000,ferry,0.0012331118042364188,0.1,2000,0.6515,franka,0.7515
ae81a6d59b73468b81003f355518e573,0.7395,2000,carton,0.0021178415775582205,0.1485,2000,0.5910000000000001,franka,0.7395
915606f84d2044fea81b776778cd1380,0.905,2000,pet,0.0036094996554804928,0.466,2000,0.439,franka,0.905
3a9a95549e8041fea11d9eff5a09c568,0.9095,2000,pipe_bowl,0.09481825074886294,0.639,2000,0.27049999999999996,franka,0.9095
812ed8c6fee44602a376159f7990a765,0.871,2000,microphone,0.00010249189471259888,0.5405,2000,0.3305,franka,0.871
eaad95f996b749fbb7310c0cb4164e12,0.0,21,mask,0.16295530144910192,0.004405286343612335,681,-0.004405286343612335,robotiq,0.004405286343612335
07aa112ed4be43f8ace4e1b0cb30e2f5,0.4435,2000,dress_suit,0.044257944921355846,0.445,2000,-0.0015000000000000013,robotiq,0.445
a015bbe15ba640eba0867a1317042dcd,0.8495,2000,rabbit,0.03527273505960553,0.618,2000,0.23150000000000004,franka,0.8495
35e4554687fa437b9a404abca1bc87ed,0.129,2000,train_(railroad_vehicle),0.017608710328960296,0.492,2000,-0.363,robotiq,0.492
77e2c5c60203449d8156bfe052cdc129,0.906,2000,barbell,0.00030600471510340143,0.2555,2000,0.6505000000000001,franka,0.906
8de1441aa4ba450abf9a63af0a1e55e9,0.632,2000,doll,0.001864172956246928,0.902,2000,-0.27,robotiq,0.902
6fc30ca34f3a4e2eb076e4e819f1b7c2,0.696,2000,drawer,0.026035063479817162,0.662,2000,0.03399999999999992,franka,0.696
7333335fbfb046719b08dcf3d8d6093e,0.7745,2000,fighter_jet,0.012274548225010085,0.437,2000,0.33749999999999997,franka,0.7745
3fee3d9c85b8468bb18833bf9521a87b,0.5775,2000,police_cruiser,0.04245122492844689,0.718,2000,-0.14049999999999996,robotiq,0.718
ff0dd18a3f264ec1bd4dc3f0fcc0209a,0.48,2000,soup,0.14010836339960053,0.278,2000,0.20199999999999996,franka,0.48
33c01301fa5c4a4eaed25e9e36951f9e,0.906,2000,pocketknife,0.18657121551253955,0.565,2000,0.3410000000000001,franka,0.906
49af49aecfde4d638062f3479856ad98,0.438,2000,birdfeeder,0.0005432323546372484,0.648,2000,-0.21000000000000002,robotiq,0.648
e3b24e018ebc42769c08819669ad03df,0.9425,2000,passenger_car_(part_of_a_train),0.004403115404509867,0.3985,2000,0.544,franka,0.9425
f61b6e3edf854a718cf41a81a6cfc102,0.5775,2000,record_player,0.009579843770901745,0.7165,2000,-0.139,robotiq,0.7165
b1d5762b6a1a470ca9009cbfd368e9f5,0.846,2000,handbag,0.00044240574013590075,0.124,2000,0.722,franka,0.846
d83f35ad19e8433d96187bba7352e9d7,0.888,2000,medicine,0.19094107364123272,0.8655,2000,0.022499999999999964,franka,0.888
f5847f80ad0f4a4da4684eb10bad6633,0.442,2000,statue_(sculpture),0.03775178455331061,0.459,2000,-0.017000000000000015,robotiq,0.459
c4ecc0c89acd4c0c875ff8675dca7195,0.594,2000,lion,0.002558054030699226,0.657,2000,-0.06300000000000006,robotiq,0.657
ef1d02fe28444991837aa1af862469ca,0.8645,2000,pickle,0.007487614075402331,0.9795,2000,-0.11499999999999999,robotiq,0.9795
2aebe096ac63446585aac5b48e665ab0,0.926,2000,street_sign,0.0003194498080175423,0.494,2000,0.43200000000000005,franka,0.926
8757f15fb75040868bf8d944791d3bd8,0.912,2000,mushroom,0.05418776388584297,0.7845,2000,0.12750000000000006,franka,0.912
4593753c66774b0a9f6db4c1535a731f,0.6305,2000,sculpture,0.0066023389708276,0.421,2000,0.20949999999999996,franka,0.6305
ca2514b2285a428fa3d4d0425dde157a,0.874,2000,pole,6.384734137039778e-05,0.4535,2000,0.4205,franka,0.874
c6390154c41d4ffb9361ad78c371061f,0.5485,2000,fireplug,0.11633925925293839,0.2655,2000,0.283,franka,0.5485
261e3990dfab43f5be3f65ee197af603,0.738,2000,orange_(fruit),0.0005003470427862107,0.999,2000,-0.261,robotiq,0.999
26587b743d2b460a865df2a69f4692d9,0.8945,2000,wall_clock,0.042374893379365806,0.3165,2000,0.578,franka,0.8945
75386b041bde489a9f164be51791d1db,0.6435,2000,teakettle,0.04019336859667279,0.95,2000,-0.3065,robotiq,0.95
dd99ebfc07e54d4fa674fd07b4bbef92,0.956,2000,camper_(vehicle),6.233299115267881e-05,0.977,2000,-0.02100000000000002,robotiq,0.977
dc47a8e45d34435ba3864a6510cbed54,0.0075,2000,crown,0.4638238825317982,0.25,2000,-0.2425,robotiq,0.25
6882c7b66d7f4d7f88f49841dcdfef22,0.8555,2000,freight_car,0.011381263185391868,0.4775,2000,0.37800000000000006,franka,0.8555
eea10af609a2469787bf25fb9875d575,0.9645,2000,shark,0.01591908685888008,0.0405,2000,0.924,franka,0.9645
e6552259de4441cf93531758745d8f31,0.911,2000,footstool,0.21436077931764821,0.2375,2000,0.6735,franka,0.911
4ff450c68b7143ea9df2e005147c0618,0.1465,2000,plow_(farm_equipment),0.1614311419810398,0.37,2000,-0.2235,robotiq,0.37
451daef26695425ab1b751f503f182e6,0.879,2000,hippopotamus,0.025816386124537308,0.834,2000,0.04500000000000004,franka,0.879
ef3832963ab24d129ec88fd4cac4818f,0.29,2000,sofa,0.09141719706510003,0.33,2000,-0.040000000000000036,robotiq,0.33
ee8294efa6344586a41efb8a8e05d88a,0.792,2000,cup,0.01796315036595509,0.1855,2000,0.6065,franka,0.792
e8fdb7065c684239aaff56e5553cc461,0.9495,2000,grizzly,0.0015524851358108035,0.0675,2000,0.882,franka,0.9495
bc03af64a3cb4af38771607b284e1ff9,0.011,2000,wardrobe,1.9334646911611386,0.3715,2000,-0.3605,robotiq,0.3715
dc6998cf30c848a3bb20c837d1857e15,0.515,2000,sweatshirt,0.016493085583364743,0.517,2000,-0.0020000000000000018,robotiq,0.517
462a296390094dedb114e4d9cc102505,0.324,2000,cushion,0.044414840323481745,0.552,2000,-0.22800000000000004,robotiq,0.552
6b778c1a588b40bcb907fa79c601ec5c,0.784,2000,glove,0.5103626023557204,0.65,2000,0.134,franka,0.784
e329d44d69554ae699d8f24093ec0ae7,0.952,2000,deck_chair,0.017320002343152747,0.2605,2000,0.6915,franka,0.952
360eb6f19e764527a98b157516c2a193,0.832,2000,air_conditioner,0.08539898713742858,0.2675,2000,0.5645,franka,0.832
29c041703a6d49ecb08bc2427d71851a,0.3045,2000,propeller,0.6625042562653305,0.7665,2000,-0.46199999999999997,robotiq,0.7665
f7a5d89883e547cd86e63ae67248eecb,0.952,2000,fireplug,0.0009262471570354388,0.279,2000,0.6729999999999999,franka,0.952
53c4339341eb4e40a3fc3872f0842479,0.622,2000,space_shuttle,0.00016330162108660554,0.331,2000,0.291,franka,0.622
f1b05ddf1b634481903e353d41b6a654,0.7695,2000,bathtub,0.0023159087909002513,0.5205,2000,0.249,franka,0.7695
e1409dcd76b54c0a8a5dcecb37998316,0.6335,2000,beetle,0.07372924630863537,0.4705,2000,0.16299999999999998,franka,0.6335
287738fd02734769ab20b648fa8537cb,0.909,2000,parasol,0.005880297401518592,0.333,2000,0.5760000000000001,franka,0.909
ed58301fd5854d9ab6341f9c86c97008,0.6685,2000,oil_lamp,0.015704191233937296,0.6505,2000,0.018000000000000016,franka,0.6685
4041d85ffb5a4fdb98cabdf92b78f3cc,0.8125,2000,cone,0.0003260652453512255,0.6365,2000,0.17600000000000005,franka,0.8125
566cba1db66747bdb1ed46057b88b3fe,0.848,2000,scarecrow,0.0035519917787299924,0.7925,2000,0.055499999999999994,franka,0.848
3b706feb53764c1c82271e02c10f25a8,0.902,2000,bicycle,0.030458332639239617,0.3915,2000,0.5105,franka,0.902
d72654cf2adc4cc29529657ea402dbd6,0.079,2000,police_cruiser,0.0017158422273652813,0.344,2000,-0.26499999999999996,robotiq,0.344
dc707f81a94e48078069c6a463f59fcf,0.797,2000,wineglass,0.07923661493294469,0.6755,2000,0.12150000000000005,franka,0.797
81fc76de8bda40a890f828e531e31e88,0.5225,2000,dollhouse,0.0001391112427147133,0.6195,2000,-0.09700000000000009,robotiq,0.6195
9252141c5ef641f2987be9ec21a51446,0.9245,2000,computer_keyboard,0.3047567777373462,0.419,2000,0.5055000000000001,franka,0.9245
d6904dbdae8544f580c87c3054695219,0.8625,2000,printer,0.11869291203598904,0.548,2000,0.3145,franka,0.8625
0c9957338432477bb6eb6f0609bc3062,0.813,2000,notebook,0.15096319450193613,0.022,2000,0.7909999999999999,franka,0.813
522de1d948004544b07cd36a078f49a6,0.0,2000,detergent,0.006521843519475604,0.165,2000,-0.165,robotiq,0.165
3ccf0f0e8e2e41dd8e6f6b88ce278738,0.8755,2000,heart,0.004030101374289816,0.555,2000,0.3204999999999999,franka,0.8755
3de9d35d897c4fad99946bb1fd8aa965,0.6695,2000,hot-air_balloon,0.002258799534720359,0.441,2000,0.22849999999999998,franka,0.6695
2b8040dbbcbc4b1894eb7cd1325a30ae,0.934,2000,checkerboard,0.000260639213073526,0.004,2000,0.93,franka,0.934
aedb9509ef9347a5b055e02deeadeff7,0.3505,2000,armchair,0.003445601535109536,0.1615,2000,0.18899999999999997,franka,0.3505
080f0605746b4cfeaeea737eab8a6be2,0.97,2000,booklet,0.8124155465205556,0.091,2000,0.879,franka,0.97
964fa8b171df41dd8fe6b1305da24812,0.853,2000,coverall,0.001085639850603276,0.5735,2000,0.27949999999999997,franka,0.853
e4f1c395626d49fa906b03cb5e31de18,0.6675,2000,fireplug,0.06600329294170641,0.53,2000,0.13749999999999996,franka,0.6675
5abfc42baad4474cb8676b5cb709abdb,0.647,2000,birdfeeder,0.02433476932851932,0.638,2000,0.009000000000000008,franka,0.647
5883e3a8383e4fd9960adb00284bbe79,0.682,2000,hornet,0.017303571848060115,0.716,2000,-0.03399999999999992,robotiq,0.716
64958f22e6e64a99b707241677753f46,0.8865,2000,popsicle,0.3788766468399372,0.8695,2000,0.016999999999999904,franka,0.8865
a27ba021c9ce426b9ca68a1ff5c6cae8,0.5855,2000,snowman,0.005386114136096613,0.4905,2000,0.09500000000000003,franka,0.5855
b29ea5232367477a8973e2d35d39f497,0.5845,2000,elk,0.004761035006522374,0.649,2000,-0.0645,robotiq,0.649
376e1aba988e4b599789ad7e8ecd5357,0.9255,2000,drumstick,0.06630287084031619,0.706,2000,0.21950000000000003,franka,0.9255
80f0c4e5e62640f59bbd81ee553d69a2,0.766,2000,tobacco_pipe,0.024376026710539195,0.3485,2000,0.41750000000000004,franka,0.766
b31bf7c6d10e493d879b902485c24daa,0.4505,2000,choker,0.0012211802826310163,0.3435,2000,0.10699999999999998,franka,0.4505
f42889d3fe1e48faa60e2b88eea4ef82,0.118,2000,traffic_light,0.22913546902253934,0.4495,2000,-0.3315,robotiq,0.4495
dcd767affcb54b35834fa5297f52f9cb,0.893,2000,butterfly,0.025116079716737964,0.2565,2000,0.6365000000000001,franka,0.893
b6747a9de29a4dce8f34bb5efa7ab8e1,0.7855,2000,drone,0.03855865502338889,0.403,2000,0.38249999999999995,franka,0.7855
d40fdecddc254175996276153ea5ed7d,0.6535,2000,microscope,0.004318720813639418,0.9575,2000,-0.30400000000000005,robotiq,0.9575
fc341860f7b94257883cfef2a667a697,0.794,2000,hog,0.22337871082037283,0.713,2000,0.08100000000000007,franka,0.794
28916281018645e1a805a0a416bb2192,0.149,2000,puffer_(fish),0.00010840311230242707,0.2435,2000,-0.0945,robotiq,0.2435
0ee61dc73b724bb2a34109bd0f3d59c0,0.745,2000,sponge,75.43512201170698,0.542,2000,0.20299999999999996,franka,0.745
758e1a26051f4298bb4d9173b301b69f,0.627,2000,rodent,0.0017045177556662481,0.468,2000,0.15899999999999997,franka,0.627
0f5cff9fb78b4657b26ddefff4e10fcf,0.769,2000,lantern,0.049509813503307076,0.491,2000,0.278,franka,0.769
0351104bf3bc4f91b2a6955a2a23d7a4,0.7575,2000,teapot,0.024147130233045447,0.9635,2000,-0.20600000000000007,robotiq,0.9635
f322b1f06bfd438bb20d8af16e92cc14,0.945,2000,gemstone,0.027771852609860263,0.0275,2000,0.9175,franka,0.945
8654c66cfebe43f4a14ebd24eb446440,0.029,2000,motor,0.0006189713124451283,0.472,2000,-0.44299999999999995,robotiq,0.472
3ddc195b71994042b32b96c23b1577d6,0.676,2000,sock,0.00031556761134892336,0.6475,2000,0.02850000000000008,franka,0.676
9ded2a6e40694a3aaa855801727e4e82,0.5975,2000,hand_glass,0.0017745365740399332,0.2605,2000,0.337,franka,0.5975
6f2b640a23d74fb2b3a4a1d2f533f326,0.7005,2000,globe,0.5269814614790479,0.511,2000,0.1895,franka,0.7005
bc204ec140f94cd3b4c9c22855c3f0f2,0.922,2000,radish,4.941867786019502e-07,0.4075,2000,0.5145000000000001,franka,0.922
85b1e6ac7f754dfcab77cec824637763,0.9555,2000,pliers,0.04524570287494174,0.4945,2000,0.461,franka,0.9555
31d46740ef6a41b18f67808225cef468,0.6195,2000,deck_chair,0.10584124594550876,0.3255,2000,0.29400000000000004,franka,0.6195
65e304546cdf4740b7d86b35755242c9,0.9005,2000,skateboard,0.01080478510873892,0.41,2000,0.4905,franka,0.9005
c0ede25790c64bd1a66d9757451bd8ce,0.478,2000,veil,0.011201409134632643,0.2455,2000,0.23249999999999998,franka,0.478
158d108952e540a1beb0ab66432b1652,0.894,2000,antenna,0.003899646513913813,0.7945,2000,0.09950000000000003,franka,0.894
4ad3ff1d9cc04163be00391ef77c9cd9,0.8635,2000,sweater,0.00011753615303451545,0.6445,2000,0.21900000000000008,franka,0.8635
4716d162a7ba4be0a489f5a9dd3c81e8,0.6935,2000,lollipop,0.0014311665543240613,0.9595,2000,-0.266,robotiq,0.9595
c4ee70d74a7843f8bc89ca8d86a6398f,0.8235,2000,pizza,0.05051008876140521,0.418,2000,0.4055,franka,0.8235
3b9e7e5b955d4c7cba9406cf70ebcee5,0.8175,2000,Lego,0.042035273619336504,0.647,2000,0.17049999999999998,franka,0.8175
23b5af516c624024b8c1d34b7a568d23,0.357,2000,spear,0.02314685190597202,0.1285,2000,0.22849999999999998,franka,0.357
7bcae5766790468aa46dddee691b26aa,0.272,2000,saddle_(on_an_animal),0.005311864912914266,0.1205,2000,0.15150000000000002,franka,0.272
820e7ab9ec224193a8088b22e1850bbc,0.8235,2000,chair,0.15700471972924887,0.263,2000,0.5605,franka,0.8235
d300f72448f14589be070c955c7781d7,0.8335,2000,flannel,0.0003945612281208377,0.5955,2000,0.238,franka,0.8335
cd50c47cbfaa487991ef1b6681a5ad63,0.725,2000,toy,2.9501528653989448e-05,0.5125,2000,0.21250000000000002,franka,0.725
89986433667840e5a188fb3c81fabfc3,0.8275,2000,knocker_(on_a_door),1.4114726830187887,0.4855,2000,0.342,franka,0.8275
266749145fb748b98f1aba7b168c16fd,0.3495,2000,seashell,0.0011700101852488956,0.549,2000,-0.19950000000000007,robotiq,0.549
952659ba28014472bbe3601bcf0fcdca,0.738,2000,elephant,0.027546805865634422,0.4875,2000,0.2505,franka,0.738
b189100bf357401eb6742b5d52561dbf,0.0985,2000,blimp,0.0010992554043473836,0.276,2000,-0.17750000000000002,robotiq,0.276
18311353c2464a929ec15b18819d0295,0.975,2000,watch,9.442296147747161e-05,0.1,2000,0.875,franka,0.975
b55289b594654879b6ac22891f86698a,0.876,2000,pizza,0.010935480722169608,0.646,2000,0.22999999999999998,franka,0.876
8faa6ddbd0454b678399739c641f4292,0.725,2000,teddy_bear,0.5091613159757307,0.5395,2000,0.1855,franka,0.725
28103790207e4b1cbd67a900c4a2d0c0,0.9095,2000,faucet,0.02964832261864405,0.4375,2000,0.472,franka,0.9095
26566d44a33f4b5eb42aeebaa37445fc,0.1715,2000,motor_vehicle,0.019370467738406096,0.3045,2000,-0.13299999999999998,robotiq,0.3045
e4c3a6c20b1949c3bef3659249ea23ec,0.7975,2000,birdbath,0.05157629559096034,0.4865,2000,0.311,franka,0.7975
9db4c0c2be104b12ac0ae669888391bc,0.7745,2000,grocery_bag,0.01173500117497834,0.365,2000,0.4095,franka,0.7745
5c78f100eea749c895d69fe2ed728197,0.955,2000,sunglasses,0.0007234833989748564,0.283,2000,0.6719999999999999,franka,0.955
956745b6903b4934bb34b510c2e55be8,0.4285,2000,teapot,0.05397517169497873,0.7805,2000,-0.352,robotiq,0.7805
dbcc82f60a3c4483b1ebb4934c58261e,0.073,2000,sunflower,0.15735970284778347,0.088,2000,-0.015,robotiq,0.088
a4618bdaf9314a9bb4690b009503811a,0.549,2000,beanie,0.0011124955662914291,0.219,2000,0.33000000000000007,franka,0.549
5e98b02245f6400bbbd61bba816db2d0,0.8255,2000,minivan,0.024344525568720056,0.6755,2000,0.15000000000000002,franka,0.8255
fb476739960b4ea194beaded86abe44d,0.774,2000,beanbag,0.03487467644863091,0.1295,2000,0.6445000000000001,franka,0.774
9540b760aea545c8a5595816a9e32e5c,0.2995,2000,crouton,0.0013643051055064568,0.452,2000,-0.15250000000000002,robotiq,0.452
c25308e36b3a4c6d9745e01fb34a93a1,0.91,2000,fire_extinguisher,0.2955237114601206,0.41,2000,0.5,franka,0.91
8b8b98873a134f6c99cbdc7d4fd23447,0.6335,2000,sportswear,0.002024345576810358,0.3645,2000,0.26899999999999996,franka,0.6335
efc971c1e966434d803e733bc2f679a1,0.833,2000,generator,0.6301153745711813,0.957,2000,-0.124,robotiq,0.957
d542c5931c604789b608cf8cc5c8a8d9,0.899,2000,necklace,0.0042966864498640775,0.5315,2000,0.36750000000000005,franka,0.899
3c7d6595ffe345afbda43150a861ce10,0.9575,2000,doughnut,0.043230904097230606,0.011,2000,0.9465,franka,0.9575
bc6e7c6a01bc492aa153a60480f434a9,0.5535,2000,lantern,0.013914339776402176,0.257,2000,0.2965,franka,0.5535
ee25671274534436826f92af7e0191ec,0.0005,2000,sandwich,0.039758721964200265,0.4035,2000,-0.403,robotiq,0.4035
bfca19ab58da4372884571ab1a91d967,0.848,2000,spear,0.010930209112898893,0.2505,2000,0.5974999999999999,franka,0.848
2fc1abf210b348469d65914c62da19a7,0.853,2000,rabbit,0.0009850242971553428,0.994,2000,-0.14100000000000001,robotiq,0.994
966de49fda4142678f9319c1c9ea69d5,0.851,2000,beret,0.03659710560680161,0.993,2000,-0.14200000000000002,robotiq,0.993
f21a2fe135c14509a7a50ca98b50fc84,0.904,2000,umbrella,0.0976529385209592,0.144,2000,0.76,franka,0.904
d22d36e8883943cf8733120fde611c48,0.8465,2000,school_bus,0.015034597654519808,0.356,2000,0.49050000000000005,franka,0.8465
578be076b72f462799a751e0f32c5982,0.2715,2000,strawberry,2.113594500516632,0.1835,2000,0.08800000000000002,franka,0.2715
1769a36326a04913a2b8bb0ca47e9e91,0.4865,2000,carrot,0.0002406575698269895,0.347,2000,0.1395,franka,0.4865
499b3473ab424586b7a74408855d40b4,0.0,1480,barrel,0.012649024793017822,0.0595,2000,-0.0595,robotiq,0.0595
0c8fe88fbb324b278bf4bb3742bb38b6,0.893,2000,cooking_utensil,0.02320049215225429,0.5065,2000,0.38650000000000007,franka,0.893
725273fbdde54a1babaf6ce1c95b96b4,0.912,2000,speaker_(stero_equipment),0.1369693271697018,0.2555,2000,0.6565000000000001,franka,0.912
e92f00ea8d6a48d38d591215142fa576,0.942,2000,frying_pan,0.013030114452438351,0.2475,2000,0.6944999999999999,franka,0.942
6d1b7b48dbc645bcb78eb205b73eceb8,0.668,2000,poncho,0.0014503013125089735,0.474,2000,0.19400000000000006,franka,0.668
dac598f4596b493e8497d52726224d1a,0.2635,2000,mallard,0.0005999906694339589,0.4725,2000,-0.20899999999999996,robotiq,0.4725
d5e585b65e2a4108a4b57f05a257f804,0.8905,2000,nailfile,2.01171558710056e-06,0.55,2000,0.3404999999999999,franka,0.8905
eea062a7afaa4ab6bef8833112456eec,0.86,2000,violin,0.013992573754657992,0.1395,2000,0.7204999999999999,franka,0.86
36bd8fbd467e412780d9180b42416635,0.4975,2000,puppy,0.03862773385381861,0.648,2000,-0.15050000000000002,robotiq,0.648
a22a5ec25ed747b1a1614ef0ee59725b,0.049,2000,kitten,0.03054657514362379,0.5875,2000,-0.5385,robotiq,0.5875
dd678588fa084e108b004d5b92328785,0.464,2000,sombrero,0.007772055966345339,0.399,2000,0.065,franka,0.464
7d684d4513464012a2eec874b61ad62e,0.5875,2000,beetle,0.025467989122283347,0.485,2000,0.10250000000000004,franka,0.5875
6d4d4e9294a64d65870c401005cbc0f9,0.6795,2000,buoy,0.02561861051642017,0.365,2000,0.3145,franka,0.6795
35b1b9b094974418b4954d489970d3a5,0.9275,2000,sail,0.0038352590898934422,0.103,2000,0.8245,franka,0.9275
66b2ea9eb6e5468d91d814395036a537,0.0,1642,motor,1.079727867264062,0.015,2000,-0.015,robotiq,0.015
c3102c6cd57c4e60abe4ce9d0c3a41d3,0.618,2000,vase,0.0011975289140039832,0.766,2000,-0.14800000000000002,robotiq,0.766
59c36e80c6874222a6e70c21c34671bc,0.8365,2000,mouse_(computer_equipment),0.011300524399126002,0.8995,2000,-0.06299999999999994,robotiq,0.8995
03180c852f0e4586839a2888e81c503f,0.625,2000,parasol,0.08436749839133197,0.159,2000,0.46599999999999997,franka,0.625
64d77735c8404c4ea81a46779a84d2ac,0.967,2000,water_gun,0.0005104103953221101,0.3765,2000,0.5905,franka,0.967
dd108faff010488db0e4eebbaaa2cebe,0.4015,2000,shoulder_bag,0.018681197210211553,0.302,2000,0.09950000000000003,franka,0.4015
a02bf18332f646069e7f1ebaedec9dcb,0.7725,2000,wreath,0.09085129744167551,0.912,2000,-0.13950000000000007,robotiq,0.912
c13df811c8334f158d486ff15d1d23db,0.0125,2000,birdcage,0.0002482935430821851,0.636,2000,-0.6235,robotiq,0.636
74e7cee7ed044439aca9241b0739156e,0.8145,2000,baboon,0.07877384981769255,0.5335,2000,0.281,franka,0.8145
721ceca9782441b3ab2244a99e4304a4,0.875,2000,cone,0.0005678717541750697,0.6095,2000,0.26549999999999996,franka,0.875
117c7b0f25a94ea492deab9d1c1d768f,0.6235,2000,doorknob,0.054370093848314496,0.6975,2000,-0.07399999999999995,robotiq,0.6975
9a96cb9e351c460b9ecb10088be7d0cc,0.0,3,fig_(fruit),0.002376349666879768,0.561,2000,-0.561,robotiq,0.561
e198f7e92cfc4802a3bdd1a10a9a44de,0.925,2000,butterfly,0.23919628451206407,0.248,2000,0.677,franka,0.925
721b013ec4f84977a11d9d0549197368,0.8225,2000,trailer_truck,0.0010116999211292927,0.6575,2000,0.16500000000000004,franka,0.8225
b62be821ba6e420bb4d7f4a846b39506,0.004,2000,tag,0.0022474068822338038,0.0175,2000,-0.013500000000000002,robotiq,0.0175
dd693dec92b64fa38322ac6ab6879d77,0.7445,2000,rabbit,0.21055406864115048,0.4985,2000,0.24600000000000005,franka,0.7445
036b57beece645d98d604c69bd6d6717,0.9065,2000,wheel,0.005008200140655299,0.572,2000,0.3345,franka,0.9065
c6c0f931fba24903b6b480abf2be4ebb,0.5955,2000,hamster,0.028259317223004808,0.5065,2000,0.08900000000000008,franka,0.5955
294c59fc3e8d453bb887d5948bfd99e3,0.637,2000,mop,0.0006194153527902897,0.679,2000,-0.04200000000000004,robotiq,0.679
e0f490339cb543f1894b60df92c036b7,0.822,2000,cardigan,0.31495621807945684,0.022,2000,0.7999999999999999,franka,0.822
8833102f732d42e3b92148f7d8ee1c7a,0.1835,2000,mitten,0.9452258996879938,0.378,2000,-0.1945,robotiq,0.378
be6ef0a613ab41ad908d0deb2b399925,0.946,2000,headband,0.0020816710308562076,0.495,2000,0.45099999999999996,franka,0.946
6d3e0a9c3d5d45248dc1cba076fd7d44,0.7395,2000,projectile_(weapon),0.00042096136650905506,0.4825,2000,0.25700000000000006,franka,0.7395
9a122b5d958046949d07ff580799ffd4,0.545,2000,camel,0.07418719765540656,0.4535,2000,0.09150000000000003,franka,0.545
bb34ef5d5eb641de973a88d5ea5bca66,0.84,2000,ladybug,0.08655344857255122,0.6185,2000,0.22149999999999992,franka,0.84
a84fb46b851e4294a47a3f0cad1f2484,0.7865,2000,alarm_clock,0.12837020251981324,0.9065,2000,-0.12,robotiq,0.9065
059a7936ed89419ba9eae3153753ae86,0.158,2000,pony,0.1787527424039273,0.2825,2000,-0.12449999999999997,robotiq,0.2825
2304f145b2f645f5bdf6ee4563ac9173,0.7505,2000,banana,0.2778411199838648,0.3115,2000,0.43899999999999995,franka,0.7505
653f43ff658e42d9a8084ace2110d715,0.7505,2000,fish,0.0015359125673771676,0.7875,2000,-0.03700000000000003,robotiq,0.7875
fa96a964e94b4ee49c0d042e2bbd8387,0.952,2000,doormat,0.0006033246177141155,0.2755,2000,0.6764999999999999,franka,0.952
c12de382488a4f93b7a7276af3a277dd,0.8105,2000,sportswear,0.026166439616472085,0.494,2000,0.3165,franka,0.8105
1417a4fccb9d4a728105b3a3a45f6bb1,0.8625,2000,bookcase,0.057714617335350306,0.359,2000,0.5035000000000001,franka,0.8625
f6b9a886d7ba46f680632ea18cb83da9,0.6395,2000,futon,0.01120630632869523,0.319,2000,0.32049999999999995,franka,0.6395
9c0ffc297a524314a6efb29ceaa97fb2,0.197,2000,fan,0.6589945723121368,0.5355,2000,-0.33849999999999997,robotiq,0.5355
8ebb8c08c9c041c38e279c0b1d5b5ef9,0.8875,2000,chair,0.07248590303889813,0.6765,2000,0.21099999999999997,franka,0.8875
e3549d8f4dcd43b39c9bb1b447dc0ead,0.844,2000,windmill,0.001919309033479118,0.293,2000,0.5509999999999999,franka,0.844
cc802604777d46399fc9f10a689eed7c,0.9705,2000,screwdriver,0.0010571034342819127,0.5925,2000,0.378,franka,0.9705
1fd36e30960e4aab8ef6aae2daebe451,0.095,2000,water_tower,0.009688034633502263,0.137,2000,-0.04200000000000001,robotiq,0.137
48e98b9f3fad4e709f608c7a89a46317,0.879,2000,headset,0.002070701765578844,0.3645,2000,0.5145,franka,0.879
96a561e75cd040e7a5b9e1ded8fbfeac,0.3345,2000,scissors,0.004264821129319011,0.202,2000,0.1325,franka,0.3345
99602f01eb004a488ddfbd14b91f4cbf,0.1225,2000,cushion,0.22991218508201386,0.5085,2000,-0.38599999999999995,robotiq,0.5085
69f86e972f2040d4ab1d825c3c33f8ed,0.8735,2000,dish_antenna,0.0029771000889537817,0.365,2000,0.5085000000000001,franka,0.8735
a7a8a64ca7ec4317ba59063748ce1cf5,0.0,181,lightbulb,0.09326465711668587,0.6965,2000,-0.6965,robotiq,0.6965
c5eaee0fea464cfa944b0863061ba8ca,0.7365,2000,puppet,0.001680843014983371,0.5735,2000,0.16300000000000003,franka,0.7365
b05bd1e7dba24cfdbe330693d67c12fb,0.7115,2000,clementine,0.0014736194874002387,0.288,2000,0.42350000000000004,franka,0.7115
c5286827e65f455a888968ed87eafa00,0.773,2000,seaplane,0.030599865794143616,0.5615,2000,0.21150000000000002,franka,0.773
c70286a5cd02424792f0bf1c11742510,0.8035,2000,ring,0.004176503736752416,0.6535,2000,0.15000000000000002,franka,0.8035
5f3e10bcd4a540779881e012789c155d,0.307,2000,cone,0.0010501376114785037,0.1165,2000,0.1905,franka,0.307
28a40abd0183488e918191a98aa87330,0.5815,2000,brassiere,0.2649046376418629,0.591,2000,-0.009499999999999953,robotiq,0.591
8249f605bad54b11a345874d224af191,0.907,2000,scoreboard,0.06580850886395566,0.7185,2000,0.1885,franka,0.907
18775829f73a4246b12d4becd85eb7f9,0.929,2000,balloon,0.0005305731275327441,0.4375,2000,0.49150000000000005,franka,0.929
1557fd3289104918ab475b8e1e6c7063,0.0,1082,barrel,0.021612626328063454,0.0005,2000,-0.0005,robotiq,0.0005
9d97fe5e551d4adea7f5f95667b7d407,0.7085,2000,teacup,0.0027035872179903965,0.081,2000,0.6275000000000001,franka,0.7085
94cc72f11d4a44eb91ca6bfd3ccb82ce,0.4935,2000,windmill,0.002699947443462427,0.6325,2000,-0.13899999999999996,robotiq,0.6325
3f64480e3b1c48139919a3da331f8c5f,0.384,2000,armoire,0.005792000272930761,0.283,2000,0.10100000000000003,franka,0.384
013985cc621f4bdd9e16119462371c16,0.8245,2000,bass_horn,0.009281971385719859,0.8495,2000,-0.025000000000000022,robotiq,0.8495
ecb29981ddc04a43aef3581e74edf8c0,0.954,2000,notepad,0.3949558326516466,0.2975,2000,0.6565,franka,0.954
dfeca8e7c7c5429b91d6207b3a3a9af4,0.5925,2000,antenna,0.0038812029445040373,0.282,2000,0.31050000000000005,franka,0.5925
b15d7a05c8484f92b3a7859f536c0bcb,0.4345,2000,armor,0.0003178951968871017,0.4835,2000,-0.04899999999999999,robotiq,0.4835
634657b52db74fa998acfc4968b4c8d4,0.9845,2000,identity_card,0.0002837775668556157,0.49,2000,0.49450000000000005,franka,0.9845
667ef3731f114eb0bf937bb4f820bd1e,0.8925,2000,plate,1.1973090325049418,0.246,2000,0.6465,franka,0.8925
5c3f4d1c558746808711eb84ec4b5731,0.5595,2000,golfcart,0.0015139828992906746,0.566,2000,-0.00649999999999995,robotiq,0.566
46de6f5c28cf45d1bcfc2f634f921b5f,0.853,2000,camera,0.0017813734351057881,0.601,2000,0.252,franka,0.853
3bd45e3b76324f358cef8b4ec0df47b5,0.5625,2000,armor,0.0017759054478241462,0.552,2000,0.010499999999999954,franka,0.5625
5a82c01f6d284e3089b8c0069cb8773f,0.8315,2000,baseball_bat,0.00012812356417544516,0.5075,2000,0.32400000000000007,franka,0.8315
22ecbc49f81d4f9bada84a7638effedf,0.722,2000,antenna,0.00010078940694360734,0.528,2000,0.19399999999999995,franka,0.722
68b8e6802a244470b4051eb192d99a9a,0.2885,2000,sofa,0.1080355057676084,0.2105,2000,0.07799999999999999,franka,0.2885
5996e7a42fb14ca99715906e19fc511b,0.4595,2000,sweatband,0.00498232599698142,0.658,2000,-0.1985,robotiq,0.658
2345603eec5e4e54a293c39833684525,0.8015,2000,rhinoceros,0.05526685818974944,0.7345,2000,0.06699999999999995,franka,0.8015
aa8ac4d2c7174f3f80f2a33fc9f4653e,0.935,2000,newspaper,2.505835576080972,0.354,2000,0.5810000000000001,franka,0.935
3cc04622c4804587a9af5321beba2725,0.2955,2000,banana,0.03333063194259964,0.5415,2000,-0.246,robotiq,0.5415
61a1079729564a82b106bf2f75038ca4,0.435,2000,checkerboard,0.00023275399366795173,0.2115,2000,0.2235,franka,0.435
06f92d4d488d4a048360eb19667e231a,0.598,2000,golfcart,0.07995913337275036,0.7145,2000,-0.11650000000000005,robotiq,0.7145
38f4a786031240589bad0bbcc9ad949e,0.915,2000,strawberry,0.03217415546192139,0.7615,2000,0.15350000000000008,franka,0.915
b9a7f6dbdfd44ee7b59a019fe407e547,0.535,2000,koala,0.03537440324253769,0.1745,2000,0.36050000000000004,franka,0.535
1e686bb58a944bc4b75fb05fe6119415,0.705,2000,truck,0.03697448145042694,0.5265,2000,0.1785,franka,0.705
dac3b8e43f3e4b48bc0f7d05031b8866,0.5975,2000,fire_extinguisher,0.33961626214295426,0.294,2000,0.30350000000000005,franka,0.5975
6f92e0acc0d44989a6ae3b74fc67cc62,0.141,2000,army_tank,0.0008495760090728766,0.5915,2000,-0.4505,robotiq,0.5915
f00d3c4b33ac490292db148f1839bb65,0.978,2000,solar_array,0.1756283273721797,0.0535,2000,0.9245,franka,0.978
d18a570e0a214f0ab83c19f40926e2d3,0.812,2000,cupcake,0.16202176010222794,0.9985,2000,-0.1865,robotiq,0.9985
86881130d2264dbf8f3033d0e87daaec,0.6825,2000,cap_(headwear),0.006029355467844641,0.3525,2000,0.33,franka,0.6825
b664bc16a1d14b1ca504432ce0667e95,0.764,2000,automatic_washer,0.0002993261033907245,0.65,2000,0.11399999999999999,franka,0.764
57baf38756304e7b979372500dac0e91,0.884,2000,platter,0.012019947552178601,0.861,2000,0.02300000000000002,franka,0.884
0da7d387a5f6460c9dfc0a6700b103ec,0.14,2000,phonograph_record,0.09381311427606105,0.2285,2000,-0.0885,robotiq,0.2285
cbc08e24225845b4addefb13c23085ed,0.8725,2000,leather,0.0007066266253982522,0.596,2000,0.2765000000000001,franka,0.8725
3c5357091a8b401a9321a502f845c98f,0.6425,2000,wedding_ring,0.005727727346876973,0.3225,2000,0.31999999999999995,franka,0.6425
c0b796c8756d451a8fef4e5c12cb867a,0.8845,2000,balloon,0.04106833464334333,0.585,2000,0.2995,franka,0.8845
26563b2166ce49d6a80b77d02983357d,0.6455,2000,seashell,1.907469456431811,0.095,2000,0.5505,franka,0.6455
a4ecfbeef9c446c88d69fef8f5c2ff2b,0.0,209,apple,1.2230389257868837,0.861,2000,-0.861,robotiq,0.861
52f4361d95254b8988be5fb5fdbec951,0.449,2000,chandelier,0.0002767108221505618,0.5185,2000,-0.06949999999999995,robotiq,0.5185
3b4cce01aff84d4498cd2d405e74d970,0.8815,2000,runner_(carpet),0.0004080039173056323,0.246,2000,0.6355,franka,0.8815
8f43a990cbd14895b3bae5f43328a5a0,0.8425,2000,kitchen_sink,0.056633965743305315,0.4775,2000,0.36500000000000005,franka,0.8425
9f2c4930e87d44269466d4fe32947304,0.8385,2000,wine_bucket,0.005315909487026685,0.0305,2000,0.808,franka,0.8385
00d1be4411f848efaeb72b936d4d1692,0.634,2000,packet,0.00017434105566359494,0.8705,2000,-0.23650000000000004,robotiq,0.8705
ae44a25727c34933917457f1a677dc9b,0.848,2000,fireplug,0.016825841731606162,0.763,2000,0.08499999999999996,franka,0.848
134f03f9454e40ccb7537c1990fc3e91,0.0435,2000,seashell,0.1268884958702666,0.2795,2000,-0.23600000000000004,robotiq,0.2795
b0cb063fd6be4ffda9028eb20fe45f38,0.2975,2000,table-tennis_table,0.0035511179131944488,0.196,2000,0.10149999999999998,franka,0.2975
eadaa60e025d465a92dff7db4f3d184d,0.704,2000,propeller,0.009057296858148073,0.898,2000,-0.19400000000000006,robotiq,0.898
6f71a325143344a4bf0751be5d703444,0.743,2000,cassette,0.005216796689230503,0.379,2000,0.364,franka,0.743
fbd44ba223ef4567adac771de6bac346,0.8205,2000,cap_(headwear),0.0002006109446066343,0.2685,2000,0.552,franka,0.8205
ce9e4f6890444e69bbe3e87c2dde4b81,0.8275,2000,Christmas_tree,0.1471859461007257,0.3895,2000,0.438,franka,0.8275
fac949a2ce8f4a58aa5b61aa5ec8ed11,0.7305,2000,doll,0.008270302637826122,0.5025,2000,0.2280000000000001,franka,0.7305
20e353d2a52140d1b2894fb830e26fb0,0.648,2000,ax,0.015359976790642516,0.569,2000,0.07900000000000007,franka,0.648
e8355b33ccfb41ed8d668cf4cf0dbd80,0.407,2000,dress_hat,0.06523955155575675,0.2575,2000,0.14949999999999997,franka,0.407
0ad165ecf7264702b7b805b1d0c3967e,0.6545,2000,slipper_(footwear),0.006445201597858336,0.5135,2000,0.14100000000000001,franka,0.6545
8adfd8ac475640e68f8aa052a61a2804,0.2535,2000,hotplate,0.011569235750508979,0.0285,2000,0.225,franka,0.2535
230fdd8b48d24afa92789106d828e0bf,0.736,2000,padlock,0.0005549145006225142,0.3285,2000,0.4075,franka,0.736
97efae7bf22842139ea0eb3c2a0bfefa,0.0,2000,flashlight,0.0007866513048669824,0.057,2000,-0.057,robotiq,0.057
11672af57b8c4aaf9f49193a6134dc52,0.9535,2000,first-aid_kit,0.06715204676921488,0.4575,2000,0.496,franka,0.9535
922cd7d18c6748d49fe651ded8a04cf4,0.574,2000,mug,0.021102899276636125,0.108,2000,0.46599999999999997,franka,0.574
42abc5b0cf7f426eb83bdfede64bcbaf,0.069,2000,owl,0.04299717119824179,0.2405,2000,-0.17149999999999999,robotiq,0.2405
f7d9f366a8f9416a87719cdacd5384de,0.3345,2000,goose,0.004733426032234016,0.4305,2000,-0.09599999999999997,robotiq,0.4305
2708f98b7bef49b2ad95db3f9b48bdca,0.8485,2000,headset,0.03949397662287568,0.479,2000,0.36950000000000005,franka,0.8485
e9bf3485b7634d90809c26365493894a,0.732566498921639,1391,cherry,0.004310500777203059,0.4605,2000,0.27206649892163903,franka,0.732566498921639
9ffe3ff819314fd9a554cced56c697da,0.2095,2000,eel,0.006653134005150321,0.238,2000,-0.028499999999999998,robotiq,0.238
acd6397a7e584955970365de51ebe365,0.6245,2000,pony,0.1243581052536476,0.79,2000,-0.16549999999999998,robotiq,0.79
a5b8917b2f8847d39a0dd2196a81084d,0.0,2000,cider,0.0009707467702796908,0.2865,2000,-0.2865,robotiq,0.2865
a35a466eace5463d937cf55ff264019f,0.4835,2000,bow-tie,0.5260825828468764,0.4635,2000,0.019999999999999962,franka,0.4835
385c09d2ebb2483d96a78918c665db51,0.7055,2000,bathtub,0.01589341514826387,0.161,2000,0.5445,franka,0.7055
ea77e76c3a2141dfbdc10ebe09061b4e,0.9755,2000,bookcase,4.691290206980313e-05,0.608,2000,0.36750000000000005,franka,0.9755
3878dbe176654c1f984805deee25aca5,0.0,84,chocolate_cake,0.10277568776290986,0.046651617757712566,1329,-0.046651617757712566,robotiq,0.046651617757712566
5c719ba3c87a4734af4814e91e658395,0.6535,2000,table_lamp,0.002813590352821737,0.5575,2000,0.09599999999999997,franka,0.6535
de4d37e433c0467c83e540717fd9ae07,0.5055,2000,truffle_(chocolate),7.593671339430367e-05,0.023,2000,0.48249999999999993,franka,0.5055
33aa56c96efa44aba978240659bd1f62,0.85,2000,shield,0.02957238149294719,0.1685,2000,0.6815,franka,0.85
0dda55d0d1c4483d9ac2c892f92483da,0.7825,2000,antenna,5.605507684982021e-05,0.585,2000,0.1975,franka,0.7825
2cbe490636154767abdec227366f4e71,0.0,2000,cleansing_agent,1.499266228178302,0.1875,2000,-0.1875,robotiq,0.1875
6354119423d14471a803b77aa539b2eb,0.803,2000,bird,0.0006672081277990352,0.559,2000,0.244,franka,0.803
cad3719bf25d4622800623db8cffcd54,0.8955,2000,cooking_utensil,0.34692355703413613,0.294,2000,0.6014999999999999,franka,0.8955
546dda26e1c34342b61f6973603052a2,0.8245,2000,sherbert,0.0026786562574309925,0.761,2000,0.0635,franka,0.8245
f16473e05e164150aead07d174f407b0,0.877,2000,police_cruiser,0.0698739146331194,0.931,2000,-0.05400000000000005,robotiq,0.931
4645654b02934cce94dfb30a0c0a2ba9,0.894,2000,patty_(food),0.3123329212713727,0.5185,2000,0.37550000000000006,franka,0.894
ffd59a0fc93e4b079d7022090606ffcd,0.8395,2000,spectacles,0.0007033962596828642,0.4895,2000,0.35000000000000003,franka,0.8395
c13c8fa8a7104cff84fe59dcc0e2b8d0,0.20275162925416365,1381,gorilla,0.00027138365710126,0.3665,2000,-0.16374837074583634,robotiq,0.3665
1f8c95814ddf48f8b3e4239819641557,0.914,2000,cassette,0.13322011835608882,0.085,2000,0.8290000000000001,franka,0.914
1256cc8ac24841e5861828689a7560eb,0.0665,2000,pinecone,0.9041919245374367,0.3345,2000,-0.268,robotiq,0.3345
6e3a46b6ae5f451ea8e629dd55efdd67,0.5295,2000,piano,0.0006770143819681439,0.2275,2000,0.30199999999999994,franka,0.5295
541b94352ae443be8e2bfb9de0e80865,0.9105,2000,table-tennis_table,0.00012255739828513878,0.261,2000,0.6495,franka,0.9105
3204d1a914c04f949fa48f7ff84c689b,0.5265,2000,wagon,0.02264587297764619,0.3375,2000,0.18899999999999995,franka,0.5265
faa0ea95a9b74233a32013e381342d6b,0.9105,2000,corkboard,0.00043130251934084154,0.2745,2000,0.6359999999999999,franka,0.9105
9bd81e34ac8a4f3f9406d0c05949aa56,0.6515,2000,latch,0.004484196409818992,0.2135,2000,0.43799999999999994,franka,0.6515
90acd78096bb48e4ab97a2eea4139bed,0.6355,2000,bucket,0.5421541641997959,0.183,2000,0.45249999999999996,franka,0.6355
8c2721e6b4274665a08c570e4a4352da,0.954,2000,wooden_leg,0.00022196602203949613,0.7815,2000,0.1725,franka,0.954
f3209a6a45b844df92560099f982a508,0.8515,2000,stereo_(sound_system),0.0006491563428795308,0.604,2000,0.24750000000000005,franka,0.8515
d8cba8750867408e8bffd62a00c97583,0.0,1487,jar,0.004046603437399892,0.0155,2000,-0.0155,robotiq,0.0155
2799b49fe2284577bcc6b09bc8b71f2c,0.836,2000,cart,0.0903957308799461,0.3515,2000,0.4845,franka,0.836
3968cb9c8c314815ad8b136c6561f860,0.633,2000,rodent,0.0181491695260358,0.524,2000,0.10899999999999999,franka,0.633
11ee65191a464506bc52ac3fdabcb8c3,0.6425,2000,puppy,0.01713177732435121,0.567,2000,0.07550000000000001,franka,0.6425
d1f04fc920b8425a9a78b057b532dd89,0.9375,2000,guitar,0.027372609830934723,0.5175,2000,0.42000000000000004,franka,0.9375
d58db59dc0cb4d4ba9b3d5467c019a1f,0.846,2000,pendulum,0.004181515295759256,0.828,2000,0.018000000000000016,franka,0.846
5424ed724a87417abece2d55ecbe5e84,0.25,2000,parrot,0.0007112899190379557,0.034,2000,0.216,franka,0.25
03d9e1e3f20a4e3a98d8016a6765b220,0.913,2000,clock,0.06259554299085303,0.22,2000,0.6930000000000001,franka,0.913
682bbf4dd7194766b3d7dd03994d82eb,0.7655,2000,helicopter,0.000405848578192751,0.4255,2000,0.33999999999999997,franka,0.7655
f235ef113d47459895b2ae7407eee8a7,0.6155,2000,globe,0.0004484192659730591,0.6325,2000,-0.016999999999999904,robotiq,0.6325
ae0f4345cb2b4aada051856a7b4a6460,0.792,2000,sunflower,0.0013015805621697516,0.557,2000,0.235,franka,0.792
f65611997883426bb7c56336b8fd4c36,0.798,2000,lamppost,0.04838891777407655,0.425,2000,0.37300000000000005,franka,0.798
b257c8dba2154bbab0fd1d90ff4f75c0,0.3512164691203993,1603,water_heater,0.0003276679540478455,0.109,2000,0.2422164691203993,franka,0.3512164691203993
d3aaffde4b3f4af2842a5def1effaf0e,0.2295,2000,recliner,0.2893717004232011,0.1615,2000,0.068,franka,0.2295
c46e8ee246aa4863a2cf602cddf1bfeb,0.8405,2000,trailer_truck,0.0097791356188315,0.6805,2000,0.16000000000000003,franka,0.8405
5e32c0addb5e41a895e3221ea7db64d0,0.75,2000,shawl,0.0003220692492466423,0.594,2000,0.15600000000000003,franka,0.75
23e952d905ca4bc788517afd9086edd7,0.525,2000,bulldozer,0.07263040361564349,0.5115,2000,0.013500000000000068,franka,0.525
a9098fe82d7e487c94fce5f861432768,0.697,2000,handcart,0.032768835832950524,0.573,2000,0.124,franka,0.697
e414718186d9486eae1fdd476ddc3151,0.8115,2000,chair,0.001979708132351123,0.545,2000,0.26649999999999996,franka,0.8115
548494946be94ee7b59784aca9d37d27,0.0,2000,thimble,0.013593553441853225,0.0155,2000,-0.0155,robotiq,0.0155
2decb1aa5c4948609e539cb357b63f78,0.8525,2000,chair,0.13473506373257044,0.486,2000,0.36650000000000005,franka,0.8525
29508dfcc96747dcb5d48b66cbe4904e,0.5405,2000,helmet,0.6236031469993312,0.061,2000,0.4795,franka,0.5405
a01d9f81e26749aabd7bdca3726236f5,0.6925,2000,jacket,0.029228662790918427,0.408,2000,0.28450000000000003,franka,0.6925
8c655ee007b648c5b93195ffbea0b06f,0.727,2000,trench_coat,0.016668928271117895,0.634,2000,0.09299999999999997,franka,0.727
9f8d92c0d01c4e1984f23ad363e93223,0.877,2000,flag,0.08759009819569501,0.2375,2000,0.6395,franka,0.877
406ab7c30cdf45c3902a868c89873666,0.911,2000,broach,0.002557538199706764,0.7145,2000,0.1965,franka,0.911
e8ebea679fcc4047bd483520995f9376,0.9045,2000,corkboard,0.016222734515261943,0.069,2000,0.8354999999999999,franka,0.9045
8489b49a1636472ab0ac6dad84e72791,0.3415,2000,reamer_(juicer),0.0017790912696109007,0.413,2000,-0.07149999999999995,robotiq,0.413
7fe5deb6632344d6a01b22b0cb3fc412,0.822,2000,helicopter,0.018365225965259913,0.5725,2000,0.24949999999999994,franka,0.822
ccac43b579d645c18ae10f635b779994,0.7625,2000,blazer,4.7147147701067205,0.444,2000,0.31849999999999995,franka,0.7625
d54159382b7f4ec1a1152da8587e95ca,0.8565,2000,football_helmet,0.051738580790656616,0.164,2000,0.6925,franka,0.8565
f30ce33ad33d40a6b2b70f5cbfa9d683,0.8625,2000,skewer,0.016015925857099524,0.4455,2000,0.41700000000000004,franka,0.8625
57ebf2b09f7745e2a65da9441e989437,0.1185,2000,sugarcane_(plant),0.0030315509783863334,0.0325,2000,0.086,franka,0.1185
425e8e6e72c34c29b0832a897852f2e5,0.9145,2000,bullet_train,0.0037583530960293163,0.8225,2000,0.09199999999999997,franka,0.9145
1a34ec54dbf345a98afed993c2aecbed,0.454,2000,bullhorn,0.06277871643888823,0.235,2000,0.21900000000000003,franka,0.454
b0bb3f1a09ce4833b3067f1ef78cc4a7,0.831,2000,beer_can,0.008973297192360721,0.3095,2000,0.5215,franka,0.831
af52e08feebc4d94a244692212ac25bb,0.003,2000,parachute,0.11027211309439697,0.584,2000,-0.581,robotiq,0.584
800d3c5569b94abfa2da7976504d589d,0.8115,2000,bathtub,0.16474423649237233,0.3655,2000,0.446,franka,0.8115
9bcb6f80754840d59dc92d7f9bd7e171,0.6725,2000,hotplate,0.0013438617944148677,0.131,2000,0.5415,franka,0.6725
a4c7126cc70343b1b05441e17cb0364c,0.9545,2000,cube,0.0034736246629235236,0.031,2000,0.9235,franka,0.9545
3db78a68ae264bdd83809f3d6d2d0f48,0.89,2000,watch,0.006476827755005449,0.6005,2000,0.2895,franka,0.89
38e55b6a81b04502a8b199aec0d81828,0.796,2000,ferret,0.0987867983754019,0.4885,2000,0.30750000000000005,franka,0.796
5f988ebf336a4e6a959fec74a188b041,0.475,2000,seashell,1.1095274997039561,0.6635,2000,-0.1885,robotiq,0.6635
da458ec5c1be4d8f96be9c52f49d4e53,0.691,2000,banana,0.0014459229735719517,0.3655,2000,0.32549999999999996,franka,0.691
e4781fdc397e40e1bf5e80e09adfe780,0.886,2000,control,0.15091983553204052,0.658,2000,0.22799999999999998,franka,0.886
5634c0052f2c4170a1b3b478a0175bc7,0.901,2000,sword,3.0020716505347784e-05,0.413,2000,0.48800000000000004,franka,0.901
d2a33405d2fe447fb1ebb5d82a71acb9,0.847,2000,banana,1.1792454691191046,0.3775,2000,0.4695,franka,0.847
3c78b210bcd749f28b89e859586146bd,0.7195,2000,sunflower,0.23848555586665646,0.563,2000,0.15650000000000008,franka,0.7195
c8eed3de50214da98f6524ccc22a4b18,0.305,2000,projector,0.46993041361458054,0.238,2000,0.067,franka,0.305
b48082dde0c249bcbce009a5c619e7f5,0.5745,2000,doll,0.053146976746733084,0.4745,2000,0.10000000000000003,franka,0.5745
678365f62e8b453399f186aa598a97b6,0.0,32,persimmon,0.05193424133239081,1.0,2000,-1.0,robotiq,1.0
e0d4217ed43141b082361e9be071e3ad,0.8925,2000,mascot,0.010105215593758545,0.2735,2000,0.619,franka,0.8925
2f0743a1d27345269d1444a8becfce59,0.9215,2000,zucchini,0.3237779656986502,0.866,2000,0.055499999999999994,franka,0.9215
6b94e5aef92c484d8e55516457325c26,0.7185,2000,Lego,1.4305435771701156,0.5425,2000,0.17600000000000005,franka,0.7185
32a63cda1edb428dbd0387c74c106cb8,0.8835,2000,vacuum_cleaner,0.005556092980139018,0.581,2000,0.3025,franka,0.8835
60a53d04cae34dd2b10e29ab28e7b063,0.44,2000,radio_receiver,0.0061747178622262875,0.056,2000,0.384,franka,0.44
cf380e1d8a7d4d6e945322a9cb9a7008,0.9085,2000,camper_(vehicle),0.027978800202846543,0.786,2000,0.12249999999999994,franka,0.9085
62a75d46919c4525904cc22c58b09eda,0.8225,2000,windmill,0.0025406165665492106,0.5495,2000,0.273,franka,0.8225
977eeff67a6d41c39d0bc5dd96d71e1b,0.88,2000,pastry,0.5019837277845812,0.9765,2000,-0.09650000000000003,robotiq,0.9765
a3a59d12595247a2b04456eedbc47b81,0.4605,2000,dress,0.10760955703710649,0.567,2000,-0.10649999999999993,robotiq,0.567
519cf15925d14223a058705ced0d8919,0.8845,2000,sink,0.0016595211247674893,0.4065,2000,0.478,franka,0.8845
df0ab52ab1a04376bbd2a0e3c6c1824b,0.0,48,muffin,1.030738542466225,0.4720194647201946,411,-0.4720194647201946,robotiq,0.4720194647201946
59d240f56a7e49f18704e5a6958bdb2d,0.914,2000,alcohol,0.0043866236595235305,0.385,2000,0.529,franka,0.914
35a4d3eec65d45d3b6c971b187b4c55d,0.2970141435306443,1909,lampshade,13.634686210175461,0.7145,2000,-0.4174858564693557,robotiq,0.7145
a4c46087374a4a3e979092512f92c057,0.389,2000,pickup_truck,0.0005115466866733265,0.45,2000,-0.061,robotiq,0.45
95f3d6b37a16463e9d47d20f064af3fa,0.8635,2000,banner,0.10335137514678963,0.224,2000,0.6395000000000001,franka,0.8635
97c96e278ffc4da394d65151156018e0,0.7445,2000,soup_bowl,0.21250420030370776,0.758,2000,-0.013499999999999956,robotiq,0.758
5c7c05bf45e54847bbc6340c6d84c8da,0.005,2000,kennel,0.042955205251334345,0.4175,2000,-0.4125,robotiq,0.4175
a9f0edc67f774faa829e74f3413255dd,0.8555,2000,coverall,1.0702437211375419e-06,0.5805,2000,0.275,franka,0.8555
0eeb66771cb24a8784cb3f73c18a2ac7,0.7175,2000,bandanna,0.04756907414667238,0.546,2000,0.17149999999999999,franka,0.7175
b2bd1ee7858444bda366110a2d960386,0.686,2000,cat,0.0005743845555368504,0.458,2000,0.22800000000000004,franka,0.686
3e2ce66a2379417db8e110c239c59f34,0.863,2000,liquor,0.0035650887925341612,0.3745,2000,0.4885,franka,0.863
085c555dee8d47dc8f016ea9241c34e9,0.727,2000,crossbar,0.00017249131723309115,0.4345,2000,0.2925,franka,0.727
5dacd02511514d96a9f91f0d199ed87c,0.232,2000,shower_head,0.003007061994842132,0.259,2000,-0.026999999999999996,robotiq,0.259
2ee2003561cd42789f6346ed1b65b2ef,0.5685,2000,pizza,0.16124468333651756,0.093,2000,0.47550000000000003,franka,0.5685
25b3d02769a44d8fb653c5f89f03747d,0.47,2000,yogurt,0.001178442815783471,0.747,2000,-0.277,robotiq,0.747
6ed4c3ba94794e819084aa09a836f015,0.4225,2000,shirt,0.00026215674523598386,0.533,2000,-0.11050000000000004,robotiq,0.533
028ceba3e34a4ebeacb4bd5f81cc251a,0.254,2000,coffee_maker,0.05157254994751297,0.5895,2000,-0.3355,robotiq,0.5895
edc35d45838b428081fac9fe6a8bc5dd,0.383,2000,phonograph_record,0.16647352896397916,0.469,2000,-0.08599999999999997,robotiq,0.469
796cdd7952304754883288f373024849,0.934,2000,padlock,0.2010927629894163,0.9025,2000,0.031500000000000083,franka,0.934
6da2e7e8066f483c89f9c98a2b5cb371,0.7725,2000,watch,0.004482255082308059,0.1815,2000,0.591,franka,0.7725
b4def16f4ab541c4afb413d14b142687,0.7295,2000,futon,0.007081919559266352,0.3415,2000,0.388,franka,0.7295
f13afbfa6c8748bc84e640bcd18fcc99,0.136,2000,vent,1.1291128452575003,0.0375,2000,0.0985,franka,0.136
455028add66d48e7ae391beda0a6dae6,0.7465,2000,toilet,0.005766741462660381,0.5315,2000,0.21500000000000008,franka,0.7465
c6ea23d3e053419cbf7addee94f2ff7c,0.0125,2000,pinecone,0.041064163895468915,0.448,2000,-0.4355,robotiq,0.448
946870145c664b1bbd01e5bd733194bc,0.5525,2000,lamppost,0.02635931245680261,0.451,2000,0.10149999999999998,franka,0.5525
58c22522f0d847c9a0caf8c93b60810b,0.915,2000,file_cabinet,0.12705592762704535,0.757,2000,0.15800000000000003,franka,0.915
9fed86dfca4d45709a985063c341fc45,0.8965,2000,scraper,0.02639645936445974,0.1825,2000,0.714,franka,0.8965
e1ae66946e6a4e07a670767c8f141187,0.9375,2000,gun,0.059315916425868524,0.453,2000,0.4845,franka,0.9375
12da08dc6fd34e989830b92466e11175,0.8955,2000,keycard,0.396719744286798,0.547,2000,0.3484999999999999,franka,0.8955
07b02a429907414f858cb947c6c0664e,0.9465,2000,pipe_bowl,0.011919403194413288,0.8455,2000,0.10099999999999998,franka,0.9465
89f5b1264bdb4d89b85c52b3b658e604,0.0,355,bread-bin,0.025881246104599895,0.025,2000,-0.025,robotiq,0.025
48f60e8cc54f4e64961f2e3ebcac5432,0.1895,2000,rifle,0.05618377266893818,0.1045,2000,0.085,franka,0.1895
d997a83d24e946a6a90c1806c46e8789,0.541,2000,water_jug,0.08630225377521512,0.206,2000,0.3350000000000001,franka,0.541
f2b0fd061ee941d68541284616d16ba4,0.85,2000,box,0.026833941466298562,0.7785,2000,0.07150000000000001,franka,0.85
94cfd6dd3f5d485386c230a7f6dade2b,0.953,2000,clasp,0.002897634721488078,0.2325,2000,0.7204999999999999,franka,0.953
dd6e6caa8c104555a72a527e331db55d,0.052,2000,saucer,0.034252161299359846,0.438,2000,-0.386,robotiq,0.438
3163530e1c434fbeb23ad58db4cab882,0.325,2000,police_cruiser,0.012484452785193197,0.1005,2000,0.2245,franka,0.325
5c20db910da64745abd6b4a7b40780f6,0.8065,2000,police_cruiser,0.04444680283661834,0.6005,2000,0.20599999999999996,franka,0.8065
711826d903444225a6f1d5cf991bd74c,0.2445,2000,piggy_bank,30.134986547759198,0.4255,2000,-0.181,robotiq,0.4255
02cdd6703f7f4baf8b0d96c0ae4ad6b1,0.2125,2000,wig,0.1131954166079558,0.2015,2000,0.010999999999999982,franka,0.2125
54ee1f25a5ac4488844a4c76e34b1fd5,0.254,2000,sock,0.0010298875147323207,0.419,2000,-0.16499999999999998,robotiq,0.419
ed244ef789654bf19cfae6ef9e0c2dda,0.85,2000,mammoth,0.08952381612436211,0.3495,2000,0.5005,franka,0.85
b8dee2c7c5ed45d79713cd74df8268f2,0.105,2000,hamburger,0.0582779854330884,0.5225,2000,-0.4175,robotiq,0.5225
eebd97010dc947ab946b7e90d6397bfb,0.847,2000,deck_chair,0.03484218418389863,0.4415,2000,0.40549999999999997,franka,0.847
9eefd64788d040ffb765813b3da64333,0.668,2000,fan,0.08430361430607132,0.447,2000,0.22100000000000003,franka,0.668
0f907e0f257248218812619d5c50f69b,0.765,2000,banjo,0.00603693756186138,0.463,2000,0.302,franka,0.765
0b6b161114f94c0ebaf634f3c426792f,0.604,2000,plastic_bag,0.04038360048902696,0.469,2000,0.135,franka,0.604
46c409b05ab34711b484d5cbad2dcb33,0.4705,2000,gazelle,0.02798987193601409,0.502,2000,-0.03150000000000003,robotiq,0.502
eef3bd8d77ec4b92834e730927b7be12,0.6765,2000,bow-tie,0.06883217609452769,0.9625,2000,-0.28600000000000003,robotiq,0.9625
7df4925f2c6941c49d944be8c93618d6,0.4915,2000,mushroom,0.04897509326935483,0.63,2000,-0.1385,robotiq,0.63
882d15e0d40046fb92c468a4db81e1be,0.5665,2000,shoulder_bag,0.14061636121602777,0.361,2000,0.20550000000000002,franka,0.5665
ae716fc3bfc3441482336e57898f1534,0.8485,2000,mammoth,0.0238737886573474,0.742,2000,0.10650000000000004,franka,0.8485
ae02e9af9ce94102a5e8151aaa84363c,0.2535,2000,gift_wrap,0.06013339638629073,0.5485,2000,-0.295,robotiq,0.5485
bceba859aa17428688eff6f21a13e271,0.9595,2000,knife,0.9144040104530422,0.3425,2000,0.617,franka,0.9595
37d1202f7f45483a88f5890c6daf8885,0.761,2000,snowman,0.3530313241978661,0.648,2000,0.11299999999999999,franka,0.761
70aed3dc12274120809c97ee26e78fdb,0.7005,2000,lamp,0.020576504098329024,0.57,2000,0.13050000000000006,franka,0.7005
a60e10dc03ce41b88c504781108e2279,0.2325,2000,chalice,0.07857780242131358,0.1735,2000,0.059000000000000025,franka,0.2325
af8f1c1ce0674fc38581ee39488b041c,0.8375,2000,milestone,0.023923360006216438,0.1755,2000,0.662,franka,0.8375
b4cfcf8211494def845b1d00f2688e08,0.4585,2000,candle,0.0002713385369618428,0.311,2000,0.14750000000000002,franka,0.4585
885b21f04f6b44ea9b23db1a8c2a1119,0.9285,2000,wrench,0.01310641395484945,0.4925,2000,0.436,franka,0.9285
492124e24f8945e6890e4d0d69956dd7,0.695,2000,coffeepot,0.05017084481469158,0.7695,2000,-0.07450000000000001,robotiq,0.7695
4b883942ae254cdbb32bfe9ff5420455,0.7775,2000,guitar,0.007889109856467146,0.487,2000,0.2905,franka,0.7775
a65122a7523d473e864daa045193e8af,0.888,2000,pottery,0.04508878713265897,0.594,2000,0.29400000000000004,franka,0.888
cfba13ac9ad6440db68d6a65c22a01ed,0.3965,2000,motor_vehicle,0.0024425990931336433,0.3975,2000,-0.0010000000000000009,robotiq,0.3975
50385c9fc9cc4dfb951d6b2aeb368204,0.9415,2000,gun,0.02233792903252863,0.5945,2000,0.347,franka,0.9415
5297f7525763435c8ef2e97fd3a6d30d,0.822,2000,bicycle,0.17310140963302137,0.404,2000,0.4179999999999999,franka,0.822
5753a690188e481ba5551213ebf31e7c,0.7775,2000,wagon,0.10896457184962476,0.614,2000,0.16349999999999998,franka,0.7775
666b7ae891ed4564bc3ac3988d854354,0.82,2000,armoire,0.0004939165970097192,0.8005,2000,0.019499999999999962,franka,0.82
e46c16fd3f5e41e3813caecaacf48398,0.8585,2000,tartan,0.0010777890601026457,0.06,2000,0.7985,franka,0.8585
925413cc7af946d58f62ad81671795be,0.5605,2000,cougar,1.9186352393735863e-07,0.706,2000,-0.14549999999999996,robotiq,0.706
f3ce4fe156054aeb83ec41c9eeee6bf5,0.102,2000,crescent_roll,0.371906497920806,0.251,2000,-0.14900000000000002,robotiq,0.251
5696792abcfa4559b3804c911068c1e1,0.217,2000,doughnut,0.012005202682587802,0.2405,2000,-0.023499999999999993,robotiq,0.2405
6fbab432c8d74eeb82031d91412e9805,0.939,2000,mirror,0.09445308104813739,0.516,2000,0.42299999999999993,franka,0.939
259fc16c23d548ba8d5802c563d8ebdc,0.8875,2000,police_cruiser,0.013289388455156589,0.798,2000,0.08949999999999991,franka,0.8875
789a13c04d584eff833733ef7270a412,0.7875,2000,bookcase,0.027574628378052763,0.3105,2000,0.477,franka,0.7875
1dc9dfe1c1f34563b0b747e741a441ac,0.8985,2000,postbox_(public),0.09162410034807986,0.981,2000,-0.08250000000000002,robotiq,0.981
6ca6bbf15371417a934e464b652f8ec0,0.94,2000,cylinder,0.0002186718484758045,0.715,2000,0.22499999999999998,franka,0.94
0662eb099f884c1c92ac9429e2a7cc6e,0.919,2000,knitting_needle,9.43789447122914e-08,0.648,2000,0.271,franka,0.919
c0a534186da9421f8573332b90f808c5,0.047,2000,puppy,0.0529691282575838,0.5315,2000,-0.4845,robotiq,0.5315
563593b9d3134fa68378e6fb1b80e34a,0.8705,2000,crayon,0.00016078070666424187,0.681,2000,0.1895,franka,0.8705
48f37743058940078cff17c22c3bb64d,0.914,2000,notebook,0.00044102141712637407,0.2795,2000,0.6345000000000001,franka,0.914
7df2f5dde355444cb7ffccc5156bb5ed,0.931,2000,runner_(carpet),0.0006988671105423473,0.072,2000,0.8590000000000001,franka,0.931
fb8ff119e9ee4ca0bba589ed6e7178fb,0.935,2000,banana,0.725940658546344,0.674,2000,0.261,franka,0.935
7a01461b8659459eb399d632b8e32916,0.835,2000,bookmark,0.7641163858111136,0.0145,2000,0.8205,franka,0.835
7223f972a1b44194abdc8f84b896086d,0.904,2000,aerosol_can,0.2574337654375345,0.869,2000,0.03500000000000003,franka,0.904
8d1c092f61ac4e239d2010688e170085,0.0,1945,can,1.475347954775319,0.3475,2000,-0.3475,robotiq,0.3475
5b4ce8e1cddc46f19978cef5cd3cb99c,0.498,2000,eel,1.3165077246211576,0.388,2000,0.10999999999999999,franka,0.498
827df69d85de408c9435f26af7ded672,0.8555,2000,pistol,0.06621435991295216,0.425,2000,0.43050000000000005,franka,0.8555
b6ac760f0e624c019becdfe986d01352,0.9445,2000,water_faucet,0.3896608828152746,0.603,2000,0.3415,franka,0.9445
ca5728e7487443f187b991373b76bc50,0.7935,2000,balloon,5.5429987714381524e-05,0.8485,2000,-0.05500000000000005,robotiq,0.8485
4a6cd8d53cbc423da9e33299f4263aed,0.978,2000,tennis_ball,0.0003711089782875278,1.0,2000,-0.02200000000000002,robotiq,1.0
4a4797da80254abc9ec61bfa6b496651,0.8455,2000,dollhouse,0.08497682589210667,0.2445,2000,0.601,franka,0.8455
9c55dcd4b76f42d8acbec2cbfa634c3c,0.9695,2000,curtain,0.04426251600662662,0.7,2000,0.2695000000000001,franka,0.9695
8fc4b0748b5a4e0995dbc9376a42e392,0.5945,2000,owl,0.0543258760705977,0.4815,2000,0.11300000000000004,franka,0.5945
f70bc7c1ed74430c867f320f2e8e3cef,0.7345,2000,earphone,0.01770300287722595,0.5385,2000,0.19600000000000006,franka,0.7345
36e7a82224264eedb79a79f6676769d5,0.5295,2000,choker,0.3593862640120636,0.4655,2000,0.06399999999999995,franka,0.5295
50faa76f94a3470ca68ce414c2c4eb12,0.0365,2000,scoreboard,0.0009828446056751598,0.0315,2000,0.0049999999999999975,franka,0.0365
a3adc3d127b04fc58a45ba5e5135cd17,0.597,2000,golfcart,0.0005461221075915973,0.5765,2000,0.020499999999999963,franka,0.597
7af104f5b0364a14a0715d377886a674,0.8105,2000,jewel,0.002143643942780315,0.8985,2000,-0.08799999999999997,robotiq,0.8985
38e53299cce04fe19235b8b198f7818b,0.8085,2000,mug,0.6314617400302026,0.6635,2000,0.14500000000000002,franka,0.8085
3accfe0e63534040a6e69d25870caa7f,0.7155,2000,jewelry,14.204889342837385,0.5055,2000,0.21000000000000008,franka,0.7155
06e459171a264e999b3763335403b719,0.9635,2000,stop_sign,0.013718273056369154,0.341,2000,0.6225,franka,0.9635
e7ea8f4837354f6da7e4c4c9ee986ff1,0.2995,2000,newspaper,0.08590464943349033,0.2275,2000,0.07199999999999998,franka,0.2995
5c3393b4aff7401794bcb3cdb58894c3,0.6735,2000,giraffe,0.005332085677893029,0.518,2000,0.15549999999999997,franka,0.6735
87a8f3f885f44ae18759afedf3c0a960,0.7395,2000,police_cruiser,0.00036627938751777975,0.622,2000,0.11750000000000005,franka,0.7395
b2bbf7e5e0d74145933511fe71b9e737,0.97,2000,vending_machine,0.0942136118536625,0.8865,2000,0.08350000000000002,franka,0.97
d1d0e427e6d04de493d80520c1fa2214,0.947,2000,telephone_booth,0.011766501973330406,0.276,2000,0.6709999999999999,franka,0.947
026b36fa6cfe4800b65534a5a5d5bfa6,0.6325,2000,airplane,0.030871376201795517,0.565,2000,0.0675,franka,0.6325
3784966feebe435b9a1bcd99d17800d9,0.5055,2000,goose,0.2715509652841379,0.866,2000,-0.36050000000000004,robotiq,0.866
146b780acb0940069f58d7cc7e8684ca,0.408,2000,shoulder_bag,0.0005634418338939809,0.292,2000,0.11599999999999999,franka,0.408
33cb5127082e42ad9305e7e888099ab4,0.804,2000,chair,0.08004166490995124,0.725,2000,0.07900000000000007,franka,0.804
684374a089d742c4b7202e2301cf57ec,0.4485,2000,fishing_rod,0.0004920982420674435,0.228,2000,0.2205,franka,0.4485
a7764c9a884443109e9d335b6d281b77,0.651,2000,generator,0.08962639987880258,0.6405,2000,0.010500000000000065,franka,0.651
eb0194bb7bfd4121bac8c60eb9980b41,0.7355,2000,dog,0.03606739714424418,0.5885,2000,0.14700000000000002,franka,0.7355
f77f7f7c14854173a60544dee5f7de0f,0.406,2000,raincoat,0.007762936521295316,0.2675,2000,0.1385,franka,0.406
5e0d9ffaf6e24f7798f0dec36c3f3fc6,0.562,2000,bucket,0.23633480325591666,0.7295,2000,-0.16749999999999998,robotiq,0.7295
d3871730fd6c475e958d13bdf9a453e5,0.7615,2000,lampshade,3.3485697056113318e-06,0.7785,2000,-0.017000000000000015,robotiq,0.7785
f99551c63ac146e8ab67439610092b1b,0.926,2000,key,0.20450734654642982,0.6165,2000,0.3095,franka,0.926
fb777ec92c2a439bb1ac45c3be550f7f,0.8625,2000,award,0.045550967944509954,0.336,2000,0.5265,franka,0.8625
51047ad9b57942cf887b6084ca2b4a96,0.903,2000,awning,0.020882415098281083,0.6185,2000,0.2845,franka,0.903
2630f8a85b0f4b7baedfd5ab757a824c,0.8265,2000,costume,0.00017895328295217624,0.6315,2000,0.19500000000000006,franka,0.8265
b7210859cd4045c893a305e8fe91e079,0.982,2000,checkerboard,0.04807144889307898,0.181,2000,0.8009999999999999,franka,0.982
b0cdeef47b9c4602b3c54f7cbe37f61e,0.1255,2000,car_(automobile),0.00030557059646585817,0.4055,2000,-0.28,robotiq,0.4055
831dd489b8044ba8bb77f0ca253dcfde,0.019867549668874173,755,trash_can,0.17017603131268813,0.4065,2000,-0.3866324503311258,robotiq,0.4065
dcf0d48c05504da1a7f1352f22794c4c,0.8935,2000,chocolate_cake,0.039267088576550674,0.293,2000,0.6005,franka,0.8935
a682103b00384e48b5d9648d39c43716,0.1965,2000,apple,3.4583517517694213,0.0595,2000,0.137,franka,0.1965
dbda1db89136468595f9597480638d34,0.9045,2000,short_pants,0.04049052620770014,0.741,2000,0.16349999999999998,franka,0.9045
479ef462e6004fa382534f112f5b9404,0.9635,2000,mallet,0.0009421099001547106,0.3405,2000,0.623,franka,0.9635
619c004f87e74191abbafe9395c22259,0.979,2000,mallet,0.006174109011086933,0.3185,2000,0.6605,franka,0.979
099f78dedaab4792b81899c640358029,0.7815,2000,crow,0.001168283115426253,0.304,2000,0.4775,franka,0.7815
10aca2eb46534319bdaa6dba6519308c,0.535,2000,wedding_ring,0.013969118509532601,0.1485,2000,0.38650000000000007,franka,0.535
eaa0a0cbce964b2099b955f5ea241eee,0.7145,2000,telephone,0.0029215401459898676,0.5315,2000,0.18300000000000005,franka,0.7145
e42ed3a0ae184045b12a9cd75e15b73c,0.8025,2000,carrot,0.5716761385154442,0.4345,2000,0.368,franka,0.8025
7920adf74cb94d239e3294f562dcb082,0.9265,2000,toothpick,0.0009887622088051483,0.35,2000,0.5765,franka,0.9265
ccd1aae16ad34ed284677a6a1830b092,0.311,2000,grizzly,0.00033310565590017276,0.557,2000,-0.24600000000000005,robotiq,0.557
3c63c11d39ff412aae97af755ef445b1,0.0,638,giant_panda,0.6060784490470413,0.013,2000,-0.013,robotiq,0.013
f5e8252067fc4fa5a1f79f4e3d7b7c45,0.684,2000,mug,1.3616967182964126,0.5995,2000,0.08450000000000002,franka,0.684
95df86860aff4dda995481ab7cfe0b52,0.0,2000,crate,0.04153381676156046,0.0055,2000,-0.0055,robotiq,0.0055
73e092e4ce344683b1347521e28d5df6,0.834,2000,umbrella,0.12943709598071315,0.2615,2000,0.5725,franka,0.834
67b56c1253804d21ad6e4cf6aabd9d20,0.8295,2000,flagpole,0.00014437709650896562,0.318,2000,0.5115000000000001,franka,0.8295
8aa85683b78d461995bd797bcebf0491,0.3095,2000,spear,0.0002297430219426435,0.1995,2000,0.10999999999999999,franka,0.3095
895524132ffc413a824c148e9868a6a4,0.654,2000,tablecloth,0.001878792866057123,0.4,2000,0.254,franka,0.654
3ead948ed4b448298a8762e912221a4e,0.696,2000,helmet,0.5799211749345753,0.275,2000,0.42099999999999993,franka,0.696
1422444a7f5047468a27c1fc45787801,0.9565,2000,doughnut,0.05102470173728436,0.9685,2000,-0.01200000000000001,robotiq,0.9685
bd09405bd03549238f69b34d43340d13,0.687,2000,jacket,0.023512424238375088,0.3305,2000,0.35650000000000004,franka,0.687
3676762cdf1042f4926f53345e133234,0.6605,2000,chinaware,0.047576663876818366,0.394,2000,0.26649999999999996,franka,0.6605
79f41fd427f645278b79e69b5ab5338d,0.975,2000,yacht,0.03611455210792593,0.4745,2000,0.5005,franka,0.975
929edd4aa17045d79d3a7fbb0183a6b3,0.8005,2000,cowboy_hat,0.020936205269061633,0.275,2000,0.5255,franka,0.8005
a648f1a079674e92a1a5bccddbf8a76f,0.44,2000,ski_boot,0.6554702943992451,0.3755,2000,0.0645,franka,0.44
0c30a9f6b2f740b282b6a305accca96f,0.0085,2000,frog,0.0022468892378611164,0.3045,2000,-0.296,robotiq,0.3045
de82074eeb324b3f931ad3adaf3c712c,0.6015,2000,balloon,0.10586414138321353,0.8225,2000,-0.22099999999999997,robotiq,0.8225
95fdfc08d9d14fe4a31f2e5f4d7d6b33,0.0105,2000,button,0.00977912494759774,0.0065,2000,0.004000000000000001,franka,0.0105
212d33f6b5904bed965a87b018325b26,0.9635,2000,remote_control,0.7890162309711374,0.44,2000,0.5235000000000001,franka,0.9635
076f21619c614b5db750544e959b9ba2,0.935,2000,earphone,0.05867909632490555,0.6025,2000,0.3325,franka,0.935
7854d50ffff840968930b072dd1c8b6a,0.6595,2000,dress_hat,0.04911215894877891,0.4975,2000,0.16199999999999998,franka,0.6595
12e963ec058049af9500311b506dea80,0.6795,2000,shears,2.612062033079444,0.6035,2000,0.07599999999999996,franka,0.6795
b405d532359a4efe8fba1185c777860d,0.3315,2000,potato,0.042421967868157974,0.645,2000,-0.3135,robotiq,0.645
9338612e9fb54a79a42f9561fc22b697,0.953,2000,remote_control,0.0004038752576732756,0.3155,2000,0.6375,franka,0.953
cca59986dfb24be5bb3ef76ef03e6446,0.9665,2000,carton,0.14292401798462093,0.249,2000,0.7175,franka,0.9665
68b91d6bdebe4558807dfb052d9f41c9,0.7295,2000,pet,0.00010439766183933985,0.6085,2000,0.121,franka,0.7295
4ae093bb80914bd9851a85570686efe6,0.168,2000,giant_panda,0.0020038003079849128,0.2835,2000,-0.11549999999999996,robotiq,0.2835
b8d0e5ec21fe4650a723628600219142,0.0305,2000,puffin,0.007104035100735954,0.644,2000,-0.6135,robotiq,0.644
c23be007c1a649d9a2082f54af6dec7d,0.1375,2000,ottoman,0.0027555127397829635,0.1515,2000,-0.013999999999999985,robotiq,0.1515
a5eea808dc20404cb5f9e05680f7362f,0.0,1430,armoire,0.14368069237115202,0.015,2000,-0.015,robotiq,0.015
016e93bac3c94a9fa78caf9630553b6b,0.255,2000,police_cruiser,0.01854098239144435,0.3995,2000,-0.14450000000000002,robotiq,0.3995
64c4b2642a3c4de5a95fdfa44e7a5fdd,0.649,2000,bucket,0.1386074437322522,0.12,2000,0.529,franka,0.649
905ea9d5e6be4cc39b4885bb72db0836,0.3305,2000,airplane,0.0016770507174788184,0.42,2000,-0.08949999999999997,robotiq,0.42
2af765328e814637b04203cf2c18865e,0.7585,2000,toothbrush,1.9423825651521291,0.5235,2000,0.235,franka,0.7585
463ead51d6254a12bfd623f840e5ca21,0.0,277,apple,0.42929232890256136,0.0,102,0.0,robotiq,0.0
e60fb42493fa47389195350fcf216ee7,0.4715,2000,lizard,1.704227618102978,0.353,2000,0.1185,franka,0.4715
23097478a32046e98b3804beaabe445f,0.825,2000,cassette,2.9095296727295783,0.0535,2000,0.7715,franka,0.825
d1f9c2ef80bb4754822d15e8db7487db,0.8105,2000,flannel,0.00020940585809860933,0.6725,2000,0.138,franka,0.8105
ad2546804e8845b09e5db7c6db16b704,0.8905,2000,mug,0.07267959931094496,0.6165,2000,0.2739999999999999,franka,0.8905
b70954caef624015a7ab415189c7088f,0.8635,2000,pool_table,0.008400737877423261,0.659,2000,0.20450000000000002,franka,0.8635
f7b5e46465aa4214a7c5d389a517e925,0.3745,2000,chinaware,0.006774392544057733,0.07,2000,0.3045,franka,0.3745
8870ef6ecfa9458b9cb383033f8f699f,0.957,2000,birthday_card,0.0010757369555614875,0.0695,2000,0.8875,franka,0.957
ceff5646761f497ca32e258e79f5338e,0.927,2000,surfboard,0.02229554578923625,0.339,2000,0.5880000000000001,franka,0.927
ebe8d1b25dd64e869e515d3eb47b9e88,0.6125,2000,gravestone,0.16083091219995382,0.529,2000,0.08350000000000002,franka,0.6125
aac6eec080db410a9200452719cb16e9,0.751,2000,fighter_jet,0.010766809518002086,0.4355,2000,0.3155,franka,0.751
f222d8c16b3740ca98c21a5df26c8b13,0.9365,2000,wrench,0.13181494441749655,0.4515,2000,0.485,franka,0.9365
adb81e43903949259579796459387b25,0.4905,2000,sword,0.0002246674214906003,0.4665,2000,0.023999999999999966,franka,0.4905
9627feedf519491bbcd7c25149fc80ba,0.4385,2000,record_player,0.6439052161940331,0.3085,2000,0.13,franka,0.4385
946bca019fac43e2a04304dc27898024,0.525,2000,bookcase,0.2630649540284422,0.345,2000,0.18000000000000005,franka,0.525
9aa42997e7f745e5b5158b07e690ca9c,0.8885,2000,Lego,0.001422996003830761,0.658,2000,0.23049999999999993,franka,0.8885
863f20dcd6324b799b69e6a583909a6b,0.4415,2000,paddle,0.0035135829738757634,0.3025,2000,0.139,franka,0.4415
7bfd7808243a4883b8a4cbd13406acff,0.988,2000,corkboard,0.011940898788364707,0.1715,2000,0.8165,franka,0.988
a4aaae85b73043878c494487d806f7b5,0.677,2000,deer,0.005513964496980551,0.436,2000,0.24100000000000005,franka,0.677
b2b4fc6f025d4de696c2897111edd3dc,0.609,2000,wagon,9.524602759731865e-05,0.833,2000,-0.22399999999999998,robotiq,0.833
8f59435c14c74e9dbe82a4c488882df9,0.922,2000,fork,0.5907260861573647,0.4565,2000,0.4655,franka,0.922
e38d5972b3ec46a9ae0468435b5a9f14,0.406,2000,boat,0.03774113883034317,0.424,2000,-0.01799999999999996,robotiq,0.424
12f1f70b679640ce8ce8295100f5e3f0,0.272,2000,lightbulb,0.010980998746142287,0.1635,2000,0.10850000000000001,franka,0.272
4f43ded3dc8843c1a61e0f848158dd2c,0.7155,2000,cow,0.09923223726990373,0.5305,2000,0.18500000000000005,franka,0.7155
28d6719b829145af8fb54adaadbd7621,0.0,70,medicine,1.0187310641765066,0.613,2000,-0.613,robotiq,0.613
6fcc25c69a754ab09ab08d75cce06279,0.3745,2000,dress,0.0011212858345300862,0.4405,2000,-0.066,robotiq,0.4405
8ccd3f9f04614fde8fcf95d6be6b3713,0.8515,2000,sandal_(type_of_shoe),2.8180082738840872e-05,0.915,2000,-0.0635,robotiq,0.915
b7e854a1fcb2494facd7fa602404c5d2,0.9525,2000,monitor_(computer_equipment) computer_monitor,0.05213767343712929,0.1615,2000,0.791,franka,0.9525
4b90d207fa6647e588e93d1cbae32873,0.946,2000,gargle,0.014277846784600763,0.8095,2000,0.13649999999999995,franka,0.946
8d6cac74abfc4b408ec86c37661fa5a6,0.0,1124,doughnut,0.9488090438262887,0.047,2000,-0.047,robotiq,0.047
4bdb2790b4de4be88441769aac21a561,0.1025,2000,toy,0.17284129497071585,0.44,2000,-0.3375,robotiq,0.44
0a135fff072846f2b27a8152dbd63eb9,0.592,2000,boat,0.11915647331947232,0.439,2000,0.15299999999999997,franka,0.592
a1a1c7d24e984dbb858d2f1bd63180e4,0.594,2000,unicycle,0.11001736761099769,0.496,2000,0.09799999999999998,franka,0.594
7aab6143c7d84b4bbeb5bb5693d283fe,0.884,2000,gameboard,0.0005608207441909043,0.011,2000,0.873,franka,0.884
3d2cb344a1794efabca9e196fd1dc428,0.8975,2000,tank_top_(clothing),1.445950610039203,0.6995,2000,0.19799999999999995,franka,0.8975
4ee454c08f5c45a7ac12ffd484c6ec14,0.0,35,lime,0.00206280049982017,0.6385,2000,-0.6385,robotiq,0.6385
be9cda8dd60e4378b316e4933229d501,0.2385,2000,stagecoach,0.003642687625684955,0.1275,2000,0.11099999999999999,franka,0.2385
b1bd4a382af347d1bc102bf731296331,0.488,2000,wolf,0.005765909431370542,0.353,2000,0.135,franka,0.488
0710b146f9e44170905a45a85621c02a,0.913,2000,violin,0.007269760749918519,0.45,2000,0.463,franka,0.913
b03909f4d75e4437ab4e55e5496ecb82,0.6055,2000,lizard,0.004510887697435128,0.503,2000,0.10250000000000004,franka,0.6055
42d928695a0047ca905c7c54437a2048,0.0,2000,gelatin,0.003347799817086362,0.325,2000,-0.325,robotiq,0.325
3eaed6b56eea4e9d896d4be05fb24853,0.83,2000,seaplane,0.01699065805068662,0.5615,2000,0.26849999999999996,franka,0.83
2b3c8d4a2dfc48d8ad7c7686ad14a68b,0.9225,2000,drumstick,0.025933593382093223,0.8205,2000,0.10199999999999998,franka,0.9225
b94f24eee3254dbfb119baa307681c8b,0.879,2000,green_onion,0.24937496851895358,0.2635,2000,0.6154999999999999,franka,0.879
b279e479d8354ea684131361f0876b69,0.9845,2000,mug,0.006838290226775248,0.142,2000,0.8425,franka,0.9845
ee666f48c81146f0a5ddf9e109d2243f,0.0,560,bottle_cap,0.022658010205527955,0.0,2000,0.0,robotiq,0.0
1ab8ec6306904ae7b934bf9b3ac7819f,0.7855,2000,shark,0.029058526260777588,0.395,2000,0.39049999999999996,franka,0.7855
c68c30014fc54888b3ba0eb17fa46414,0.125,2000,baguet,0.8076209501134392,0.244,2000,-0.119,robotiq,0.244
ca875610880f440abcb0604c1552e2d5,0.8165,2000,combination_lock,0.18834106996086977,0.494,2000,0.3225,franka,0.8165
ac80420759844f65b23aed1ffab467c2,0.0755,2000,birdhouse,0.13355688686305273,0.529,2000,-0.4535,robotiq,0.529
973774edc7aa40649871f026aa590e9f,0.5095,2000,goose,0.03567150600923621,0.4385,2000,0.07099999999999995,franka,0.5095
3e49682a4fdf4b02912edf601f5d66d4,0.2735,2000,costume,0.006044668833428245,0.502,2000,-0.22849999999999998,robotiq,0.502
715f1b7ccb7a40668b14ef1c9edfa7d2,0.2235,2000,loveseat,0.03993571096579872,0.2525,2000,-0.028999999999999998,robotiq,0.2525
3765460b38944107acd180d9efa3fd76,0.4235,2000,goldfish,0.004372519888271096,0.4,2000,0.023499999999999965,franka,0.4235
87e7cc96be034342b6d2fa8d6e2053a1,0.6485,2000,basket,0.012949821310452008,0.634,2000,0.014499999999999957,franka,0.6485
370dec16ac1043218588b07d887acfb8,0.6785,2000,fish,0.00013097169583700847,0.268,2000,0.4105,franka,0.6785
4896cf9b3e614662b29eec0f87d9a44b,0.904,2000,anklet,0.007083621180798853,0.401,2000,0.503,franka,0.904
fd9fac0fee764dd6b77a567be1221c05,0.5085,2000,airplane,0.0014920146709354158,0.4445,2000,0.06399999999999995,franka,0.5085
8e1627c5b589420c9bbed0e0cfef1502,0.893,2000,CD_player,0.1441343035003558,0.1315,2000,0.7615000000000001,franka,0.893
adbaadd6d5a14b1ca3960dc312191d04,0.793,2000,cherry,0.0019208578022625793,0.433,2000,0.36000000000000004,franka,0.793
8806b403ed7e4e30b06a334db00d2329,0.846,2000,bow_(decorative_ribbons),1.6350610686006066,0.3955,2000,0.45049999999999996,franka,0.846
d0d490b69fea45cc93151a4b83e055ad,0.843,2000,bench,0.0011128955864472892,0.4345,2000,0.4085,franka,0.843
f50b83b0709b4b64a77e3465c982605a,0.0,166,apple,0.005823365625678826,0.0,231,0.0,robotiq,0.0
9fa199a53db54a9cb103fb6eb6b67fd2,0.255,2000,coffeepot,0.008370138602219758,0.262,2000,-0.007000000000000006,robotiq,0.262
1f6d5dd9a2d9432c87e626fa0a88c5d5,0.6575,2000,garbage_truck,0.34525994739331056,0.4965,2000,0.16099999999999998,franka,0.6575
2224cf03a9c44a2bb06fe196b28db0d0,0.0,2000,drawer,0.16754073131086245,0.1235,2000,-0.1235,robotiq,0.1235
b83cc0072db440edae5429b2b5a6ef39,0.3215,2000,dirt_bike,0.000392699419999448,0.388,2000,-0.0665,robotiq,0.388
d9232d8cd4914992896854058199b961,0.6315,2000,hamster,0.03677317115778699,0.6645,2000,-0.03300000000000003,robotiq,0.6645
9f32b0c013994a64bb8ceeab5425b14c,0.934,2000,beer_bottle,0.002236392084574941,0.4885,2000,0.44550000000000006,franka,0.934
1675f0d7c82f4ab59dc3b0f123e5737e,0.6135,2000,dresser,0.00042949955398115746,0.423,2000,0.19050000000000006,franka,0.6135
38875d32338c41659dccebf7492ccf9c,0.96,2000,wedding_ring,0.011114339238215795,0.428,2000,0.532,franka,0.96
4e61da8bb7f3440db3df42ee26c4b797,0.8395,2000,armor,0.0009071885293452646,0.6,2000,0.23950000000000005,franka,0.8395
6f6237d16821480e815f27bd97879618,0.4835,2000,helmet,0.03168253704388763,0.594,2000,-0.11049999999999999,robotiq,0.594
6ec3ad35f98a42cc983da7de346569d1,0.8825,2000,pizza,0.26362123991445385,0.1355,2000,0.7469999999999999,franka,0.8825
ddc9ee95b9904d29af3e518f6d3d29dc,0.873,2000,butterfly,0.003935639626285751,0.357,2000,0.516,franka,0.873
ad9e59ebeae9456796439d5464d7dd08,0.861,2000,pool_table,0.0011549149249671167,0.2795,2000,0.5814999999999999,franka,0.861
96e4033e6ec64c1b826f9180a34af241,0.867,2000,shield,0.023140210527727894,0.7665,2000,0.10050000000000003,franka,0.867
03fa59009cb344ee9241128bad9bba13,0.835,2000,bedspread,0.0006798487018693901,0.5535,2000,0.2815,franka,0.835
d1dcd88b7a1340caa8f8784c4783d526,0.817,2000,cone,0.3750325884567394,0.242,2000,0.575,franka,0.817
56eb5e56981f47f2a7ab4681c6636055,0.0,2000,milk_can,0.024244969850747842,0.05,2000,-0.05,robotiq,0.05
1faedc70b6bd420ea747970d7ae05631,0.181,2000,armchair,0.1726456069826211,0.276,2000,-0.09500000000000003,robotiq,0.276
54c4465c1b51443ea1eedc0385e2e5cb,0.8395,2000,drill,0.0045777668074015055,0.5625,2000,0.277,franka,0.8395
779771270a1945d1a141a0d62642b448,0.9055,2000,card,0.27745888220263476,0.1745,2000,0.731,franka,0.9055
2c43715880ea455f9fde086a120af8bb,0.337,2000,needle,0.010815275894579588,0.3195,2000,0.017500000000000016,franka,0.337
837fc9092c394f6f956b9d78a7d9c68c,0.3265,2000,boot,0.31005806945463465,0.386,2000,-0.0595,robotiq,0.386
14d7e44e4c964362af4707f9ec7665f9,0.8245,2000,poster,0.14085666133028524,0.507,2000,0.3175,franka,0.8245
63f42695017f4e389a00c33a3820fe17,0.5995,2000,trench_coat,0.05083472620575702,0.4595,2000,0.14,franka,0.5995
9b50a3b59a654210989494c9e456b473,0.647,2000,drum_(musical_instrument),0.00883548371825559,0.639,2000,0.008000000000000007,franka,0.647
84d79784d0114e8caf222ffc333ea495,0.79,2000,shears,0.20366878551840184,0.4265,2000,0.36350000000000005,franka,0.79
23df345a11bb4fb59f583bac4837f94a,0.6355,2000,ski_parka,0.04891432315911026,0.671,2000,-0.03550000000000009,robotiq,0.671
9cf145fd05b74275912a95bf27dd6bfb,0.9565,2000,pole,3.508647893169037e-05,0.549,2000,0.4075,franka,0.9565
01ad91221fed407b80184c0e28526418,0.898,2000,scraper,0.24174835378873819,0.316,2000,0.5820000000000001,franka,0.898
d8886310cfc74b7c9ed0293b7a460d55,0.844,2000,timer,8.780872063414126e-05,0.859,2000,-0.015000000000000013,robotiq,0.859
2ca835385dc6423db40a2e308cec5b48,0.7155,2000,chicken_(animal),0.3337722366041007,0.655,2000,0.0605,franka,0.7155
67a4c51ce9894a218dab77cae5187518,0.7535,2000,alarm_clock,0.005019341735145073,0.9225,2000,-0.16900000000000004,robotiq,0.9225
0a61021cae7e44208585d4c738904aca,0.271,2000,shoe,0.0008628729384763204,0.4695,2000,-0.19849999999999995,robotiq,0.4695
1a4c7639dc1d4319b1a445653637827c,0.951,2000,doormat,0.0005935068900839773,0.3195,2000,0.6315,franka,0.951
98d3cfc65e614c9a8b685b5e3d38e55e,0.96,2000,briefcase,0.03749891306521832,0.9345,2000,0.025499999999999967,franka,0.96
33c91efcccf34c48a91a058c099d6831,0.9545,2000,desk,0.02734006065799296,0.237,2000,0.7175,franka,0.9545
535910c6ba5e4530b4eb48382474b72f,0.508,2000,tank_top_(clothing),0.1935620729505225,0.476,2000,0.03200000000000003,franka,0.508
300dde7f9b114295980ef7da782da86c,0.8285,2000,footstool,0.006870885764154087,0.4315,2000,0.397,franka,0.8285
2972712fbbc344219b1e46fcbbf30e78,0.824,2000,chair,0.06894592788360643,0.677,2000,0.1469999999999999,franka,0.824
3ff354190a7e40f09c3d5ac2eca73762,0.9215,2000,sword,0.0008907003001060342,0.4315,2000,0.49,franka,0.9215
33f6b41d95ad450aa07beea4844e5092,0.8345,2000,latch,0.20479990890254526,0.3705,2000,0.464,franka,0.8345
ffadf953f4e044f5a94432170359900b,0.2035,2000,crate,0.059864961672053504,0.32,2000,-0.11650000000000002,robotiq,0.32
a5588c0e88cc47f38d21d6d345f891db,0.728,2000,plate,0.48954253828071254,0.167,2000,0.5609999999999999,franka,0.728
d44a2e2519934b51b892a9c6b8a2c64c,0.936,2000,checkerboard,0.3173282655418801,0.0465,2000,0.8895000000000001,franka,0.936
8fb0c55beae3475fab0237d05dc7dd52,0.5075,2000,battery,1.3490306319688974,0.561,2000,-0.0535000000000001,robotiq,0.561
1897a2f4dd554b9d959685650d2be0b6,0.3175,2000,bread,0.38131655161569206,0.831,2000,-0.5135,robotiq,0.831
1271987b3fed464daad412ebce14d33e,0.732,2000,doughnut,0.000565441905691109,0.6215,2000,0.11049999999999993,franka,0.732
f93bb826f374423681a4772a3c49c1df,0.2455,2000,television_set,0.17521219722637849,0.364,2000,-0.1185,robotiq,0.364
811ef94fbd6c45938dfb3d7646da35fa,0.4505,2000,pole,0.09906098182139465,0.0485,2000,0.402,franka,0.4505
f03eed5909e345d3b551097e9c849fd4,0.8315,2000,soya_milk,0.04092750689306458,0.617,2000,0.21450000000000002,franka,0.8315
0149261afb9040a18d99c348e2e13d62,0.9505,2000,ashtray,0.011147488271344092,0.298,2000,0.6525000000000001,franka,0.9505
465edfa6bdf546789bc26fa87c885049,0.997,2000,detergent,0.0010678410328409619,0.101,2000,0.896,franka,0.997
491aecb4d6e04121be9dcd9bac6e9ba9,0.114,2000,pie,0.0013166989261719434,0.0,2000,0.114,franka,0.114
a12a11e501ac4248837cbd56318e5245,0.7195,2000,fire_engine,1.7053981447661997,0.6685,2000,0.051000000000000045,franka,0.7195
4c108902e9e74577901046818773ffa5,0.4195,2000,pottery,1.753239311282827,0.1175,2000,0.302,franka,0.4195
a6ff6aa7753348bfb7de7d5abe55798b,0.977,2000,stop_sign,0.0012739303347820803,0.2745,2000,0.7024999999999999,franka,0.977
50a702db822c474688714cb1a01a752b,0.0315,2000,motor_vehicle,0.7061596943527074,0.351,2000,-0.3195,robotiq,0.351
4d7414c670fc4818868efd717c8556c0,0.797,2000,bunk_bed,0.14203085083160988,0.407,2000,0.39000000000000007,franka,0.797
8a1a1c2e4be246d19f07be2141ace92e,0.8255,2000,space_shuttle,0.15274659762263076,0.535,2000,0.2905,franka,0.8255
950a3d4beb9b4392beab4e5e4b93f69b,0.4715,2000,jewel,0.3546558898338268,0.317,2000,0.15449999999999997,franka,0.4715
4d6074af12144035a518e878a82aabb3,0.421,2000,person,0.13087159396212716,0.7425,2000,-0.32150000000000006,robotiq,0.7425
5b608772bde3411d8bedf35c576d95dc,0.841,2000,gravestone,0.00021436250688440286,0.5365,2000,0.3045,franka,0.841
2ef9cf1a1c474826bba59217eab58b3b,0.8085,2000,latch,0.00038728662319770105,0.36,2000,0.4485,franka,0.8085
426c14adba6a45638752986c2f7d16b2,0.5135,2000,bed,5.045466256102558,0.347,2000,0.16649999999999998,franka,0.5135
27c495c9e968411f9855ef7a379fd65c,0.4435,2000,cupboard,0.13496492082018,0.104,2000,0.3395,franka,0.4435
4f6c9dcddd4d4dd1b0dbffab442b9c57,0.639,2000,cape,0.048308647288242204,0.791,2000,-0.15200000000000002,robotiq,0.791
90f28554f6d34de18f5df866e0ea8ff6,0.882,2000,fire_engine,0.027493232486720993,0.451,2000,0.431,franka,0.882
38c9de3d9de747d08e08bfaa01b70eca,0.9205,2000,weathervane,0.06797504987939755,0.318,2000,0.6025,franka,0.9205
0ffe20eb2f5741a59194d92c3b4a764a,0.944,2000,stirrer,0.0008488765970061245,0.4,2000,0.5439999999999999,franka,0.944
b7755e81af3f400d910e67050eddfe2a,0.041,2000,food_processor,0.04063669830457898,0.6115,2000,-0.5705,robotiq,0.6115
215cd872c8ab42679988fe7ddfc6baca,0.012797074954296161,1094,amplifier,0.08000862630032916,0.0265,2000,-0.013702925045703838,robotiq,0.0265
1c345764350a4fe6a5839842a6b9e0e8,0.9005,2000,cream_pitcher,0.032884514815413546,0.921,2000,-0.020500000000000074,robotiq,0.921
bb1a41bb9d4d412c985ba1492985e90f,0.949,2000,spectacles,0.11416964394563932,0.2215,2000,0.7274999999999999,franka,0.949
7b12177978024656a92945dd820534c4,0.721,2000,banjo,0.0007648504521423678,0.621,2000,0.09999999999999998,franka,0.721
bd2c3192cee442ae8151da50693d87f2,0.803,2000,thermos_bottle,0.03304953406253493,0.4065,2000,0.3965000000000001,franka,0.803
3ab147acc5604ed4b76943cf99504a55,0.8245,2000,pretzel,0.008333096785026937,0.3385,2000,0.486,franka,0.8245
ab5e592ccab34ed0ad2777f9b32c2e0f,0.5505,2000,lab_coat,0.10168215908692255,0.609,2000,-0.058499999999999996,robotiq,0.609
ddefbf484ee443e9b9506769745e6f09,0.542,2000,pitcher_(vessel_for_liquid),0.0370389370568233,0.7165,2000,-0.1745,robotiq,0.7165
bfbf68d4750f4a1c91eee39b0a4cdbac,0.6685,2000,coffeepot,0.2030245850223414,0.137,2000,0.5315,franka,0.6685
b03008f9c79143b7beebfd908d413371,0.8885,2000,ring,0.13221538265937693,0.702,2000,0.1865,franka,0.8885
43b9a729fed7414fbcf5510575e1a851,0.724,2000,cucumber,0.10789221356019436,0.7615,2000,-0.03749999999999998,robotiq,0.7615
b541d3a39e0c457eabbb4ddfa801d953,0.8385,2000,pigeon,0.0004282780778392462,0.68,2000,0.15849999999999997,franka,0.8385
0cb0a6704c8a4fbd967039998a9d76ac,0.5295,2000,bed,0.0008822051390169578,0.172,2000,0.3575,franka,0.5295
725e84ffb4834360bb26287050a0ee63,0.3545,2000,teakettle,0.06704384902388826,0.695,2000,-0.34049999999999997,robotiq,0.695
056bc1f99ae84162b21b8920ac71301b,0.853,2000,prawn,0.0016243283942531936,0.282,2000,0.571,franka,0.853
d020ffdc8ea0408ca11986a8e0ccb8e1,0.441,2000,raincoat,0.06892049053133491,0.4235,2000,0.017500000000000016,franka,0.441
90c9c4191de04730a38f3d1cb44cb92f,0.0,848,can,0.04121278402299889,0.552,2000,-0.552,robotiq,0.552
1fa57770b4ab4581b65638e2ef31d66c,0.8275,2000,wineglass,0.20411282635710212,0.512,2000,0.3155,franka,0.8275
97ee5b77987b47d79e474d0668dabe54,0.1075,2000,spectacles,0.006606237814806437,0.2735,2000,-0.16600000000000004,robotiq,0.2735
f9dfc01a5b894c2d946473c4c06000d6,0.8525,2000,skateboard,0.0013969053978602963,0.407,2000,0.44550000000000006,franka,0.8525
9a9a351cd3e047d3b86bdcca20e61e06,0.874,2000,monitor_(computer_equipment) computer_monitor,0.2127170341465988,0.2455,2000,0.6285000000000001,franka,0.874
484ef899d46a49acb57a4a1babd6630f,0.776,2000,pitchfork,0.10634563819794422,0.539,2000,0.237,franka,0.776
ee136487dda54e79a1c8e6027c6eb3aa,0.6315,2000,bread,0.010994287201744161,0.322,2000,0.30949999999999994,franka,0.6315
b4b3e046469749ce813c95f144276640,0.778,2000,pineapple,0.021055932812654776,0.666,2000,0.11199999999999999,franka,0.778
9aadeeb6635440af88606903a06950d8,0.20579110651499483,967,gift_wrap,0.06978488636838899,0.187,2000,0.018791106514994826,franka,0.20579110651499483
a42fa0e9decb4756bc03095433919393,0.7445,2000,railcar_(part_of_a_train),0.09524162630978304,0.2665,2000,0.47800000000000004,franka,0.7445
f19d6a3e6c6a4aa29c1d8ab2766a292d,0.925,2000,beer_bottle,0.23395832475369957,0.4025,2000,0.5225,franka,0.925
248f19938ab04761a15e35d9e24161ca,0.9095,2000,coffee_table,0.0005485600078850748,0.4,2000,0.5095,franka,0.9095
8f795db970ea4cfcb84278c1093659e2,0.4695,2000,dress,0.0017432644550679072,0.324,2000,0.14549999999999996,franka,0.4695
3932389d516a4cbfb3644f40922e542d,0.0285,2000,shredder_(for_paper),0.004061110358160967,0.2705,2000,-0.24200000000000002,robotiq,0.2705
cea98a167eef4efc825295f6a9e10ddc,0.7205,2000,kitten,0.0006348876485336555,0.526,2000,0.1945,franka,0.7205
d814b79fbcf2461faf106861bee7e112,0.883,2000,guitar,0.0002768611051254279,0.3565,2000,0.5265,franka,0.883
d944627e130147a4bd1bc1973ca29b09,0.0,15,cupcake,0.0008661462596899906,0.693,2000,-0.693,robotiq,0.693
d9efe71a39d84566ba8dda862abfa5b6,0.6895,2000,armor,0.08006676142149659,0.59,2000,0.09950000000000003,franka,0.6895
a4c33c8c157d44158fce5ff8cc819230,0.007978723404255319,1504,crouton,0.006843837078995948,0.8425,2000,-0.8345212765957447,robotiq,0.8425
81f02df60c6241d994bb4059bcde00d9,0.612,2000,generator,0.01722268921308751,0.648,2000,-0.03600000000000003,robotiq,0.648
661b90a9b722433cb1b4e31c9f4a561d,0.1725,2000,cow,0.0036577962338073347,0.261,2000,-0.08850000000000002,robotiq,0.261
cbfcb0e1d8c74f02bde4cfa7b92115f9,0.2175,2000,typewriter,0.7636739942295748,0.176,2000,0.04150000000000001,franka,0.2175
69f1a1dccffd440e91dbf89ae2c11ee0,0.8185,2000,chair,0.06537743217504383,0.5985,2000,0.21999999999999997,franka,0.8185
ddd382fba03b4732968dc43256a69201,0.737,2000,turtle,0.07656791313264251,0.7285,2000,0.008499999999999952,franka,0.737
592660a89c2144bab3b39339300d34b7,0.6835,2000,armor,0.16141159522190915,0.4115,2000,0.272,franka,0.6835
99a29194552445c99df5fc779b8e831f,0.752,2000,bulletproof_vest,0.012124321001240458,0.79,2000,-0.038000000000000034,robotiq,0.79
bf2d05741b244d34a86d0fa6ddff3cef,0.341,2000,seashell,0.0007222957673572861,0.8975,2000,-0.5565,robotiq,0.8975
b0600a51d13b4cb4bed00552f2b7da55,0.758,2000,cat,0.24862165707752645,0.5505,2000,0.20750000000000002,franka,0.758
b3163b89aeff40939a808b70d0d4a54d,0.8235,2000,candle_holder,0.044300426718657505,0.6605,2000,0.16300000000000003,franka,0.8235
c55ad9d105a84cc49e5a496190cef311,0.022,2000,dresser,0.006644326815886097,0.0755,2000,-0.0535,robotiq,0.0755
1f54a72db6744f83aea120c84e2cc2bf,0.034,2000,pillow,0.0698320814972675,0.11,2000,-0.076,robotiq,0.11
4e656e7e7f5d4bbe9549e6f7b43868ca,0.967,2000,mallet,0.11745083153119884,0.489,2000,0.478,franka,0.967
f6dba1a3f3174cb89b4ec110e150c07a,0.728,2000,skirt,0.020452177651427383,0.6195,2000,0.10849999999999993,franka,0.728
e9be94f83a3c47fbb50ba47aadd3b3d6,0.911,2000,knife,0.4054496359648713,0.5325,2000,0.37850000000000006,franka,0.911
7ece1ee1b602436dbcfb77e4f58ba8e5,0.404,2000,stepladder,0.08037232147654674,0.363,2000,0.041000000000000036,franka,0.404
e2af87d30bce4ee08611c20bbab345e1,0.8555,2000,basketball_backboard,0.01812585337000621,0.603,2000,0.25250000000000006,franka,0.8555
7bcc0425058142c59255979a2b61f0d2,0.546,2000,cider,0.6422208444715211,0.15,2000,0.396,franka,0.546
ebdfc87b2e104e51af6a7bc018a21d6b,0.6765273311897106,1555,spotlight,0.04019475618733127,0.574,2000,0.10252733118971069,franka,0.6765273311897106
635986f7dd674809ad862e85c2ff9ff5,0.309,2000,stepladder,0.05941098464726629,0.266,2000,0.04299999999999998,franka,0.309
e8b4a3e02d274c448d37b42c0894b9ec,0.644,2000,phonograph_record,0.15010013191468619,0.5595,2000,0.08450000000000002,franka,0.644
b57fd80f32ad4021bc39fd5e74d61ba8,0.674,2000,award,0.056446157150527115,0.4935,2000,0.18050000000000005,franka,0.674
1893b247c3e844cd835cbc1934595171,0.2325,2000,ladybug,10.253615993625257,0.589,2000,-0.35649999999999993,robotiq,0.589
bf2f02484d7a4a07aea4753a16f497e4,0.9615,2000,award,0.6177081166312983,0.21,2000,0.7515000000000001,franka,0.9615
b3fb4184c0364cc296bf306b323fb610,0.844,2000,unicycle,0.12026712417338917,0.536,2000,0.30799999999999994,franka,0.844
3900f4cd73ed4dcd8d7ab20ce3aa2549,0.5955,2000,ostrich,0.1748043818050823,0.605,2000,-0.009499999999999953,robotiq,0.605
e4b9b461115941eeaba8028a1398e97e,0.8735,2000,laptop_computer,0.0027659345645072763,0.078,2000,0.7955000000000001,franka,0.8735
b43e25f3f8ab4e7c9b3ac3850b684172,0.261,2000,coffeepot,0.05974753333322102,0.455,2000,-0.194,robotiq,0.455
4513f37e409642f085066f1470b09a25,0.877,2000,cake,0.0580620226756451,0.1285,2000,0.7484999999999999,franka,0.877
ae8965f525ac4521a3a5cdafc396101e,0.693,2000,teakettle,0.04132731787976715,0.9475,2000,-0.25450000000000006,robotiq,0.9475
e82900b6422f455c9e241dd6c58da5d8,0.6625,2000,boat,0.005863776484262003,0.2535,2000,0.409,franka,0.6625
204fd66893db4e0aad77208ea93d4122,0.9095,2000,glass_(drink_container),0.01954399789643146,0.5855,2000,0.32399999999999995,franka,0.9095
76a75a4cafb74489a3c5385834058f0b,0.9435,2000,hammer,0.773429469645695,0.502,2000,0.4415,franka,0.9435
cf1e6a6d80b44655af1fa51dd30035bf,0.912,2000,skateboard,0.003896568530508584,0.411,2000,0.5010000000000001,franka,0.912
40c943dca29b4c04a85e00272aadafbc,0.9255,2000,latch,0.0019553573026687148,0.5605,2000,0.365,franka,0.9255
4a056ba4d1ec48e9b4d7f30646f71052,0.397,2000,toilet,0.0004100816163369068,0.4555,2000,-0.058499999999999996,robotiq,0.4555
919543b91c9448ac877fdf671fdcfee5,0.82,2000,cardigan,0.04645275030227625,0.515,2000,0.30499999999999994,franka,0.82
c7eef8719c1d464780205e81b1d82c08,0.804,2000,cone,0.293607937666707,0.7805,2000,0.023500000000000076,franka,0.804
9347aa1119754f6d852e8c4c8c209ff1,0.722,2000,packet,0.09200077731083273,0.149,2000,0.573,franka,0.722
3496c75ae3c34a81af7a54e50e95faef,0.3385,2000,sausage,3.066658286815136,0.3885,2000,-0.04999999999999999,robotiq,0.3885
c5b45802a60c4e6fab47daea043d2460,0.76,2000,forklift,0.037354637176616384,0.658,2000,0.10199999999999998,franka,0.76
9affcdc2582d4a73991473ae34c4393c,0.604,2000,cone,0.04378246500697136,0.5405,2000,0.0635,franka,0.604
2010d22da4fd4b02aea43354a4497a8e,0.696,2000,race_car,0.08537081212302837,0.6135,2000,0.0824999999999999,franka,0.696
1f07c148a7bc4e7c88dc57de50dc36b3,0.727,2000,toilet,0.02948782410182511,0.37,2000,0.357,franka,0.727
6b5df16c0d6a4ca3a2f3ee0ba2a20fda,0.3775,2000,pegboard,0.0024420173866716625,0.236,2000,0.14150000000000001,franka,0.3775
46fce676fc5c41b8801309c3dbb3aed8,0.635,2000,headset,1.2667837968577456,0.2695,2000,0.3655,franka,0.635
60d018afecb74033a0bc36c38c6c50fc,0.7925,2000,puncher,0.0009788866192855805,0.512,2000,0.28049999999999997,franka,0.7925
8f5e43c3780844d1a991de153d0b54cf,0.554,2000,puppy,0.01587879177051029,0.4275,2000,0.12650000000000006,franka,0.554
46e3f24928e146718263c1a2706ed8d4,0.8105,2000,wet_suit,0.003924929543765337,0.5185,2000,0.29200000000000004,franka,0.8105
28ab910901224743a610788e99112025,0.4685,2000,dolphin,0.0013987528849056926,0.7165,2000,-0.248,robotiq,0.7165
333087a11832435cbe9d71ea3ac0448d,0.5145,2000,coil,0.002897991954111903,0.375,2000,0.13949999999999996,franka,0.5145
214671c96c5f49b2a1927d1638f0fb47,0.452,2000,truck,0.016789355964511542,0.419,2000,0.03300000000000003,franka,0.452
ab6393f2bf8148ef867b051b0f844515,0.67,2000,wall_clock,0.0006732625449549263,0.1395,2000,0.5305,franka,0.67
5967a2c18de44cdfafe7dfedb8d47f99,0.8185,2000,chair,0.18316721152159207,0.343,2000,0.4755,franka,0.8185
b59052f4855743009fb4ddc870d98750,0.8955,2000,shield,0.15022497504057866,0.186,2000,0.7095,franka,0.8955
2417f797d53c4ee78ca31a74cc774952,0.6525,2000,snowman,0.02718643135458389,0.604,2000,0.04849999999999999,franka,0.6525
c2520aa7627447d188aec6c002396244,0.6735,2000,traffic_light,0.0680552739659608,0.767,2000,-0.09350000000000003,robotiq,0.767
4c8af55af44c4e888fa9e3ca037f65e3,0.8975,2000,aerosol_can,0.008350010983173077,0.6175,2000,0.2799999999999999,franka,0.8975
0c35c6072e2c4447a94be5fe1f7eb615,0.906,2000,cucumber,0.0003344372560734313,0.785,2000,0.121,franka,0.906
badf95951a0b4ee28e66b3e585a2957b,0.7745,2000,oil_lamp,0.02741252188508286,0.627,2000,0.14749999999999996,franka,0.7745
b596357e65ca4ab48d7ba87a38deb750,0.457,2000,rabbit,0.3378222867498025,0.413,2000,0.04400000000000004,franka,0.457
937a135e5cf248d68bfd7e33d23e296a,0.712,2000,snowman,0.018511955282677007,0.5205,2000,0.1915,franka,0.712
ac30b773e4ee444a9ed4a52fc3abdce3,0.9095,2000,football_(American),0.06090282798157492,0.174,2000,0.7355,franka,0.9095
1547c6f4962a4a30bec898f7295ddce4,0.5435,2000,green_onion,0.013634808889747656,0.5285,2000,0.015000000000000013,franka,0.5435
0cb168c5176047439bfa91cd6599420c,0.788,2000,tractor_(farm_equipment),4.693996017255441,0.612,2000,0.17600000000000005,franka,0.788
0253ceabf9ae437fb885a74140070227,0.1745,2000,prune,0.012381383425486246,0.3075,2000,-0.133,robotiq,0.3075
b8d08fc37a864225abd15f094bd78a6c,0.6995,2000,saddlebag,0.030605890739649144,0.499,2000,0.2005,franka,0.6995
94fd7e36195d4df68990d40d7e52d21d,0.9115,2000,chessboard,0.0074402036219996396,0.1715,2000,0.74,franka,0.9115
d7507a0caaec454aa6ebb7f0d6d5a261,0.457,2000,salad,0.35259263612784714,0.176,2000,0.281,franka,0.457
46cc929cd9e443fea6b1dbcc54cf8e5e,0.629,2000,boot,7.424854061688622e-05,0.4315,2000,0.1975,franka,0.629
13d9b2718049494fbed26c841b95ac3d,0.875,2000,napkin,0.0007830723922720754,0.297,2000,0.5780000000000001,franka,0.875
c78a944eef3d427c80d47153e6f8b220,0.0,650,heart,0.0005834880453141116,0.7735,2000,-0.7735,robotiq,0.7735
f100fab40964464a99103ffe53e6b8f5,0.3575,2000,radiator,0.2000137213518148,0.106,2000,0.2515,franka,0.3575
0b1b44a101734a418455f738272e51a0,0.355,2000,sword,3.7223168896731296e-05,0.502,2000,-0.14700000000000002,robotiq,0.502
28fa872e41264a8fae159c0469fc73ab,0.918,2000,boat,0.017966176070018568,0.2495,2000,0.6685000000000001,franka,0.918
d2fdabdc9cd84b409fc9330f911793eb,0.035,2000,tank_(storage_vessel),0.002805843738726305,0.7115,2000,-0.6765,robotiq,0.7115
a6f89746f95b47248b4858dab9138994,0.8835,2000,jewelry,9.498945583751249,0.467,2000,0.4164999999999999,franka,0.8835
8dec034ab5754c91a0596fad668bfaa7,0.724,2000,guitar,0.0005837047229197687,0.459,2000,0.26499999999999996,franka,0.724
417178d709774642b0d5b5a02181caa2,0.8605,2000,violin,0.018898713392986804,0.5685,2000,0.29200000000000004,franka,0.8605
8c603870f7984034a229d9ca0849df08,0.8685,2000,sunglasses,0.04809607129238247,0.3125,2000,0.556,franka,0.8685
b74f01b2fb4b4e0d9cdbdd93ad1e838d,0.0012578616352201257,1590,chopping_board,4.324947675834249,0.0305,2000,-0.029242138364779874,robotiq,0.0305
84faee90e84542b5b9e1aac1c843b16a,0.0,1464,soya_milk,1.555519377301181,0.127,2000,-0.127,robotiq,0.127
da4f808afd264f20b9ae7bd8a13d51ec,0.979,2000,beer_bottle,0.012534844393527835,0.6925,2000,0.2865,franka,0.979
c83b397198f04bd981f568710894062e,0.818,2000,chocolate_mousse,0.12633422890522408,0.2785,2000,0.5394999999999999,franka,0.818
e34246f2fcdd4c81b0d982a2053b854c,0.56,2000,drum_(musical_instrument),0.003977239524958211,0.194,2000,0.36600000000000005,franka,0.56
4f28eb03688b4e78b4dd4947d66551b3,0.9015,2000,gun,0.471089128911286,0.4825,2000,0.419,franka,0.9015
8b1d438414814fada8a82301d341bed3,0.3655,2000,pretzel,0.0010693415405174747,0.199,2000,0.16649999999999998,franka,0.3655
eec291dcc28c4395a0ec97c84923f89e,0.9295,2000,walking_cane,0.00024169915005999983,0.5485,2000,0.381,franka,0.9295
18a8287559a94722a5789d80d6eb8b45,0.9405,2000,truck,0.0009695434792279962,0.713,2000,0.22750000000000004,franka,0.9405
f82277a43fc649f296e4c59063e78593,0.84,2000,pillow,0.04184540530618232,0.8555,2000,-0.01550000000000007,robotiq,0.8555
03625ebdd8b34cef85eb9cb3a099497f,0.711,2000,coffeepot,0.0032207562553107348,0.551,2000,0.15999999999999992,franka,0.711
1c7e644c56f04dd4aebc8775dc327941,0.185,2000,foal,0.0064365101352058035,0.5475,2000,-0.3625,robotiq,0.5475
e05b1cfd53ce49f39741e692274254a7,0.5335,2000,leather,0.022072650458470976,0.4895,2000,0.043999999999999984,franka,0.5335
084e557285c24d129246e8bd875959ec,0.9375,2000,projectile_(weapon),0.00040140104703245694,0.3475,2000,0.5900000000000001,franka,0.9375
5dc3b7ffa3c4479292f45cc39d667db4,0.8155,2000,passenger_car_(part_of_a_train),0.013367186107563506,0.258,2000,0.5575,franka,0.8155
9816819af90e4f28a7ba853d48516bcb,0.662,2000,boat,0.006590910918747637,0.2695,2000,0.3925,franka,0.662
f00aaf90dc884a1492a8077bbc2e699d,0.7245,2000,lab_coat,0.000462726333975403,0.863,2000,-0.13849999999999996,robotiq,0.863
675553d3b2004d72b68c04a5d147d0bd,0.6965,2000,telephone_pole,6.455097456908527e-05,0.4225,2000,0.274,franka,0.6965
304f656a07d741caabdf36d58b9eb471,0.0027491408934707906,1455,motor,0.03345688214128424,0.176,2000,-0.1732508591065292,robotiq,0.176
0b5b53c652804d00981978f36dfc2ace,0.564,2000,piano,0.0002974491985164327,0.2695,2000,0.29449999999999993,franka,0.564
ddd35916c5d84fd8ab4c38380a73fb5b,0.8125,2000,chair,0.07443103432665661,0.611,2000,0.2015,franka,0.8125
03a1523f990d4d82882fb924f9afa5c7,0.1355,2000,piggy_bank,0.15230421354012488,0.7325,2000,-0.597,robotiq,0.7325
9249e4a1c92e405da59e0f869fecab98,0.959,2000,hardback_book,0.0009884039761425196,0.6765,2000,0.2825,franka,0.959
dd82dcb8975543658f4ee5097637cb39,0.5745,2000,crossbar,0.0005754479852380534,0.2725,2000,0.302,franka,0.5745
8cbbb4dd2fdf4397a011774ab21807dd,0.5915,2000,stagecoach,0.014887776394055379,0.5985,2000,-0.007000000000000006,robotiq,0.5985
2581387ab6454f1787e50d5909b325aa,0.2265,2000,gargoyle,0.014570409815571223,0.155,2000,0.07150000000000001,franka,0.2265
1c207c5e7e5a4f45ac1bff888665c1e4,0.892,2000,rat,0.00015534333428998145,0.847,2000,0.04500000000000004,franka,0.892
063ceb75b220463fa2dde8df4154ba2e,0.708,2000,zebra,0.013033945860884931,0.504,2000,0.20399999999999996,franka,0.708
9e7a80b01b774e5d9515e9c1480e78ca,0.83,2000,octopus_(animal),0.09675890546983305,0.4645,2000,0.36549999999999994,franka,0.83
fcd28dd81075447480fa9c67c351bd3c,0.983,2000,stool,0.007529989261878029,0.377,2000,0.606,franka,0.983
5ab8a2aa7994478c987c3b541016a56a,0.0,652,mail_slot,1.2148120338102124,0.024,2000,-0.024,robotiq,0.024
6a2bac9e48c246b5b08b798e1d32354f,0.8265,2000,reflector,0.8767149688510726,0.4685,2000,0.358,franka,0.8265
166b4ceb676f43d086e155b10973edf4,0.9735,2000,card,0.0003476197770973976,0.1335,2000,0.8400000000000001,franka,0.9735
685946b38fc54fab93f1454c7709d49f,0.875,2000,crate,0.0003504676158901897,0.2595,2000,0.6154999999999999,franka,0.875
d4aca7355e284270897fe9a778588fee,0.8115,2000,giraffe,0.00602373146724456,0.8295,2000,-0.018000000000000016,robotiq,0.8295
f0ef12ae364143a4a3e3649448d4e819,0.881,2000,basketball_backboard,0.028346388746937724,0.2775,2000,0.6034999999999999,franka,0.881
3ad84fa9d8714fe8a311139fb409d3a0,0.733,2000,cowboy_hat,0.021305295747065838,0.531,2000,0.20199999999999996,franka,0.733
31b3d48ddc8f4b40a4099647fa016305,0.0,28,toolbox,0.0034769575727813438,0.138,2000,-0.138,robotiq,0.138
7bd35dbd3363425db41c9e6a391af2ab,0.8835,2000,shampoo,0.6898547322609311,0.5105,2000,0.373,franka,0.8835
d55cbeef0dba44e1a35bfba53b0bec05,0.613,2000,signboard,0.014300395418933982,0.178,2000,0.435,franka,0.613
91d1a4eccefa4bcbbd72292c8a509cc9,0.8505,2000,slipper_(footwear),0.0043554492933473785,0.334,2000,0.5165,franka,0.8505
8ceda28e608c450dada885fe63b21afb,0.115,2000,ring,0.002932668016771148,0.126,2000,-0.010999999999999996,robotiq,0.126
5827545d50c04bfc82edbb45264f0456,0.45930232558139533,1376,carton,0.0010182523234796427,0.4745,2000,-0.015197674418604645,robotiq,0.4745
29620ea7b8364bdda75c9d1f66bf68d2,0.211,2000,giant_panda,0.04791269185411244,0.316,2000,-0.10500000000000001,robotiq,0.316
15706428e244497ebd88a515949c79c4,0.7145,2000,tablecloth,0.06386385231336478,0.5665,2000,0.14800000000000002,franka,0.7145
c6278518c51e496a82687982f545ac3a,0.717,2000,earphone,0.246502138744869,0.0975,2000,0.6194999999999999,franka,0.717
400d478205aa4c88a29ec317696dea76,0.788,2000,unicycle,0.033301899771450615,0.4815,2000,0.30650000000000005,franka,0.788
017c41aac5db41f3bfe2f7938a4834d1,0.132,2000,sportswear,7.357477695584292e-05,0.0855,2000,0.0465,franka,0.132
71e67efec2914040ba2f17ae42929dbf,0.686,2000,mammoth,0.0010213812883143017,0.662,2000,0.02400000000000002,franka,0.686
2d4402b960bf499891ea061dde44822c,0.339,2000,steak_knife,0.005301298135617387,0.3655,2000,-0.026499999999999968,robotiq,0.3655
43c333d026e14409863e3c5693c36fde,0.4435,2000,record_player,0.1176666318999386,0.2055,2000,0.23800000000000002,franka,0.4435
b2e5732dd9584e57ab9857d3a8b0350c,0.0,35,lemon,6.028396957445281,0.0,281,0.0,robotiq,0.0
40ac7442dcac41649415d5f57ef0f6a2,0.69,2000,mail_slot,0.16923344686001346,0.2875,2000,0.40249999999999997,franka,0.69
cbef71e3235e4b99acb81d452cfc4019,0.8685,2000,cleat_(for_securing_rope),0.0003813227881831345,0.614,2000,0.25450000000000006,franka,0.8685
e0bc8c1d5c8f4be0af37ea852d42d6d9,0.7775,2000,mouse_(computer_equipment),0.0010650252340993537,0.664,2000,0.11349999999999993,franka,0.7775
313d47b8120d4e43822e4f98ff318873,0.84,2000,reflector,1.3211658473461364e-05,0.506,2000,0.33399999999999996,franka,0.84
1f1139d167304ea59626ef851d14dadd,0.8195,2000,monkey,0.07905426767354473,0.6325,2000,0.18700000000000006,franka,0.8195
771bc44631374c4cb1d1c3c96b114a29,0.992,2000,cigarette,0.17842216576232914,0.209,2000,0.783,franka,0.992
8eb796e925354d8fa134b34e0b30ae52,0.4995,2000,pole,0.008934221488552857,0.259,2000,0.2405,franka,0.4995
7795c11d23ee4a1d94ea3cfe075e5fcc,0.654,2000,mushroom,0.0005802109231097147,0.714,2000,-0.05999999999999994,robotiq,0.714
6da2baf841e24d17a2cbbd08540aafe0,0.5075,2000,pew_(church_bench),0.0027968563227952136,0.486,2000,0.021499999999999964,franka,0.5075
c0ca5a0aa9a048b0adfd33864f738718,0.8975,2000,table,0.09759470396182952,0.7295,2000,0.16799999999999993,franka,0.8975
a25540fc03ba400faf012d4f68b7ba41,0.0115,2000,water_bottle,0.023239752213311392,0.1895,2000,-0.178,robotiq,0.1895
4acb1491549f4543a0433e58dd397d96,0.5565,2000,peach,0.938540422653472,0.9855,2000,-0.42900000000000005,robotiq,0.9855
d244c12f8ee7479ebb3b027c277f402e,0.06662553979025293,1621,control,0.3848977129188959,0.299,2000,-0.23237446020974706,robotiq,0.299
d518e2ce054541e6b329dc2343307462,0.7585,2000,bicycle,0.0006679008330436872,0.4815,2000,0.27699999999999997,franka,0.7585
93e2d04acb5541e1a12a181f8b1addc4,0.9555,2000,cash_register,0.04723587259794891,0.2545,2000,0.7010000000000001,franka,0.9555
102a2e5292844ab888a99ec85e23a42e,0.4925,2000,frog,4.7075386476667966e-06,0.6,2000,-0.10749999999999998,robotiq,0.6
3c0357d5fd7f4ba09a01ee737a149bf4,0.7315,2000,mascot,0.3786250693470918,0.626,2000,0.10550000000000004,franka,0.7315
8630ce940c884057a82c9cd39998fd53,0.3305,2000,jeep,0.052501809658876374,0.3615,2000,-0.030999999999999972,robotiq,0.3615
182cc7092d17474e8cc791aef04a8fb3,0.524,2000,steering_wheel,0.0004651840502888791,0.312,2000,0.21200000000000002,franka,0.524
e3173857f9384aa4928daeabff75da44,0.0,622,apple,0.07701196355588728,0.0,1527,0.0,robotiq,0.0
750b7ec1cf8c4eccb29a7bcdbab15b0a,0.582,2000,Lego,0.12927918959935153,0.381,2000,0.20099999999999996,franka,0.582
9ad93c7544ae4f6fb242092d1ec7a5aa,0.4565,2000,shield,0.006510347263859589,0.1835,2000,0.273,franka,0.4565
d0143f13110e4f02bd3a8f43f8416288,0.7355,2000,shark,9.7912544588573e-05,0.397,2000,0.3385,franka,0.7355
b2e44130c6da4d4abe3906ad6a94d238,0.875,2000,fighter_jet,6.827200907777849e-05,0.474,2000,0.401,franka,0.875
222e96a82d3a45009ddea01488ef6ae1,0.647,2000,scarf,0.0010822331225474892,0.593,2000,0.05400000000000005,franka,0.647
1754d6b3255f4ceba68efe68a5c5efc5,0.9135,2000,bookmark,5.164453684899271e-05,0.645,2000,0.26849999999999996,franka,0.9135
6abf2d940dc343a6bd76d5e105aaa8af,0.738,2000,gourd,0.13309685466659094,0.4045,2000,0.33349999999999996,franka,0.738
89545a657ce243148738302a4843f339,0.7675,2000,boot,0.012421058369247234,0.394,2000,0.37349999999999994,franka,0.7675
4da577d89c0b4a61967236cee9d745b5,0.463,2000,pickup_truck,1.2254573844625211e-05,0.303,2000,0.16000000000000003,franka,0.463
b1132a4198f54427a93b887260b6c146,0.506,2000,boat,0.0010891511082375478,0.5975,2000,-0.09150000000000003,robotiq,0.5975
feb365045ac341f488e985e81aacfe6f,0.8985,2000,chair,0.1119844618573124,0.5705,2000,0.32799999999999996,franka,0.8985
31ecdff2bc3747d19a51d49507bba740,0.9525,2000,shield,0.15063913300020995,0.0855,2000,0.867,franka,0.9525
2527cdd4e465404a9e049171f506fc14,0.87,2000,vodka,0.08146419757354667,0.459,2000,0.411,franka,0.87
74dfd9925fde4ae5882eb74c77c3c663,0.6315,2000,motor_scooter,0.0010663797309859193,0.6775,2000,-0.04600000000000004,robotiq,0.6775
4b9c75dd6b4445f485748d95a85eaf5f,0.8905,2000,pepper_mill,1.0075865484522344,0.9615,2000,-0.07100000000000006,robotiq,0.9615
a2197dc431a84e16ad5bfa5c0bd0bac9,0.753,2000,frog,0.00021454073732837296,0.344,2000,0.40900000000000003,franka,0.753
e491afcbbfbc4c5db639218730297d01,0.623,2000,duck,0.0005909016988465719,0.46,2000,0.16299999999999998,franka,0.623
a72f51ce1b93435b8bd93669546a888b,0.915,2000,coloring_material,0.016308814795165896,0.666,2000,0.249,franka,0.915
f23d5373a40e41728772fd86bf0ebed0,0.0495,2000,control,0.0015920390391933957,0.5275,2000,-0.478,robotiq,0.5275
d8caad07019141a0963aa66abb0efbf7,0.7535,2000,jacket,0.021393949341392413,0.4655,2000,0.2879999999999999,franka,0.7535
936e11daf1d94cf69384c4d737cacc72,0.4005,2000,ski,0.05269935705342478,0.4525,2000,-0.05199999999999999,robotiq,0.4525
2f4d7d754cc3403bbc7f8c2ed9f3de3b,0.8305,2000,watering_can,0.027247487530241015,0.9875,2000,-0.15700000000000003,robotiq,0.9875
4df80d6f07a44e45a10471de3e1e8308,0.612,2000,camper_(vehicle),0.05228245490325366,0.4265,2000,0.1855,franka,0.612
36342df2dae44dd4894ad4658720c2a4,0.791,2000,hamburger,0.018468967006351734,0.5575,2000,0.23350000000000004,franka,0.791
a0e7fa322fac48f9b333234b8ccf433b,0.783,2000,rag_doll,0.03701244874006016,0.5565,2000,0.22650000000000003,franka,0.783
58cd445c1e0044dd8af2009d51b7be18,0.983,2000,shield,0.01456970580576957,0.251,2000,0.732,franka,0.983
61a9ebb24be6462687f6f40985ca11c7,0.709,2000,pendulum,0.0028750406125433677,0.586,2000,0.123,franka,0.709
c8777bf04ba749e59ce0796d780ed1af,0.7885,2000,spatula,0.0005137604392184523,0.6885,2000,0.09999999999999998,franka,0.7885
9d0d5e5549d547d0b38200eb0d7ca976,0.905,2000,wrench,0.008959748643201463,0.4975,2000,0.40750000000000003,franka,0.905
0c36dd6bac654992a6963ae2f6caa0ec,0.8985,2000,sword,0.0005375729382304639,0.5855,2000,0.31299999999999994,franka,0.8985
3b61e28b2af7473f9be019947f95498b,0.939,2000,ring,0.008882765582602353,0.346,2000,0.593,franka,0.939
aaeb98d6ec314c16be460cf161fda746,0.718,2000,pinecone,0.011338219506066465,0.9555,2000,-0.23750000000000004,robotiq,0.9555
2a79482cf73f453381dc73a3908046ad,0.515,2000,trophy_cup,0.016236417386563697,0.446,2000,0.069,franka,0.515
bcc3b206b4554d288e8eae93ed08c38f,0.5,2000,quilt,0.16856348553188102,0.44,2000,0.06,franka,0.5
8a9edd2804eb463db1cf8a634d058ee1,0.0,2000,garbage,0.011704483910910368,0.344,2000,-0.344,robotiq,0.344
f8dfd4ebe2694700bdc4dadda81f2393,0.3905,2000,mallard,0.0005324018543612583,0.5255,2000,-0.13499999999999995,robotiq,0.5255
0a5652c16e1a4575903dfc1696382502,0.839,2000,bed,0.0008067598229105482,0.19,2000,0.649,franka,0.839
05ffe73cf5b946b89ce81ed1a422125f,0.759,2000,headset,0.08582506329380604,0.442,2000,0.317,franka,0.759
a1ebd09f35fb4e1eae497c73bf1114d2,0.8745,2000,chime,0.013786347437631968,0.4585,2000,0.41600000000000004,franka,0.8745
2c8d1ff84471461a9c4dffc9caf80719,0.8315,2000,corkscrew,0.0032964643103858228,0.8785,2000,-0.04699999999999993,robotiq,0.8785
561ffaf55bd441feaf10512052289197,0.828,2000,pew_(church_bench),0.1734566469183245,0.4065,2000,0.4215,franka,0.828
308cad8d9cfd4c9b82b89a0bbefa8b4c,0.7985,2000,Lego,0.1763779679726024,0.51,2000,0.2885,franka,0.7985
d2153a9ed0d64c15911db2f53f1772bc,0.8235,2000,shampoo,0.000673153757072747,0.7125,2000,0.11099999999999999,franka,0.8235
560184ebf3f3449fb195f1fd829d25f5,0.676,2000,television_set,0.16466686334288214,0.6365,2000,0.03950000000000009,franka,0.676
a47c2640adc540fabf6e6708c524bb77,0.8805,2000,armoire,0.011896913284049081,0.7075,2000,0.17299999999999993,franka,0.8805
38ff74df366146aaafa235f1aff30ce0,0.807,2000,doll,0.044564083048534056,0.679,2000,0.128,franka,0.807
bb0eea1979ca4ee1b9002915dafead38,0.6915,2000,handcart,0.7060100562076999,0.4975,2000,0.194,franka,0.6915
a7852c063b484df6963e1b5f649e7fe5,0.0,151,air_conditioner,0.28387027642736523,0.049,2000,-0.049,robotiq,0.049
4efdeb23f30e49aab10fac0c3064443d,0.906,2000,lamppost,0.2522252503199992,0.563,2000,0.3430000000000001,franka,0.906
2ec1ab458bcd4ea59236bb58bc3707dd,0.5675,2000,pocket_watch,0.29627258114812394,0.2855,2000,0.28200000000000003,franka,0.5675
d951719747d042d7860a7cf7901da37f,0.663,2000,platter,0.1695596069781434,0.339,2000,0.324,franka,0.663
62ee76119f1c4524824edc80e2e5834e,0.6975,2000,bicycle,0.015126497311982888,0.291,2000,0.40650000000000003,franka,0.6975
117237a5e57a4bf9b7159f3d7488a9e1,0.0,2000,bolt,0.0033437893766022405,0.239,2000,-0.239,robotiq,0.239
f1fcb8dafa9f4b2aba17ee85bce249e9,0.331,2000,fan,3.9244600903817115e-05,0.443,2000,-0.11199999999999999,robotiq,0.443
63f67ba1fd614f40aff93c5b3d8b77d5,0.6835,2000,newsstand,0.02025026205308255,0.5925,2000,0.09099999999999997,franka,0.6835
98d4960bcf66471eb4b65b92f8137a53,0.4605,2000,playpen,0.0001447389748951411,0.25,2000,0.21050000000000002,franka,0.4605
824ffd9227004b52bd99cf1239e666e5,0.741,2000,ladle,0.05015332405607685,0.4735,2000,0.2675,franka,0.741
904231517fd644ab8cae9b78544ea029,0.9715,2000,doorknob,0.0023795294152116975,0.8845,2000,0.08700000000000008,franka,0.9715
b8c8a28219464a7fa947effca8580f13,0.971,2000,cassette,0.04281113389964439,0.4205,2000,0.5505,franka,0.971
132b635ab00748ab905bbc279497d6d9,0.8805,2000,table,0.08196617080991427,0.41,2000,0.4705,franka,0.8805
3a7e7cb8d062471dab1f4245a157d8c3,0.374,2000,mallard,0.0035312075312751087,0.521,2000,-0.14700000000000002,robotiq,0.521
daf6859d23e34d40886412998ac0695a,0.8195,2000,mail_slot,0.12394917598287232,0.2265,2000,0.593,franka,0.8195
0f3749cd30f143f9a3f2ae50fd8237e9,0.7135,2000,jacket,0.02870548624496774,0.422,2000,0.29150000000000004,franka,0.7135
649ed122d13b415ab673fb4d375c3063,0.8935,2000,fire_alarm,0.004466615622122728,0.841,2000,0.05249999999999999,franka,0.8935
3ec4946f4ef3431cac30b4076830715d,0.6175,2000,headset,0.04098722378755708,0.3045,2000,0.31300000000000006,franka,0.6175
5a288e211fe647bfbe27f5564eb3ee87,0.6875,2000,wedding_ring,0.007215234144567011,0.6795,2000,0.008000000000000007,franka,0.6875
ec02a2b9aa524999a6dd1ac73ebd9d70,0.8095,2000,water_jug,0.044875905916820974,0.553,2000,0.25649999999999995,franka,0.8095
8a6cb4f7b0004f53830e270dc6e1ff1d,0.8615,2000,wrench,2.5544207005364084,0.3615,2000,0.5,franka,0.8615
62f6469627544da3acc970e5207ca551,0.607,2000,vest,0.0005692275429734059,0.6895,2000,-0.08250000000000002,robotiq,0.6895
6eef299b1aac4ff29f238abca0f7cff3,0.296,2000,bottle,0.0039159976890742595,0.2405,2000,0.055499999999999994,franka,0.296
cdf62d8f25ab473ab02af33698576b88,0.8695,2000,antenna,0.23849645387481216,0.506,2000,0.36350000000000005,franka,0.8695
5aa8e3db89e245b7908b3abcacad3e4f,0.7325,2000,helmet,0.008561875659307982,0.2445,2000,0.48800000000000004,franka,0.7325
25617b4723b94665a35c44ed43dd6549,0.79,2000,beret,0.05335276319125399,0.5905,2000,0.1995,franka,0.79
099bef78983b411c8366a90b52960a42,0.357,2000,egg_yolk,7.821658346082959,0.1985,2000,0.15849999999999997,franka,0.357
898366645e6046838828d8637d6fa3c9,0.8465,2000,step_stool,0.511048876969229,0.42,2000,0.42650000000000005,franka,0.8465
33ad50068d804d6da11c86198b743d0e,0.656,2000,deck_chair,0.08011447418438301,0.2895,2000,0.36650000000000005,franka,0.656
915a2a55c3644f25b62c447488b76f26,0.671,2000,traffic_light,0.15699935011049002,0.488,2000,0.18300000000000005,franka,0.671
fbcbdaab9c3245de97df48ae6a19f789,0.87,2000,vulture,0.3160478059645092,0.455,2000,0.415,franka,0.87
fb70d2c633d6405190fcd6a0a9733b6f,0.9015,2000,sword,0.0002735544942865617,0.4455,2000,0.45599999999999996,franka,0.9015
45f9e55f493142a99b1673e4da1a4119,0.1515,2000,glove,0.11191882173352222,0.3615,2000,-0.21,robotiq,0.3615
d551c1fa3b514c76ab66f2ccd42bf788,0.632,2000,nailfile,0.007825699232010045,0.651,2000,-0.019000000000000017,robotiq,0.651
793a79e4d04541f3be629c519544b798,0.8995,2000,antenna,0.003928260521436049,0.3955,2000,0.504,franka,0.8995
b5337ed2243e4ef0a0d669efd4c02891,0.7465,2000,table,0.055512375476454476,0.5025,2000,0.2440000000000001,franka,0.7465
ec97374d7b89442c93e3e82bb7185bcc,0.8755,2000,antenna,0.005934139043101388,0.6195,2000,0.2559999999999999,franka,0.8755
8003aa8ce7fb4019beb09194daa87400,0.951,2000,skateboard,0.03198010506924872,0.3175,2000,0.6335,franka,0.951
61e49937f4ba4a80a326ec1dfe850c26,0.806,2000,ballet_skirt,0.0020826257242851838,0.683,2000,0.123,franka,0.806
3ce7d2047483473dad63751c7b5927c0,0.5805,2000,pizza,0.03828416107178111,0.5935,2000,-0.013000000000000012,robotiq,0.5935
30f93d9dae4948fe85cd4d60ac40c23f,0.601,2000,heart,0.4638569082141279,0.8475,2000,-0.24650000000000005,robotiq,0.8475
17e2067819c64e0187702ac8ccdc3c47,0.9675,2000,manhole,0.13438368679729176,0.047,2000,0.9205,franka,0.9675
0d04e2a27bb0466db97bc271f1c6262f,0.934,2000,tassel,0.00024031888473778664,0.3355,2000,0.5985,franka,0.934
c8f58c34099d4da49d0b491be5039025,0.8915,2000,duckling,0.05150778755746289,0.7135,2000,0.17799999999999994,franka,0.8915
f61affe06e6b48cb8ba40f60139fa0d1,0.0995,2000,seashell,0.0015578373322144502,0.082,2000,0.0175,franka,0.0995
475732573baf4476932cb6b145a904fe,0.6535,2000,teddy_bear,0.1028451401767336,0.809,2000,-0.15550000000000008,robotiq,0.809
a026f13cdd6c4e7f9f89c82731d7bfa3,0.2135,2000,flower_arrangement,0.04906034109180862,0.354,2000,-0.14049999999999999,robotiq,0.354
8223c2a7e90f44ae9d3aae0de389617d,0.9055,2000,hammer,0.41895515551191453,0.697,2000,0.20850000000000002,franka,0.9055
e9afdd1eed0141da9e981953da135187,0.584,2000,tablecloth,0.0020933246835768767,0.3595,2000,0.22449999999999998,franka,0.584
b0591dd6c09d41c3b787dc0763171a59,0.0,13,hamster,0.0006147368403392654,0.0955,2000,-0.0955,robotiq,0.0955
d464a17419b842e6bd0c56c8b9c92132,0.925,2000,checkerboard,0.015410258305719654,0.075,2000,0.8500000000000001,franka,0.925
ba34ae6d766048a18b234580a515fad0,0.6865,2000,television_set,0.00019406911311479629,0.845,2000,-0.15849999999999997,robotiq,0.845
c75261456e67483e914ace69b3e21289,0.0705,2000,pliers,0.003479608192956671,0.3085,2000,-0.238,robotiq,0.3085
6c1398769d8f42649fd6f2bbcb923eaf,0.5955,2000,loveseat,0.0015632512981955773,0.264,2000,0.3315,franka,0.5955
324b2ca5551546909dfe74dfceaf31db,0.7915,2000,cone,0.0016921959676047332,0.2565,2000,0.5349999999999999,franka,0.7915
da7084026e5246148ed054037a6a3b71,0.5435,2000,shoe,0.0021859068591630697,0.574,2000,-0.03049999999999997,robotiq,0.574
5f9ae9329a1841b499e84f9915045659,0.7555,2000,chair,0.04030212292294124,0.7235,2000,0.03199999999999992,franka,0.7555
46743d3ca1f64dce8faee122bdcd55fb,0.57,2000,horse,0.058192353789948,0.353,2000,0.21699999999999997,franka,0.57
9f6a9d1843804633886dd850d281678a,0.717,2000,mask,0.0009427956746947745,0.0415,2000,0.6755,franka,0.717
847ad13c1bc648a69e2e0fbfb3fda997,0.5295,2000,bird,0.005817104544788561,0.4905,2000,0.03899999999999998,franka,0.5295
d2203de922524f24a77e0d48de513bc5,0.905,2000,machine_gun,0.007589178710829905,0.4245,2000,0.48050000000000004,franka,0.905
c1b2afe08c6645dfb607e23c7b462161,0.614,2000,deer,0.02508641942056175,0.6345,2000,-0.020499999999999963,robotiq,0.6345
f73f09fba1b040b1a35ce31d0f5f81e7,0.826,2000,oven,0.13965112887629644,0.59,2000,0.236,franka,0.826
49ff5037af0b45fbab69680fcb3228a2,0.0,2000,pillow,1.0606685176217554,0.1435,2000,-0.1435,robotiq,0.1435
7ac1593042e047efaba4add0c6668542,0.6715,2000,cherry,0.02406132695409254,0.4715,2000,0.2,franka,0.6715
56c758c5f05549e5b3eac3942d796bf0,0.0,425,egg,0.11407346425380215,0.199642431466031,1678,-0.199642431466031,robotiq,0.199642431466031
3fb1a4b9d14c44abaac69fec119bf251,0.0905,2000,television_camera,0.00014886308716315565,0.6435,2000,-0.5529999999999999,robotiq,0.6435
3d8d342f8ad14130a85f3c9ca858d376,0.665,2000,seashell,0.010923955982926363,0.1895,2000,0.47550000000000003,franka,0.665
1b96c00ba9d0407b8b6ee819c66079ed,0.7545,2000,binoculars,0.0819861797103023,0.5245,2000,0.22999999999999998,franka,0.7545
d32128f4b85d452a8ea5eb2db150e829,0.915,2000,cornice,0.00012853599926733456,0.8505,2000,0.0645,franka,0.915
7d1bc33de2b946f380ac37e2bdde94d3,0.218,2000,ring,0.0086107410696425,0.144,2000,0.07400000000000001,franka,0.218
3e24dd9c694f45e1b3be2781561f0112,0.98,2000,first-aid_kit,0.013553312285068153,0.306,2000,0.6739999999999999,franka,0.98
3aafb89ff9cb4ae6a1d6e20b7a6d1354,0.942,2000,cover,8.195436325764862e-05,0.7545,2000,0.1875,franka,0.942
10f97ec1537c4f049c346fe1fccb9b8f,0.0,243,belt_buckle,0.0050374134793314635,0.011,2000,-0.011,robotiq,0.011
8a319e3afee14f7ca1c9d625ad8345c2,0.488,2000,suitcase,0.13378334104604495,0.591,2000,-0.10299999999999998,robotiq,0.591
aea2cbc8684c45cf885af4eb3b26ea9c,0.779,2000,bowler_hat,0.0008651851947192178,0.359,2000,0.42000000000000004,franka,0.779
09b8055a63cf45b794cbf53c1b35c2fe,0.999,2000,soccer_ball,0.00035239641423661565,0.936,2000,0.06299999999999994,franka,0.999
1e1c77e3898f43b780fa240175b7183f,0.7655,2000,cat,4.903011706720053,0.543,2000,0.22249999999999992,franka,0.7655
409eaaff39b24c3da252ecbd4abf8151,0.914,2000,butterfly,0.4730703272166306,0.45,2000,0.464,franka,0.914
fd2905eefcb446c08af5d877dad42681,0.597,2000,seashell,0.01165347119165575,0.6645,2000,-0.0675,robotiq,0.6645
f8d7f92c9f07415fbd29f327db5bc4f5,0.849,2000,table_lamp,0.00011321329751851537,0.593,2000,0.256,franka,0.849
371bf54b6d2c40229ec45bca7feb3db6,0.014,2000,prawn,0.006898322335738439,0.0335,2000,-0.019500000000000003,robotiq,0.0335
c869dc1156cf4d0c8829787f9423a1c2,0.4885,2000,boot,0.4831292126744188,0.5785,2000,-0.09000000000000002,robotiq,0.5785
c1e6ac573c37485f9e7acaaae418df30,0.9715,2000,tray,0.4324923470441404,0.03,2000,0.9415,franka,0.9715
0bdcc7e8ba444beb971a8f514ed9b994,0.8475,2000,dish,0.009256612301134096,0.137,2000,0.7105,franka,0.8475
ea969c0c10b944bb8b921f3b8cb59806,0.71,2000,mail_slot,0.09454434150336162,0.5995,2000,0.11049999999999993,franka,0.71
06b7951d4e2f43ecbc30d8f00cccb499,0.822,2000,billboard,0.055930670666795836,0.1345,2000,0.6875,franka,0.822
cf692e7bb80f412188778649b1a7d443,0.7375,2000,gasmask,0.03182020608959529,0.4585,2000,0.279,franka,0.7375
a513fc821f764656b62f3bc20f0b7c6c,0.389,2000,bunk_bed,0.011162342731505341,0.303,2000,0.08600000000000002,franka,0.389
142f2b38673d4768912c9e7ca1dfc0f3,0.5605,2000,ladybug,0.0794006340668488,0.618,2000,-0.057499999999999996,robotiq,0.618
ed58c7cf06f54647ae9080d9f092b5a4,0.46,2000,glove,0.012566890994418028,0.3135,2000,0.14650000000000002,franka,0.46
36d38e329b424d929c5efad81cf387f9,0.9565,2000,knob,0.001707646540411684,0.1535,2000,0.803,franka,0.9565
e68c827c2996490cba6be6de4652a67d,0.794,2000,chair,0.06254331721261518,0.7135,2000,0.08050000000000002,franka,0.794
c0abb3db19d145a791d70d3533f2358c,0.0,178,icecream,0.07915319530504482,0.2095,2000,-0.2095,robotiq,0.2095
e346dd27ae8f41c2bc8d0e756d2d1913,0.513,2000,cow,0.0003376666905160909,0.5525,2000,-0.03949999999999998,robotiq,0.5525
f7fc563719d74b3181ee200cfdf7f4bd,0.0,62,balloon,0.12609883751430884,0.0,73,0.0,robotiq,0.0
f1f3132a87854e688a2068a079f95e75,0.1045,2000,soup_bowl,0.0035908356960263382,0.063,2000,0.041499999999999995,franka,0.1045
206c60c7a47143b9959e3cff1e6ad404,0.7895,2000,signboard,0.003955929973142932,0.32,2000,0.4695,franka,0.7895
71603dfdc70643448552dbc8cd0f36a8,0.0,540,mushroom,0.23718983755798512,0.1875,2000,-0.1875,robotiq,0.1875
78d28f9edffe41c9bc9c7050dc2d3fbc,0.8395,2000,belt,0.04886275295128009,0.675,2000,0.16449999999999998,franka,0.8395
4688b6a39b6f4c99a88080a004cbdf77,0.691,2000,printer,0.005281940275612761,0.61,2000,0.08099999999999996,franka,0.691
a9d0452fb03047238283b895777e2e97,0.4655,2000,puncher,0.0004204348517180983,0.4015,2000,0.064,franka,0.4655
08f942bd6c13467091520f48223aea34,0.864,2000,skateboard,0.03694101293971916,0.6,2000,0.264,franka,0.864
e1ca50858dd94a10a94b7ac2ca07c69e,0.687,2000,bread,0.08531565847067828,0.65,2000,0.03700000000000003,franka,0.687
a194cd3bbe0e4e89820ac158d103c02c,0.4,2000,strap,0.24589567966865794,0.5715,2000,-0.17149999999999999,robotiq,0.5715
06cc2b6c2c36484aa45ff722d3fe5461,0.95,2000,rifle,0.033558085399448385,0.398,2000,0.5519999999999999,franka,0.95
fbc6be2bcbb34d7d9d41113bb6c938ee,0.7415,2000,antenna,0.046816608091432156,0.556,2000,0.1855,franka,0.7415
66fd712372f14a8f8d83d4d1e4ff6dce,0.8845,2000,pan_(metal_container),4.675096284019695,0.325,2000,0.5594999999999999,franka,0.8845
d19b189fe0d24704b45a084ad029ec5a,0.8595,2000,hat,0.15592666221925341,0.7,2000,0.1595000000000001,franka,0.8595
0b9b4d8173b04614bb9cb40ef2edd240,0.027,2000,pottery,0.006143674134379642,0.669,2000,-0.642,robotiq,0.669
baded4f3a22e4d6e9472e925e6f1fc12,0.813,2000,bookcase,0.05985713497569779,0.7315,2000,0.0814999999999999,franka,0.813
ad281b77c1164fa0b9bda84e6de9bf5a,0.8375,2000,water_faucet,0.2367541187489803,0.609,2000,0.22850000000000004,franka,0.8375
9f3ebb06393245f0a273e6e9baadd2a5,0.4535,2000,doughnut,0.08660387336397946,0.191,2000,0.2625,franka,0.4535
326616aa3a3e47ca8be774684ea792b5,0.886,2000,beer_bottle,0.05182619452530696,0.2865,2000,0.5995,franka,0.886
092c6a80b3ef4498af46a29f8285d6f8,0.0,554,clementine,0.006340656995156749,0.7105,2000,-0.7105,robotiq,0.7105
3910e3cb04b04858a5e3df19b74c6d90,0.9235,2000,banana,0.00020007898374905375,0.3595,2000,0.5640000000000001,franka,0.9235
a76f1dc717114530806ab99b268ab801,0.9615,2000,anklet,0.09079227357341377,0.51,2000,0.4515,franka,0.9615
f638d18097c140f489cb9d65ec4ff4b7,0.655,2000,goat,0.12300194748052405,0.475,2000,0.18000000000000005,franka,0.655
66c7c7748f8a4bcdb8143c0c3a844ba4,0.311,2000,mask,0.019853567047380106,0.6825,2000,-0.3715,robotiq,0.6825
728b63a6333145009ed6aff9f03a047d,0.9035,2000,solar_array,0.057121382254538375,0.1775,2000,0.726,franka,0.9035
1bcf18a4172348359bb9160b8c8828c4,0.623,2000,lampshade,0.016619537892402808,0.5095,2000,0.11350000000000005,franka,0.623
f5c7da9e0367485c98193352aab0c02d,0.688,2000,costume,0.0014387296937251968,0.4765,2000,0.21149999999999997,franka,0.688
01a3363ff6d141fda8f8a329ffde153b,0.8695,2000,latch,0.0004524590236746552,0.4075,2000,0.4620000000000001,franka,0.8695
3fc10df45a534661944db3dd7dfac9f5,0.648,2000,water_tower,0.3496225627290426,0.557,2000,0.09099999999999997,franka,0.648
6ad051e986b24831af5eed4bcb319637,0.67,2000,army_tank,0.020446265344606415,0.46,2000,0.21000000000000002,franka,0.67
3c6b9e478ddd454cae78b598a70bcaff,0.675,2000,fireplug,0.023771158761914435,0.673,2000,0.0020000000000000018,franka,0.675
590e3e143c5f4e82bf2f40fb4ad3f3b9,0.745,2000,pudding,0.02853137720713841,0.2985,2000,0.4465,franka,0.745
74c7791c8ac64c55a08704202b8cbf38,0.0,809,file_cabinet,0.004008448468252983,0.10263157894736842,1140,-0.10263157894736842,robotiq,0.10263157894736842
2c413066184c459b9ebe958585dab2bf,0.879,2000,earphone,0.0029600832281385992,0.4865,2000,0.3925,franka,0.879
1e833779b9f842c486ed5048b96e98d1,0.685,2000,sandal_(type_of_shoe),0.005217651436931964,0.4025,2000,0.28250000000000003,franka,0.685
e77092787ecd48389d0239ab983f5a6e,0.755,2000,pitcher_(vessel_for_liquid),0.005177405094934136,0.664,2000,0.09099999999999997,franka,0.755
f8a25f8a4c5345e9a19c201da2edcf33,0.941,2000,shield,0.017748502380184866,0.108,2000,0.833,franka,0.941
9afd267790164fa8ae4ea76d4b2036dd,0.673,2000,dish_antenna,0.013083142948313402,0.9285,2000,-0.25549999999999995,robotiq,0.9285
01d609eabd1a4f08b00d87c1aca2b4dd,0.9515,2000,crisp_(potato_chip),0.00846074320804906,0.212,2000,0.7395,franka,0.9515
dcc3e04332ce4bd29841e4df893897d1,0.693,2000,monkey,0.0026866746534448174,0.623,2000,0.06999999999999995,franka,0.693
545c9ad4d411400f8cf93e97242f3160,0.0605,2000,shoe,0.00025869936043210526,0.34,2000,-0.2795,robotiq,0.34
6e4b8c413bd44fc4afeed9d2c7fba3f0,0.5665,2000,chaise_longue,0.021105190386708335,0.207,2000,0.35950000000000004,franka,0.5665
9549049a459b4ddb8678a518468722b9,0.153,2000,penguin,0.21143640184101503,0.178,2000,-0.024999999999999994,robotiq,0.178
bc17a8922ba24280851f5bce56e36126,0.803,2000,drum_(musical_instrument),0.20178320462538157,0.471,2000,0.3320000000000001,franka,0.803
27645ea2c1774f12bc0a167b54188621,0.8615,2000,helmet,0.010610396174377352,0.113,2000,0.7485,franka,0.8615
c63dce91ac214d56888307f74f98cc57,0.8065,2000,drone,0.016678347313606408,0.4635,2000,0.34299999999999997,franka,0.8065
e633f9da35bb489f88ecb9d957ffb0e7,0.58,2000,dove,0.0010181454904332498,0.5585,2000,0.021499999999999964,franka,0.58
1263c4dacc1b46a0822eb5da85e6c38b,0.828,2000,avocado,0.03370397206593991,0.237,2000,0.591,franka,0.828
ea9725ad867c42a684bc58d21039e8bd,0.952,2000,sunglasses,0.14052766072783757,0.405,2000,0.5469999999999999,franka,0.952
edabe7589ddc4a128edd16ed76df24e6,0.8495,2000,hummingbird,0.004458962994807828,0.7475,2000,0.10199999999999998,franka,0.8495
16f83d9187ed4ad2b15a15eea3ada950,0.7805,2000,toy,0.00015287603109017235,0.608,2000,0.1725,franka,0.7805
2628a80d4f454d75b5209df98d70a10e,0.7895,2000,chair,0.17938271809404585,0.2505,2000,0.5389999999999999,franka,0.7895
860935f99b5d49bc880c8b08a2f06a94,0.3295,2000,windmill,0.07264557162847862,0.451,2000,-0.1215,robotiq,0.451
2be469b7a8b6430690d66f2e1b2ad515,0.6915,2000,rhinoceros,3.064202307547667e-06,0.464,2000,0.22749999999999998,franka,0.6915
100c1031bd244896ad8dd7c156ad6e7f,0.9075,2000,chopping_board,0.018033241052890066,0.2245,2000,0.6829999999999999,franka,0.9075
77f08c8315ae4a33b22e9baa4e071bf5,0.2505,2000,lamppost,0.03589702694275838,0.2545,2000,-0.0040000000000000036,robotiq,0.2545
5bec36e4ffb1434e8136088a6314bb6c,0.003,2000,sausage,0.05216829505819987,0.5025,2000,-0.49949999999999994,robotiq,0.5025
78e9d1d2521c4bb9adbfb12bde793e25,0.7655,2000,puppet,0.002207878375954677,0.537,2000,0.22849999999999993,franka,0.7655
7d925df32b954d17a4482aee5a5ba6df,0.9545,2000,street_sign,0.23057749537300753,0.19,2000,0.7645,franka,0.9545
2dcec7bf3b6f479da33b28f50a578212,0.8775,2000,puncher,0.00012647996073929455,0.5905,2000,0.2869999999999999,franka,0.8775
bea9da712f9e4a92b212968750fac650,0.417,2000,dining_table,0.0011067122725195598,0.159,2000,0.258,franka,0.417
1fa054d12a084b7786d1185e0dc8787c,0.8245,2000,ring,0.012659489909052407,0.271,2000,0.5535,franka,0.8245
9e08891f3fc849ad9180c9385ec5fa6b,0.9685,2000,guitar,0.02916966483579539,0.403,2000,0.5655,franka,0.9685
a4448170224a4f47a389d377889a6522,0.0,833,kitten,0.00015879930622612754,0.001,2000,-0.001,robotiq,0.001
35b8b3d0cc354a31806c4aafea11876c,0.9205,2000,bracelet,4.712734497661311,0.664,2000,0.25649999999999995,franka,0.9205
48197b174e734dbebaf04e6ea0ea24f3,0.425,2000,blazer,0.09185670992156833,0.4435,2000,-0.018500000000000016,robotiq,0.4435
ce8b94b8bffb4172aa6fe63499d47568,0.81,2000,bulldozer,0.11934517283926081,0.558,2000,0.252,franka,0.81
29de2a74036a45ad8abe8efa6d77a13d,0.926,2000,first-aid_kit,0.007359063425089301,0.1745,2000,0.7515000000000001,franka,0.926
93037025fcf04b5c8ff81a27ad269ccb,0.405,2000,football_helmet,0.010589536132256189,0.7455,2000,-0.3405,robotiq,0.7455
d8bab16d9c3242fcbdbe8e2f54973b6b,0.7995,2000,step_stool,0.14772350658903782,0.55,2000,0.24949999999999994,franka,0.7995
e597b83290c741a699d1b2a47fe73713,0.5695,2000,goggles,0.8955141804078962,0.598,2000,-0.02849999999999997,robotiq,0.598
1b4dc73c97c043e0be33c6beb3ccbbec,0.4995,2000,telephone,0.010506985658413454,0.4065,2000,0.09300000000000003,franka,0.4995
4d490b545571442898d63c27719c8779,0.7785,2000,mouse_(computer_equipment),0.010764948987150639,0.962,2000,-0.1835,robotiq,0.962
8d369bf078da4baea2abe89414accb55,0.9425,2000,button,0.05359828360739971,0.6695,2000,0.273,franka,0.9425
d4f2c598e6be47a498af912f6baa6260,0.8835,2000,hook,0.019157574225267617,0.757,2000,0.12649999999999995,franka,0.8835
96877e9d2423485c856b08baace1dc22,0.427,2000,sugar_bowl,0.05453899718857649,0.751,2000,-0.324,robotiq,0.751
e3e6c10f4d0d418ead167df69c583ccb,0.114,2000,hog,0.07084105682814383,0.18,2000,-0.06599999999999999,robotiq,0.18
6fef98ec83c841b5b54732f2724c8246,0.4375,2000,motor_vehicle,0.00032900634333984095,0.544,2000,-0.10650000000000004,robotiq,0.544
f7563933f8f342fcb1622405c4ca52fe,0.0685,2000,hippopotamus,0.11393001461688916,0.484,2000,-0.4155,robotiq,0.484
ea4fd1c592064b51b0d68032020b2113,0.815,2000,cucumber,0.010904860009390078,0.8895,2000,-0.07450000000000001,robotiq,0.8895
488908ebe8964bb38e78dc43258808ae,0.0,2000,fishbowl,0.0024214010424751745,0.093,2000,-0.093,robotiq,0.093
acc082e181914489a1957a42519a06be,0.821,2000,ring,0.0118604334742387,0.401,2000,0.41999999999999993,franka,0.821
1acd9125d52a4232ad47b2e007cbd2ac,0.909,2000,syringe,0.007367931113498146,0.4355,2000,0.47350000000000003,franka,0.909
152cc2d77e4e4607b115ccf1454aab99,0.583,2000,fedora,0.2471186242054687,0.6945,2000,-0.11150000000000004,robotiq,0.6945
1bbc23a1c0374d64b92eebbdbb119017,0.843,2000,stool,0.35485059232203076,0.6665,2000,0.1765,franka,0.843
3d815d9f89524e9b9892ebf5b44ee7de,0.8925,2000,propeller,2.018485248727442,0.484,2000,0.4085,franka,0.8925
b167e8b457cb4cddadbe5f7925504d3d,0.574,2000,teapot,0.045926810533215574,0.9125,2000,-0.3385,robotiq,0.9125
88175353fb03431a9acfb4f6ca6e63bf,0.4335,2000,dove,1.2893706649762287,0.375,2000,0.058499999999999996,franka,0.4335
ad8ed625abe94c65ae75e95c08c4f20c,0.5935,2000,lamppost,0.06338542307729074,0.561,2000,0.03249999999999997,franka,0.5935
05fa5d437eb24029ad00831a7abdeed0,0.739,2000,penguin,0.0070216199291250475,0.978,2000,-0.239,robotiq,0.978
55f91336dcd343ad9dea917789d23365,0.273,2000,pancake,0.7600858911577894,0.0405,2000,0.2325,franka,0.273
7fed88c029254726b69cedb0758230ca,0.4755,2000,telephone,0.002465024631518672,0.528,2000,-0.05250000000000005,robotiq,0.528
932c037c0b30461891f8af1abaa9e7a1,0.262,2000,apple,0.013307959144266492,0.478,2000,-0.21599999999999997,robotiq,0.478
b0ee36a6fece46b5bd8f713fc88efaac,0.4955,2000,butterfly,7.262759701568466e-05,0.357,2000,0.1385,franka,0.4955
7331cd3ba5ed458782491474c2412733,0.954,2000,notebook,0.10080546847354362,0.1675,2000,0.7865,franka,0.954
6f737cbf6bd64a2d98b070c6dec65cf7,0.1015,2000,bread,0.06428472787225248,0.599,2000,-0.49749999999999994,robotiq,0.599
330346369d2b429e86c9998eda2e2e68,0.339,2000,lab_coat,0.005957778936927166,0.361,2000,-0.021999999999999964,robotiq,0.361
7275d3eb2e33411399d12e0ab14fc1f0,0.6305,2000,towel_rack,4.528817362280638e-05,0.443,2000,0.18749999999999994,franka,0.6305
6e2e0b63db5b4a6991511d97d5834e18,0.636,2000,bird,2.5006865783816274,0.256,2000,0.38,franka,0.636
9396a10bd8804811a14b58f50d543575,0.3845,2000,grape,0.011020526763874609,0.9665,2000,-0.5820000000000001,robotiq,0.9665
7275bace14d5436b958515f3ca408eeb,0.3835,2000,bat_(animal),0.007297673703782517,0.358,2000,0.025500000000000023,franka,0.3835
ba0b911fe0e0463992ba5cdcc90f1fb9,0.0005,2000,pop_(soda),0.21178780377170173,0.157,2000,-0.1565,robotiq,0.157
9fd91de5b1264429ac5e78022d2867ca,0.148,2000,birdbath,0.021515921917476193,0.2055,2000,-0.057499999999999996,robotiq,0.2055
3e8c37f3d701413897c6333446a76a6b,0.626,2000,bullhorn,0.012918442056043188,0.43,2000,0.196,franka,0.626
5c83bf36bea04b82abd4396597c5c81e,0.2585,2000,hippopotamus,0.09837507571447608,0.506,2000,-0.2475,robotiq,0.506
319ec67c98e447eebda0039b143274c5,0.8435,2000,bookcase,0.0009080256970747991,0.541,2000,0.3025,franka,0.8435
373972947ad4474882bf65cafbeec21a,0.948,2000,chair,0.23527588829173948,0.515,2000,0.43299999999999994,franka,0.948
6f2419658bed4ad98319068fe581ab36,0.72,2000,bonnet,0.3795568535109473,0.723,2000,-0.0030000000000000027,robotiq,0.723
6548d4c478c04d50bae6ab7719a6deb7,0.8995,2000,mail_slot,0.10585421313497592,0.1815,2000,0.718,franka,0.8995
7ea6582daadd4d6f9c685b5d1de07fa7,0.486,2000,mushroom,0.165061481405814,0.5465,2000,-0.0605,robotiq,0.5465
76c69108ab894ea3a344b209c8f95db6,0.8,2000,pickup_truck,0.00020581327682097172,0.5895,2000,0.21050000000000002,franka,0.8
9f349b6b1fad4e7e91531a863961cc21,0.602,2000,figurine,0.12567715365994023,0.318,2000,0.284,franka,0.602
8cd18924d4554082b160b7674359dbfb,0.9345,2000,spear,0.08241162663678787,0.3765,2000,0.558,franka,0.9345
d7edf834dd244952ad84d2bb34f54d23,0.92,2000,snowman,0.014624952741037544,0.8055,2000,0.11450000000000005,franka,0.92
e6323c2c8caf42fd9f7c841be84647ed,0.8545,2000,toast_(food),0.028880811374247844,0.947,2000,-0.09249999999999992,robotiq,0.947
f24171aefcbe4541afa1e3d958366f7d,0.9105,2000,suitcase,0.0008855204702304837,0.988,2000,-0.07750000000000001,robotiq,0.988
49107fed9917435d8009e2276d0ebc65,0.5,2000,snowman,0.0005083885319516285,0.57,2000,-0.06999999999999995,robotiq,0.57
cf7a84a290f8488abf6debdb058775f4,0.9415,2000,condiment,0.00034340673504528526,0.7375,2000,0.20399999999999996,franka,0.9415
9505179c04314ddc8728371b89e9a4c0,0.9635,2000,mallet,0.37529185989298347,0.634,2000,0.3295,franka,0.9635
e4961832b20c4959ad059fced0fbb529,0.0,2000,cork_(bottle_plug),0.05848977051337275,0.163,2000,-0.163,robotiq,0.163
e4f44df62e974e8a8c09e2e6f4be0a43,0.7365,2000,eraser,2.2677804110418665,0.2035,2000,0.533,franka,0.7365
f3add20f119b4a8a99d7e685d3a94d5f,0.9305,2000,padlock,0.007724584557777166,0.1605,2000,0.77,franka,0.9305
ccbf5fd5cc454efd83a955bac7397a39,0.864,2000,cone,0.04409826424550302,0.373,2000,0.491,franka,0.864
a610b975bf50473a9fb4584c6bfb53f1,0.91,2000,dagger,0.012908057964102968,0.4395,2000,0.47050000000000003,franka,0.91
3b12b5a5f067430b9c7a2d4b7d1dc467,0.010670731707317074,1312,shoe,0.07405001176131162,0.4755,2000,-0.4648292682926829,robotiq,0.4755
8231a91d0a1f41c88b045fe39d2bb7bc,0.585,2000,elk,0.047197156448155836,0.712,2000,-0.127,robotiq,0.712
824175c1876e4db9bb7dbe666affff06,0.531,2000,gift_wrap,0.00023292152324179893,0.5275,2000,0.0035000000000000586,franka,0.531
4bcb32f952e940f68d74635f00aa2205,0.8585,2000,chair,0.0005712647892628161,0.398,2000,0.4605,franka,0.8585
d9bc98544b9a4e5a979df1512c269a09,0.6325,2000,pony,0.09855978810041943,0.5835,2000,0.04899999999999993,franka,0.6325
45ace760c9694388af5c1f211b64ee78,0.52,2000,spider,0.00010518946300038887,0.7655,2000,-0.24549999999999994,robotiq,0.7655
a2986b0656e349ca8c4960533b99fd23,0.8735,2000,scraper,0.004462710759608976,0.6085,2000,0.265,franka,0.8735
793a45a116be4082aad5ca002ffeb5fa,0.7265,2000,wet_suit,0.0011994487052085561,0.458,2000,0.2685,franka,0.7265
54130d1a56904a07b48915c63da15e99,0.8655,2000,wooden_leg,0.00040562446515203065,0.4075,2000,0.4580000000000001,franka,0.8655
426244116b834a0986d4bd6b5d975a6c,0.173,2000,chicken_(animal),0.0016347956355453473,0.2385,2000,-0.0655,robotiq,0.2385
976f792ac3fc49059d6c26d947f5af31,0.4045,2000,octopus_(food),0.00452988474095098,0.6095,2000,-0.20500000000000002,robotiq,0.6095
daf860020fdf4ed392f07933977ee89b,0.776,2000,hardback_book,0.11655330444146864,0.0205,2000,0.7555000000000001,franka,0.776
0dbdbc5f973949c0a5e0ae89381e930e,0.752,2000,motor_vehicle,0.01897539241763822,0.4285,2000,0.3235,franka,0.752
56381471de184b829a400903e5b942e4,0.9905,2000,water_jug,0.026921866565958238,0.9855,2000,0.0050000000000000044,franka,0.9905
96559e5e447e4873bd862e8207e66dea,0.767,2000,goat,0.1477726735944624,0.595,2000,0.17200000000000004,franka,0.767
5bd66f8b4986448b8f3f6e2119d54bb5,0.9095,2000,belt,1.37382160215435,0.148,2000,0.7615,franka,0.9095
903e559f41114cd1b89ed2617c131208,0.7,2000,tux,0.3969800765660922,0.1425,2000,0.5575,franka,0.7
c9c5648e16fa4ce18b80499ad8f4d277,0.2485,2000,cushion,0.21221648161955306,0.514,2000,-0.2655,robotiq,0.514
87cb0380b5c64e729474ad3a7c60ee8b,0.828,2000,fire_extinguisher,0.06656148369828795,0.767,2000,0.06099999999999994,franka,0.828
41a7761ba5f14f20904d90bb042fd5a1,0.8945,2000,ax,0.5334593110405825,0.4905,2000,0.40399999999999997,franka,0.8945
05fc589d06964e5799152241d8308138,0.729,2000,newsstand,0.006660057840717278,0.836,2000,-0.10699999999999998,robotiq,0.836
cbbec1cdf00f4501b26141717b9f8588,0.6645,2000,swimsuit,0.4674713381120762,0.543,2000,0.12149999999999994,franka,0.6645
21863a3b3a4243278108dfb325a26b83,0.9255,2000,person,0.0034228279245653234,0.5655,2000,0.36,franka,0.9255
9b2f18ab1a8e48f8a9436fd4c5c02085,0.4515,2000,bulletin_board,7.880792618735512e-05,0.4275,2000,0.02400000000000002,franka,0.4515
713832db8154408d8daabd3c193d5926,0.919,2000,toothbrush,0.169258218833528,0.3005,2000,0.6185,franka,0.919
50a67b795360417393625f35e97e2331,0.8565,2000,bookcase,8.673769277861031e-05,0.808,2000,0.04849999999999999,franka,0.8565
7d8266ae0e764478a03c2477dde6629f,0.647,2000,tiger,0.02894344294199085,0.635,2000,0.01200000000000001,franka,0.647
1093af0b9cad4a46bc19c02f79dbc226,0.763,2000,skirt,0.011497577590007751,0.6745,2000,0.08850000000000002,franka,0.763
fc23850e86934db29d6c8b44545a83bc,0.0,2000,bench,0.002397392733222195,0.0045,2000,-0.0045,robotiq,0.0045
17f94bd6cc044dc0926e02f065767ea0,0.071,2000,motor_vehicle,0.11632345866480776,0.552,2000,-0.48100000000000004,robotiq,0.552
94d48c1f3eea45d4a7aceca6ff970707,0.5815,2000,sock,0.04069262523474887,0.527,2000,0.05449999999999999,franka,0.5815
fee2d0d9099b44fa9c399436c5dfa35f,0.7345,2000,fighter_jet,0.021073522929705765,0.312,2000,0.42250000000000004,franka,0.7345
49a6c4b2028e43899956ccb7aa10f420,0.778,2000,shirt,0.001199029824122056,0.668,2000,0.10999999999999999,franka,0.778
925ad46b0f54495aacd6540ae3e4bb21,0.565,2000,watering_can,0.11018169925426821,0.6875,2000,-0.12250000000000005,robotiq,0.6875
adce194e275d4fb0887faf550ec739c1,0.8645,2000,dress,0.00011076666241046165,0.5025,2000,0.3620000000000001,franka,0.8645
81806976e40c4fec821d14c8a0e2b373,0.573,2000,bell,0.03931203999464221,0.854,2000,-0.281,robotiq,0.854
b2f0a16456f94396a95be267b05b6d28,0.5715,2000,rhinoceros,0.02748636467623986,0.4685,2000,0.10299999999999998,franka,0.5715
12ff5e2036c44c6fb709abf49b2570ba,0.744,2000,coat,0.029364682978863136,0.41,2000,0.334,franka,0.744
b263c4982a3b4b9c885d7d2b531f6e00,0.8865,2000,envelope,8.020820714249122e-06,0.114,2000,0.7725,franka,0.8865
5d7d423759f245cfad8484b509b16e98,0.4825,2000,fan,0.0640639479400748,0.263,2000,0.21949999999999997,franka,0.4825
5734834b9c0d436c9b581cf2257666bf,0.6825,2000,stool,0.001752928679833829,0.605,2000,0.07750000000000001,franka,0.6825
7dbbbaa1a4b346ffa82531580140f534,0.966,2000,cornbread,0.1034942197951683,0.044,2000,0.9219999999999999,franka,0.966
e90dd0215a424d5e8dfb993d821e07f2,0.3865,2000,steak_(food),0.018933812545099668,0.326,2000,0.0605,franka,0.3865
2520483410b94f6eb06f2c3ce06fb0df,0.499,2000,knob,0.0016553726361849073,0.7175,2000,-0.21850000000000003,robotiq,0.7175
7f190e7829e544bf94a3c26014122a3a,0.708,2000,cornice,0.01386918770549817,0.286,2000,0.422,franka,0.708
44b551a7dd8e48b8baa623faf8b16af4,0.536,2000,blimp,0.036771632202366095,0.224,2000,0.31200000000000006,franka,0.536
d6455f4f705945edb80642d1e24b4753,0.8035,2000,television_set,0.036876738354679216,0.6385,2000,0.16500000000000004,franka,0.8035
ea28c9d457024633bf47a55ba032e752,0.8545,2000,phonograph_record,0.00034535497830355777,0.56,2000,0.2945,franka,0.8545
42a1cfd5d17649f8ac4d6a835e21d6a7,0.7675,2000,monkey,0.04331442727679145,0.607,2000,0.16049999999999998,franka,0.7675
f4f0fd05ee884db1898fd7c0aab57711,0.418,2000,saucer,0.007589170042666737,0.899,2000,-0.48100000000000004,robotiq,0.899
998a3a0014d14187b3299dbee14fa78f,0.4965,2000,seashell,0.00668964855123177,0.455,2000,0.04149999999999998,franka,0.4965
2a533e3f8f7f4c34bd4b414793d3f019,0.7865,2000,wine_bottle,9.351078605034441e-05,0.41,2000,0.3765,franka,0.7865
f02b5cd7ff7d408eae2fba98062055f9,0.8855,2000,eagle,0.01926738585397818,0.3315,2000,0.5539999999999999,franka,0.8855
d8e24ffb9ee44d5498bdf9af505fbdc0,0.616,2000,space_shuttle,0.0046609965293565436,0.266,2000,0.35,franka,0.616
84fd98c561464b1ba5d3dd48ab161b9c,0.6145,2000,elephant,0.13985353219278024,0.48,2000,0.13450000000000006,franka,0.6145
98794f0126fa479398b029e87798b26f,0.959,2000,remote_control,0.03856584304368161,0.2455,2000,0.7135,franka,0.959
96ef35ea0f4e4a5b87e8e91722f2c36b,0.0,486,suitcase,0.11097170182253258,0.462,2000,-0.462,robotiq,0.462
16c43e9c3334470eba73f5f08cda2686,0.885,2000,wineglass,0.0019712171995887283,0.411,2000,0.47400000000000003,franka,0.885
6ec82b946a4e4447bca511daa8e5a7b9,0.0,1315,drawer,0.19648200886208805,0.031,2000,-0.031,robotiq,0.031
3cc4a5938dd744bab678b370d6bb52a3,0.6655,2000,bulletproof_vest,0.004259605570252851,0.4435,2000,0.22199999999999998,franka,0.6655
12b857a44b564254b772d00cbbd99685,0.0,200,turnip,0.22504268713524214,0.809,2000,-0.809,robotiq,0.809
4db0ba558ebf4978ae925ca4b1cf9477,0.7545,2000,laptop_computer,0.0035596228064295648,0.0635,2000,0.691,franka,0.7545
bcd8340ea346483099d7fbbbe1e64544,0.2355,2000,table-tennis_table,6.844758486093812e-06,0.129,2000,0.10649999999999998,franka,0.2355
327aa3ebd5274bb29e9db3731e917aef,0.9355,2000,monitor_(computer_equipment) computer_monitor,0.0246979065373591,0.2745,2000,0.661,franka,0.9355
78185ecb137441e1a46ae766279de5de,0.443,2000,lantern,0.05590510283664098,0.6975,2000,-0.2545,robotiq,0.6975
8e36985fe267413183f7b35f3e421bdd,0.568,2000,truffle_(chocolate),0.0471905751198952,0.9305,2000,-0.36250000000000004,robotiq,0.9305
6807d65b0ac143b8be3de072782fdcd8,0.94,2000,sword,0.05846183446950928,0.3075,2000,0.6325,franka,0.94
64d138851af44e2fad075dabf2039453,0.8595,2000,table_lamp,0.00033095689559528547,0.6255,2000,0.2340000000000001,franka,0.8595
0ffba78f94924918bc024b10a1514f25,0.6115,2000,traffic_light,0.0031604432055217227,0.4525,2000,0.15900000000000003,franka,0.6115
a3245442028f41c98c68e8a2edf18875,0.6705,2000,rabbit,0.08323074523183471,0.6295,2000,0.041000000000000036,franka,0.6705
f0c5c875161242a2977996cef5113dd6,0.869,2000,rubber_band,0.0013314313012670802,0.458,2000,0.411,franka,0.869
98972a311e6042d790e095c0dbbdb70b,0.0,1968,nest,0.020232155679881347,0.2325,2000,-0.2325,robotiq,0.2325
f71d8f369cf7404c988081242dd70ff2,0.7455,2000,turtleneck_(clothing),0.0015183361231656688,0.4935,2000,0.25200000000000006,franka,0.7455
ed49e5aca8a6445dbbe3ae88bad8e5f7,0.7,2000,sculpture,0.00020269088461864827,0.453,2000,0.24699999999999994,franka,0.7
f1978fa3192d499db7233e900f43acdf,0.9385,2000,cabinet,0.015696587026735424,0.8525,2000,0.08599999999999997,franka,0.9385
e33495451c08417ebc997c6454073cfc,0.6165,2000,canteen,0.02438407714159697,0.155,2000,0.4615,franka,0.6165
8ef2078713b64532819fc7749fefc349,0.689,2000,vase,0.018034654493061842,0.3385,2000,0.3504999999999999,franka,0.689
51ba21f2a392472cacf68f02a5b762c1,0.7605,2000,kayak,0.023875855942485053,0.316,2000,0.44449999999999995,franka,0.7605
622f57d0e2924db8a2a0634ce5d29607,0.8575,2000,blimp,0.00817735918632338,0.4215,2000,0.43600000000000005,franka,0.8575
bc0fb370e8e342ddbbe144b428fd1dc9,0.925,2000,gameboard,4.557500389630124e-05,0.177,2000,0.748,franka,0.925
65e8e2f18e2645198875e19f8ee4c86d,0.2055,2000,parrot,0.13819461334552235,0.2025,2000,0.002999999999999975,franka,0.2055
8100bb0054c84fcd9bd4fa3f52cd58fb,0.9455,2000,crossbar,0.005488126104993783,0.049,2000,0.8965,franka,0.9455
f9b1003886ef4211b7de70cf5df0bfb4,0.0,2000,spice_rack,0.13104366208191703,0.0215,2000,-0.0215,robotiq,0.0215
9fed58e8dc0940dbad9072557cc61834,0.942,2000,aquarium,0.0005470054022534076,0.8295,2000,0.11249999999999993,franka,0.942
a858a0c78cf441918a73b789a15593c9,0.8585,2000,barge,0.005902622332554237,0.4085,2000,0.45000000000000007,franka,0.8585
42cf842f793b462f87b35a24a88f608f,0.856,2000,drawer,0.8953466712234075,0.218,2000,0.638,franka,0.856
d64bf29444564dd0bf70df1110d32931,0.916,2000,dishwasher_detergent,0.0007776977242176066,0.7465,2000,0.16949999999999998,franka,0.916
91e0f0d9601f48baaf9b3524578bd854,0.8305,2000,traffic_light,0.060823185234951775,0.467,2000,0.3635,franka,0.8305
b1c14cabcfdc4cb4933c95848cdb411a,0.375,2000,cake,6.220197474818691,0.078,2000,0.297,franka,0.375
808866ce78a24354ae871c0f8721097f,0.8835,2000,spectacles,0.0011535093158347041,0.4555,2000,0.42799999999999994,franka,0.8835
03680417fa26467dbc9c9b8d130e923d,0.2995,2000,snowmobile,0.06454956337981362,0.173,2000,0.1265,franka,0.2995
4fcd9b8fac4f47ca935c698827b89621,0.6325,2000,salmon_(fish),0.030762155241683173,0.303,2000,0.32949999999999996,franka,0.6325
42f2138659614587bacfa3c02270c9b8,0.0,1656,bell_pepper,0.002360855745575797,0.243,2000,-0.243,robotiq,0.243
141178918a044c8d8ed6d9399a39d340,0.077,2000,envelope,0.023802835447774385,0.2395,2000,-0.16249999999999998,robotiq,0.2395
eb46569de6004995944beb8016edcaa4,0.785,2000,mixer_(kitchen_tool),0.0016315058136524138,0.347,2000,0.43800000000000006,franka,0.785
9bca231b88304dba8f5115a8cbc84cc2,0.493,2000,octopus_(food),0.5081807002592552,0.4635,2000,0.02949999999999997,franka,0.493
9d2b154c8b6348ca8a59ef45dee347d5,0.894,2000,laptop_computer,0.1750554519352523,0.2765,2000,0.6174999999999999,franka,0.894
907c81d33fc84ca88db83fda54ce4788,0.774,2000,bird,0.0007022780194903722,0.8135,2000,-0.03949999999999998,robotiq,0.8135
2a5a1160fa2e47a5b193014e54977702,0.949,2000,envelope,0.219197870314809,0.66,2000,0.2889999999999999,franka,0.949
e83dc29e69e94ca7954c0b25d52ea3b2,0.8855,2000,chair,0.0015793408097696914,0.5285,2000,0.357,franka,0.8855
0c79289f551d4eebb5512e9b941b4cae,0.863,2000,jet_plane,0.005496428754433337,0.48,2000,0.383,franka,0.863
c2629c0ed6c243b2bd92a48176cb10da,0.4415,2000,eagle,0.0958470688513732,0.601,2000,-0.15949999999999998,robotiq,0.601
4f8a7f58e55847d7a7062885cdc2d7dd,0.0,2000,cab_(taxi),0.013374129186611908,0.124,2000,-0.124,robotiq,0.124
f843f7865ae641819e302d46cac4eaec,0.8775,2000,sweet_potato,0.026959705415624934,0.1925,2000,0.6849999999999999,franka,0.8775
8cf28fcc6bfc4c01a242a853d8bab8f2,0.874,2000,lightning_rod,0.01174779689706793,0.3725,2000,0.5015000000000001,franka,0.874
47259ab6afdf49f798f4b4e841c06ccb,0.7365,2000,newsstand,0.05197493258178432,0.049,2000,0.6875,franka,0.7365
de995fa74ccf4a0db10ca697e55985a9,0.811,2000,shark,0.026148655674217564,0.632,2000,0.17900000000000005,franka,0.811
0b0968b6b5ce4be48b849c1b50506258,0.7495,2000,shopping_bag,0.0003396003929367467,0.2575,2000,0.49200000000000005,franka,0.7495
3f6b4ca2af34466a81d286c0bc84c4cc,0.8075,2000,chair,4.452811075832822,0.608,2000,0.1995,franka,0.8075
c4b9e709f6954acd9ea605f4a2a909ff,0.8455,2000,ginger,2.3180654189211647,0.253,2000,0.5925,franka,0.8455
3f5e2489f1ad44b4b7cb8b982ace152d,0.861,2000,flamingo,0.0005991845609183793,0.581,2000,0.28,franka,0.861
d58eea1a6ee746d29fd18f2d9e1a559d,0.7785,2000,blanket,0.060849858495971534,0.284,2000,0.4945,franka,0.7785
7fa65ef191b548a6a2e01c485bbdf55b,0.8805,2000,fire_extinguisher,0.0004260045078139039,0.448,2000,0.43249999999999994,franka,0.8805
22b533839b8d40459615e517e7f435a8,0.675,2000,shoulder_bag,0.00196869322274557,0.6285,2000,0.0465000000000001,franka,0.675
6b5cbcf70e944966bebdc102676cfb7e,0.657,2000,radio_receiver,0.01895365413296409,0.3815,2000,0.2755,franka,0.657
353df240658049afaf6619266dfae4cd,0.863,2000,orange_juice,0.035796339972528964,0.8225,2000,0.04049999999999998,franka,0.863
d83a241246d841df91b7489d00072cb2,0.879,2000,lamppost,0.00011559161007324383,0.3985,2000,0.4805,franka,0.879
b988cea27d5840159761cd9320bb038c,0.528,2000,lemonade,0.0006200742872063946,0.5805,2000,-0.05249999999999999,robotiq,0.5805
14f90291f09148bda96fbbdd502cd79f,0.733,2000,horse_carriage,0.001018203459289522,0.4885,2000,0.2445,franka,0.733
daf2f53b8eb2466dbffe92f6fe7069e6,0.6625,2000,watch,0.090495830288739,0.64,2000,0.022499999999999964,franka,0.6625
93de6d4177eb479ca064a40f7317ba31,0.941,2000,tassel,0.0010665264237721653,0.2175,2000,0.7234999999999999,franka,0.941
132c790ac74c42a0bb1a5fc7e3d43d7e,0.9575,2000,mailbox_(at_home),0.044675845306834404,0.6325,2000,0.32500000000000007,franka,0.9575
be014c4f545246b4996db9789e1acdfd,0.0005,2000,saucer,0.053402268785527014,0.281,2000,-0.2805,robotiq,0.281
ec3d039cf5aa4f19b71275a2c66536a7,0.6085,2000,headset,0.0025076626549683967,0.557,2000,0.05149999999999999,franka,0.6085
2a0e016f3deb40d3aebec797f3ac2bce,0.913,2000,water_gun,0.00019278465265004264,0.593,2000,0.32000000000000006,franka,0.913
fcf202af53994465976aea36aa261940,0.296,2000,teakettle,0.1109046944665247,0.326,2000,-0.030000000000000027,robotiq,0.326
31d614f9214a4fe4830c6cdc0b688fa3,0.6045,2000,fireplug,0.0027898823708687884,0.521,2000,0.08350000000000002,franka,0.6045
f72747715883480b9555a75558b3e9cd,0.83,2000,saxophone,0.0029698954912871873,0.412,2000,0.418,franka,0.83
3899e15df07d417c82f0fd48069f3504,0.8725,2000,timer,0.001932299346805781,0.6535,2000,0.21900000000000008,franka,0.8725
d0c40ce76674481489ab809fa00cfed2,0.532,2000,horse,0.0007496963456549722,0.5205,2000,0.011500000000000066,franka,0.532
2761f326173e4aa4a2c6cff2bca88549,0.866,2000,grizzly,0.04608566893424636,0.7005,2000,0.16549999999999998,franka,0.866
d3f8e57d4cc146f8a43839b448d9ea0c,0.9205,2000,television_set,0.0011004131782322514,0.9775,2000,-0.05700000000000005,robotiq,0.9775
c924b0d4ffa44fa88e8a8db6bd25c831,0.7935,2000,crab_(animal),0.00023995393873220064,0.524,2000,0.26949999999999996,franka,0.7935
a5b937e11f4942c48fa31a3ca19c2f0e,0.3555,2000,shaker,1.213824167387038,0.229,2000,0.12649999999999997,franka,0.3555
5968803b2922459fba85c4a7ac49347f,0.853,2000,vest,0.07113238505121396,0.195,2000,0.6579999999999999,franka,0.853
276a01e4b8484fcda02061e073662dc7,0.573,2000,skullcap,0.1570358825547118,0.4815,2000,0.09149999999999997,franka,0.573
c2644b133b554bc084e83d1217663918,0.801,2000,chair,0.15676378433241672,0.323,2000,0.47800000000000004,franka,0.801
4afaddf0129d4aaab7947116bb1c89dd,0.0,16,pastry,0.028910096445170702,0.203,2000,-0.203,robotiq,0.203
84786a7816f14b2c88071627cdd139ed,0.706,2000,measuring_stick,0.06962688679255506,0.5725,2000,0.13349999999999995,franka,0.706
9321c45cb9cf459f9f803507d3a11fb3,0.711,2000,mug,0.018699526955460375,0.246,2000,0.46499999999999997,franka,0.711
cb68743a972c4096b053cff7508fbc5c,0.0,1082,subwoofer,0.0030970326039808506,0.1005,2000,-0.1005,robotiq,0.1005
abf313e8ce6246389f9dc777da091c8c,0.326,2000,grizzly,0.00014785489885396928,0.5065,2000,-0.18049999999999994,robotiq,0.5065
dc8ea337322f4170855c6162b5c2ffdf,0.0,1833,jam,0.08913363403968606,0.7475,2000,-0.7475,robotiq,0.7475
6498b1e966a7457f911e06dc16c77423,0.8325,2000,camcorder,0.11961087911845103,0.929,2000,-0.09650000000000003,robotiq,0.929
10ec200cadfd44439b3ea9e807d2d88a,0.135,2000,turnip,0.0025458351229873323,0.5975,2000,-0.4625,robotiq,0.5975
673e146e6f1c44ffba87696823623dae,0.909,2000,ring,5.57060801164606,0.565,2000,0.3440000000000001,franka,0.909
2a89aaa64c974231a48bea839a21c879,0.948,2000,booklet,9.299340805696273e-05,0.613,2000,0.33499999999999996,franka,0.948
1615977dcb1540c58db19c27059a60d8,0.691,2000,dresser,0.0013954487598732707,0.6315,2000,0.0595,franka,0.691
6e35f6fdf1264db4880049b802f18ea2,0.4305,2000,armchair,0.24692297558960244,0.303,2000,0.1275,franka,0.4305
f03e95525b4c48cfb659064a76d8cd53,0.783,2000,motor_vehicle,0.027913433391953277,0.7065,2000,0.07650000000000001,franka,0.783
8bd39f148aab472397a68930839a9aac,0.6605,2000,pie,0.03461422738585247,0.3625,2000,0.298,franka,0.6605
2c260357359e40d5a8885dd5c22c57ee,0.0,305,paper_towel,0.0156043851346358,0.007575757575757576,264,-0.007575757575757576,robotiq,0.007575757575757576
294ad9f9f0bb4223b8a71c2aec6f7104,0.728,2000,piano,0.0052493511704416376,0.491,2000,0.237,franka,0.728
aa5bc1c5a4e842c4bab40cf08b9bcc3c,0.874,2000,wig,0.017997388276514464,0.8375,2000,0.03649999999999998,franka,0.874
0bd9facfd12a4e4cb08fc5c1717d9cf4,0.4875,2000,tiger,0.0058695186376218995,0.43,2000,0.057499999999999996,franka,0.4875
1ffd1a6685c946c5aa87988cb5cbf29e,0.929,2000,notepad,0.0003022493721665647,0.6855,2000,0.24350000000000005,franka,0.929
d6892307f73d4959ba36def29430389e,0.006,2000,crescent_roll,0.010364592302266256,0.203,2000,-0.197,robotiq,0.203
f2d5130daaf7414b892bafdca0f38a6a,0.121,2000,mast,0.005250211882876341,0.1175,2000,0.003500000000000003,franka,0.121
668b4362c7ca4f07a7e8740c886ef322,0.535,2000,candle,0.01501347323320475,0.052,2000,0.48300000000000004,franka,0.535
6080b7f9e1264520bc70478cfa952307,0.197,2000,tractor_(farm_equipment),0.09488939884808335,0.498,2000,-0.301,robotiq,0.498
6bd89c96005d42ba91e5696a5cece020,0.8195,2000,elk,0.00023898278201576643,0.193,2000,0.6265000000000001,franka,0.8195
b77ff389442745f399221f3c29e4f427,0.898,2000,table_lamp,0.006553863810005203,0.567,2000,0.33100000000000007,franka,0.898
db6f9bdf3f2f48828e2236052a4154b6,0.6895,2000,bead,0.12661525791735403,0.465,2000,0.22449999999999998,franka,0.6895
15cd0e85b7d2472b876b7fa6cd09b8ee,0.499,2000,snowman,0.061748675461439764,0.489,2000,0.010000000000000009,franka,0.499
18fca4e421094c789c63cd78565e38b6,0.8025,2000,gull,0.06610208093854075,0.6465,2000,0.15600000000000003,franka,0.8025
083d674be632421b855681b371105ca6,0.0,961,garbage_truck,0.0010274494750906736,0.4225,2000,-0.4225,robotiq,0.4225
0927a6111a2f4da9a6483df927a6a89e,0.8795,2000,vending_machine,0.002183579586669103,0.072,2000,0.8075,franka,0.8795
29d5c2ea3c8e43bcb44516096db4f3f5,0.8395,2000,projectile_(weapon),0.009772460218577802,0.533,2000,0.3065,franka,0.8395
ef1ce271896c46d39ce97a0350a0210e,0.907,2000,rifle,0.0007307272644723395,0.459,2000,0.448,franka,0.907
1e65b131074641d0845d3098abbe33d0,0.8335,2000,crate,0.11613746470502688,0.6545,2000,0.17900000000000005,franka,0.8335
97277ded66654ac8a033d504e516d730,0.714,2000,rag_doll,0.001980966543459661,0.6565,2000,0.057499999999999996,franka,0.714
ebed102485f54839b28089344caf3c86,0.4125,2000,car_(automobile),0.008442686267713714,0.101,2000,0.3115,franka,0.4125
537fcb235511433a8a53939473bb5d60,0.903,2000,inhaler,0.03259249198858809,0.545,2000,0.358,franka,0.903
336574c433fa40999108ce40a19e7177,0.4415,2000,cucumber,0.03112854214192649,0.494,2000,-0.05249999999999999,robotiq,0.494
1a4346bd2d234f3d825faa17ad9f019f,0.822,2000,glove,0.012418144246583466,0.6365,2000,0.1855,franka,0.822
7b1f172b5fd04f6c96a460140590242d,0.0,2000,cider,0.06940458990161627,0.7005,2000,-0.7005,robotiq,0.7005
862d64f546e2449e9fddfcc4c0aa02b6,0.3845,2000,dalmatian,0.06852103724515371,0.542,2000,-0.15750000000000003,robotiq,0.542
3461b2c6f57f4210949c4bc3cc750210,0.872,2000,projector,2.241130019168278,0.0285,2000,0.8435,franka,0.872
7684a1c08dad4d4b9d0ff76343a68247,0.9085,2000,barbell,0.22277895713767648,0.537,2000,0.37149999999999994,franka,0.9085
15827f3c56014bec9ed1f1aae25f8f09,0.912,2000,ax,0.11025687373208638,0.454,2000,0.458,franka,0.912
1de6daa10a0c442aa64ec126ffce7e2d,0.0065,2000,duck,0.08507282159281113,0.568,2000,-0.5615,robotiq,0.568
53644b2adee1444b8ec19aed5fd23249,0.298,2000,shopping_bag,0.0726066441884188,0.251,2000,0.046999999999999986,franka,0.298
52b2faaf84ff4300b64195757976509a,0.117,2000,baseball_glove,1.2427918961184348,0.175,2000,-0.05799999999999998,robotiq,0.175
59f464fc123947e2ac111a3c141dd815,0.932,2000,scoreboard,0.005798749409911064,0.193,2000,0.7390000000000001,franka,0.932
e8f3238186914ce5bee41f5518a4b6ff,0.631,2000,puffer_(fish),0.020867500152428345,0.2705,2000,0.3605,franka,0.631
7a89051127924a2ba793a72d092abe74,0.896,2000,cigarette_case,0.022365605475277713,0.5675,2000,0.3285,franka,0.896
12bb7df1b3b64569aa6f6a1fd77ac14f,0.944,2000,watch,0.33250842221887,0.367,2000,0.577,franka,0.944
9c6ca39cc8794dcbbd59de98fc1d88e1,0.483,2000,coffeepot,0.11336434392430708,0.422,2000,0.061,franka,0.483
12ecf41ddb8b488d9cf3820ecd56153f,0.94,2000,shield,0.012855464800352961,0.1225,2000,0.8174999999999999,franka,0.94
6a049f880cb84d26933ddaaed1221329,0.7635,2000,coat,0.001918730496637291,0.3915,2000,0.37199999999999994,franka,0.7635
e50b50ef53c54997b432446796d67791,0.8485,2000,helicopter,0.009750628080363744,0.4605,2000,0.388,franka,0.8485
e419e37818a5446a8f05f4d21cbce7d5,0.7375,2000,bullhorn,0.0006740335583600099,0.475,2000,0.26250000000000007,franka,0.7375
7a209dabe66f45d782ce3f6b4a3a7b37,0.0,1378,bread-bin,0.02103721712173853,0.001,2000,-0.001,robotiq,0.001
1b32c464bf09435194b0b5f90748869f,0.917,2000,amplifier,0.4774441074558272,0.476,2000,0.44100000000000006,franka,0.917
23160ebc5cb241849ee75193e728dbd2,0.6955,2000,shark,25.20484308587091,0.4255,2000,0.27,franka,0.6955
469b83d2c190456b8e7f1dcb28c3f1d9,0.382,2000,beret,0.00046973660282966667,0.7015,2000,-0.3195,robotiq,0.7015
a1e5e2a37d6a42299dcd5cec06cd1ddc,0.87,2000,violin,0.0009635626734656013,0.4845,2000,0.3855,franka,0.87
9bfae2edebb24e69aa4278f02fceef3e,0.7285,2000,bouquet,0.00039531150286405354,0.4195,2000,0.30900000000000005,franka,0.7285
99bae43fca9049c3964d20099906d14e,0.852,2000,salmon_(fish),0.02356379221610019,0.5585,2000,0.2935,franka,0.852
52b6d5de9f8847dba363a93761874c9e,0.9185,2000,banana,0.05865698814204592,0.653,2000,0.26549999999999996,franka,0.9185
a8a50790c4794b9a878d340c3bdae0dd,0.4065,2000,lamp,0.0052324933134998575,0.6475,2000,-0.241,robotiq,0.6475
d2b5ec0a040b4a11a9dca335464f0815,0.9205,2000,hammer,0.004495380213003938,0.6685,2000,0.252,franka,0.9205
a062944af8aa47998ce35ac43ea237b6,0.512,2000,fireplug,0.13093371770070666,0.4715,2000,0.040500000000000036,franka,0.512
ef4fef24c990461986a96f5462c5248d,0.8485,2000,bed,0.07112993730271229,0.6545,2000,0.19400000000000006,franka,0.8485
70d2687b6aab40c291d2d453c3f0afb6,0.8175,2000,hammer,0.020246902684169277,0.3615,2000,0.456,franka,0.8175
36f83cf4fab44312bd1a47efb6031987,0.2985,2000,hot-air_balloon,0.014728580676844226,0.3055,2000,-0.007000000000000006,robotiq,0.3055
8706b77d20cf44169371de9e36fc6cda,0.946,2000,steak_knife,0.7169310359813577,0.2865,2000,0.6595,franka,0.946
2b23af67627c454681d8080e48904c1f,0.627,2000,cat,0.07101787750998222,0.5555,2000,0.07150000000000001,franka,0.627
8e49bf5eb7c348f399aef50233d47e13,0.029,2000,lightning_rod,0.002229282777624429,0.172,2000,-0.143,robotiq,0.172
0a5c38536ce14e64955ae6d2ea9cfc4e,0.865,2000,trophy_cup,0.07139030276722517,0.5805,2000,0.2845,franka,0.865
a3ad19a9186b445b9fae07f9f36f3bce,0.958,2000,mirror,0.4141228337695708,0.101,2000,0.857,franka,0.958
e82feef327b941b69d7165e6bd64ca28,0.897,2000,violin,0.15039325166456086,0.589,2000,0.30800000000000005,franka,0.897
38232c0c87d641ac8632d846de3821a7,0.256,2000,washbasin,0.008687973895401808,0.139,2000,0.11699999999999999,franka,0.256
f71bb7af17f541708e9121f5a5a5b433,0.3115,2000,ladder,0.00672493586548618,0.574,2000,-0.26249999999999996,robotiq,0.574
5867dd6d021846beba9cf589422f7ca1,0.951,2000,dollar,0.5237713452700351,0.2525,2000,0.6984999999999999,franka,0.951
810569e6151f4aa0ad42c4d6330fcf85,0.849,2000,telephone,0.012154656583690936,0.374,2000,0.475,franka,0.849
54d2c60a8a524844a33d0dbde1daeeb3,0.827,2000,bicycle,0.027074046282037516,0.5365,2000,0.2905,franka,0.827
4e7769c6e659411b9068629eb907244e,0.9475,2000,pendulum,0.00010545235538383852,0.8805,2000,0.06700000000000006,franka,0.9475
539abad9c0384000a225a5145f9d5b52,0.977,2000,beer_bottle,0.034149814305968404,0.351,2000,0.626,franka,0.977
8163cb7486434fe7b3ab17dfc1a349df,0.0635,2000,vase,0.07241999539077514,0.2785,2000,-0.21500000000000002,robotiq,0.2785
d401ca5456a24c2db734a1deb04f931a,0.764,2000,guitar,0.022475956919114047,0.482,2000,0.28200000000000003,franka,0.764
07ed32ee7f554b019ed54eaaf23ab99f,0.472,2000,bath_towel,0.18329720020623133,0.4865,2000,-0.014500000000000013,robotiq,0.4865
1d09c7b931844487b000ac698fb0b5a7,0.8895,2000,pan_(metal_container),0.06322182780769973,0.0635,2000,0.826,franka,0.8895
21b5220775af4bb6bad570d6d19a00c7,0.7865,2000,stove,0.00033215723644102504,0.304,2000,0.4825,franka,0.7865
986e6f1ffedf4fea876c61ffc189570a,0.7785,2000,spectacles,0.006318891467674662,0.521,2000,0.25749999999999995,franka,0.7785
03af8be8df5946229b9bc30b6dcb2c54,0.5555,2000,telephone,0.4728031687157017,0.6085,2000,-0.05300000000000005,robotiq,0.6085
91902ccf78034e34b0f7afed6781cb7b,0.3355,2000,blazer,0.008298825733625214,0.322,2000,0.013500000000000012,franka,0.3355
4383b3f88d9646c7b2f336266eaad947,0.8285,2000,parakeet,0.007563388945332371,0.7455,2000,0.08299999999999996,franka,0.8285
107d43ee934b431687fa659a857b5072,0.8145,2000,joystick,0.003811866111285806,0.359,2000,0.4555,franka,0.8145
5948ef5c606b4fd78f61d4efe658269d,0.8145,2000,candy_cane,0.00587852223989835,0.2795,2000,0.5349999999999999,franka,0.8145
69e85cded74144bea659f52af3e81b49,0.958,2000,notebook,3.176878839393126e-05,0.071,2000,0.887,franka,0.958
97f68a87886246c0af5a7e9944e71a16,0.7135,2000,dolphin,0.0058666423112904344,0.3235,2000,0.39,franka,0.7135
dcefb9b908ec4ba6a4e74d5fb14989fa,0.597,2000,salmon_(food),0.16663327898067543,0.423,2000,0.174,franka,0.597
6f204b258be743ed8fb2171e1e65f6a3,0.6115,2000,tiara,0.02941315237429577,0.746,2000,-0.13449999999999995,robotiq,0.746
e54ce0d44f1b4b07a51b81fdac130a89,0.929,2000,cockroach,0.3532522637844625,0.4695,2000,0.4595000000000001,franka,0.929
34198221cc4a425db5b2f95fb13e6460,0.0,150,gemstone,0.01412830657645602,0.0055,2000,-0.0055,robotiq,0.0055
65a13a04056c4f51a9c324e2a975b9a5,0.467,2000,bed,0.00048578417769780467,0.2425,2000,0.22450000000000003,franka,0.467
a886da137e7246d892f38189507e83ef,0.868,2000,pineapple,0.007545160226098613,0.591,2000,0.277,franka,0.868
0d05431ed8794606a59541617dfaf395,0.2695,2000,tripod,0.0017737158313692934,0.1985,2000,0.07100000000000001,franka,0.2695
6b77d17ccf304ebc9e576d1ab9c5f94b,0.5545,2000,pot,0.0006309881693586038,0.6105,2000,-0.05600000000000005,robotiq,0.6105
6318cebd7ba544399e2c7a1fde02799a,0.173,2000,basketball_backboard,0.02963843343213881,0.3625,2000,-0.1895,robotiq,0.3625
c7513de586204b7abda6219548489518,0.9085,2000,tobacco_pipe,0.09565236256022715,0.68,2000,0.22849999999999993,franka,0.9085
b22f932e42e9467dbb6784c979b6dfe1,0.7655,2000,cup,0.023614079267445985,0.796,2000,-0.030500000000000083,robotiq,0.796
005e3725b8d9484e94a71aeb9495aea6,0.674,2000,elephant,0.05926406437364672,0.4855,2000,0.18850000000000006,franka,0.674
636605dc13a845f0ac4a98eff4941fa6,0.92,2000,sword,0.004562051749356651,0.3675,2000,0.5525,franka,0.92
098f5adfb58d40cab5a8376ff4796c5d,0.847,2000,compass,0.007516810015380009,0.4045,2000,0.44249999999999995,franka,0.847
4ecb4b2226e24233b1806925897b66e1,0.715,2000,cupboard,0.0007643910114861423,0.645,2000,0.06999999999999995,franka,0.715
4e05b99389e44f71b22e284c05d380d5,0.9265,2000,condiment,0.03135944136065782,0.852,2000,0.07450000000000001,franka,0.9265
04740704967c4b8d8f05d2fa81b2cd52,0.7405,2000,motorcycle,0.0008446610522253587,0.512,2000,0.22850000000000004,franka,0.7405
528a4d8575ae4bd7b010224cc5961a62,0.517,2000,bell,0.0022229649672401014,0.325,2000,0.192,franka,0.517
396d67176e4f4525a2a97a59a5f71ed8,0.0015,2000,pop_(soda),0.00018671091173029972,0.7065,2000,-0.7050000000000001,robotiq,0.7065
baabf607c4e044179f16835f9501aa05,0.505,2000,bowl,0.0005166526669800889,0.031,2000,0.474,franka,0.505
aa67b378bd9c4322a0bb1f98adab8174,0.963,2000,combination_lock,0.09208244913627658,0.4285,2000,0.5345,franka,0.963
41dec153433f4cd5826fcf444fe1a8f4,0.133,2000,potholder,0.30964160540645796,0.552,2000,-0.41900000000000004,robotiq,0.552
1e16255de32f474baefb51a7283f1be8,0.808,2000,lollipop,4.44792390153993,0.686,2000,0.122,franka,0.808
5226a8219e0d4837b063c8db6a17ee6e,0.796,2000,musical_instrument,0.002846177463528475,0.636,2000,0.16000000000000003,franka,0.796
8e9a756595ee440fb8cd559eea6e1bda,0.6515,2000,tights_(clothing),0.3254206181345987,0.432,2000,0.21949999999999997,franka,0.6515
345655b592e043e2a14a2c4cf8083512,0.5715,2000,beeper,0.3630995678105487,0.102,2000,0.46950000000000003,franka,0.5715
9b1834ac141e432fa8081e5bf5835fb4,0.8385,2000,water_bottle,0.32555103599429264,0.548,2000,0.2905,franka,0.8385
009d250efa144b93aa6615a94d8767c7,0.7645,2000,brass_plaque,0.0005246615388283445,0.3505,2000,0.414,franka,0.7645
2031ac8e897f46938a8c143ceed01f31,0.959,2000,syringe,0.011318118274649108,0.4205,2000,0.5385,franka,0.959
e54ce8520d8c41f1a042636010e73de0,0.4205,2000,lemonade,0.05572426741369991,0.484,2000,-0.0635,robotiq,0.484
3ab6ef0bf46e49bb84fc122640a521ea,0.407,2000,race_car,0.025747721331051535,0.367,2000,0.03999999999999998,franka,0.407
ac8cd8c6758e4449a15f3c4147df8c5a,0.883,2000,ashtray,0.000635843833457949,0.655,2000,0.22799999999999998,franka,0.883
b0d5784d220a4c0cb209fc72ecd8434f,0.8135,2000,cooker,0.003294475603136776,0.809,2000,0.0044999999999999485,franka,0.8135
c91582372cc747759d4235fe3fa2fb1f,0.783,2000,cake,0.4340366130455124,0.969,2000,-0.18599999999999994,robotiq,0.969
07f8d7482f1e44149acf81c8fbbfdc0d,0.5465,2000,vase,0.35690465444745123,0.2745,2000,0.27199999999999996,franka,0.5465
7eed92885d6b464e9abf82535e4999d0,0.811,2000,boom_microphone,0.016091440378636263,0.5435,2000,0.26750000000000007,franka,0.811
502ff900e8ec4612acdde695650dd3cc,0.9395,2000,amplifier,0.058878732489629576,0.675,2000,0.26449999999999996,franka,0.9395
cf6852dd9ea94f3c9f5226a8e3ffe60d,0.941,2000,radio_receiver,0.1555833008383283,0.976,2000,-0.03500000000000003,robotiq,0.976
c8ca69ba58474acba8d07a5d1dc5d60f,0.1455,2000,streetlight,0.0011661223388342986,0.111,2000,0.03449999999999999,franka,0.1455
d8ac7d85446d4d688b6bfd58aa3f7bd2,0.6655,2000,bow_(weapon),0.009039125090824066,0.3985,2000,0.26699999999999996,franka,0.6655
ba68b7dd4cc34c92ab2745644dbc398f,0.341,2000,cornice,0.0010254609362446848,0.1215,2000,0.21950000000000003,franka,0.341
7cc573b557f6494a802c24b6ff02d641,0.339,2000,toilet_tissue,0.1393812315206063,0.144,2000,0.19500000000000003,franka,0.339
c5dba7b9d8ed4985bf4f362295057aa5,0.363,2000,pole,0.06165211703380322,0.1845,2000,0.1785,franka,0.363
ddb5de8e1ecd4abb80d485ba087b7d1f,0.9045,2000,school_bus,0.009021328086077576,0.9685,2000,-0.06400000000000006,robotiq,0.9685
43b9952b39d14295bfcc357786092c51,0.0,271,bowling_ball,0.050044490257416696,0.9965,2000,-0.9965,robotiq,0.9965
2f64382e6c664df99b0aa2ca55c760cc,0.1505,2000,phonograph_record,0.031821854008812295,0.0505,2000,0.09999999999999999,franka,0.1505
33d1d75841cf4d25abacb051b8fefe66,0.92,2000,hook,0.008979811302003551,0.3965,2000,0.5235000000000001,franka,0.92
7688dcf5b87041a3bea09b0aead0f50e,0.9535,2000,bench,0.01403299454925085,0.116,2000,0.8375,franka,0.9535
8b6502af6db24c9699b5f2a2f8ef98fc,0.8425,2000,computer_keyboard,0.0026650239583877492,0.2845,2000,0.558,franka,0.8425
287fcb72847f49178cb00f13aca35ff1,0.5215,2000,pen,0.001392845054299606,0.643,2000,-0.12150000000000005,robotiq,0.643
954cccb2bfc340d2a79d6c7f8a165998,0.762,2000,futon,0.0007545600507298768,0.696,2000,0.06600000000000006,franka,0.762
4317f2808a2e4cfcae0593495cc73107,0.668,2000,shark,0.05075573963789688,0.4145,2000,0.25350000000000006,franka,0.668
18e5a69550294ff2975fe7f5c8569832,0.8725,2000,kitchen_table,0.0014309597517101107,0.6425,2000,0.2300000000000001,franka,0.8725
c3a2ec0b2dc2432581093e4948d36160,0.712,2000,seahorse,0.3698850904280616,0.7105,2000,0.0014999999999999458,franka,0.712
6576fa56e90e4998a82f55c0b236b228,0.918,2000,parrot,0.6430172727521981,0.5545,2000,0.36350000000000005,franka,0.918
1d4027dc51094591b6d33947f6074a07,0.955,2000,triangle_(musical_instrument),0.0011151808468314842,0.457,2000,0.49799999999999994,franka,0.955
cb87435db3fc427a929b4d20f134c744,0.6855,2000,cincture,0.00032579229520131477,0.542,2000,0.14349999999999996,franka,0.6855
cd284a25f8114485a17d7b75d47235cc,0.0,109,raspberry,0.008472696935018287,0.0728848114169215,1962,-0.0728848114169215,robotiq,0.0728848114169215
a02c10bf6e104e4eb592343ce53bedd1,0.835,2000,stereo_(sound_system),0.0004475701844001868,0.4625,2000,0.37249999999999994,franka,0.835
18427588b7304181a6c2095dae6517ae,0.924,2000,lamb_(animal),0.0003658082562940298,0.5805,2000,0.3435,franka,0.924
698bfa9aa58f419c8297b93d3d454554,0.921,2000,control,0.43922712801393465,0.8765,2000,0.044500000000000095,franka,0.921
e15521857d9b4f8bb9dff28d616e85a4,0.9,2000,pendulum,0.016856560903468477,0.5775,2000,0.3225,franka,0.9
2b1ac7abe2624487ade51c180bead840,0.788,2000,beret,0.06479120772631633,0.478,2000,0.31000000000000005,franka,0.788
38270fc8d593420897328cdba88ba242,0.7885,2000,chair,0.07684369594942679,0.6215,2000,0.16699999999999993,franka,0.7885
a7c7d39c461e457a811c8b206e178685,0.7225,2000,rabbit,0.005102386125349744,0.5075,2000,0.21500000000000008,franka,0.7225
f6ef41903e27424a9e5fab584e8db7e7,0.669,2000,baguet,0.4196049609653026,0.385,2000,0.28400000000000003,franka,0.669
eb00752a9ef54ce6aacd6885e0cb915e,0.5605,2000,domestic_ass,0.1744924740230193,0.3715,2000,0.189,franka,0.5605
a1cdb80462394cbeae982b8e2bca8763,0.497,2000,plate,0.07354021126798044,0.172,2000,0.325,franka,0.497
36d5b9c904ee4eea9a55ab0eccf7dee8,0.6055,2000,jet_plane,0.018861475991808388,0.359,2000,0.24650000000000005,franka,0.6055
8bc4056fe78b41c1b7bfbbf08a93a0cb,0.8875,2000,ring,9.807579448751724,0.4605,2000,0.42699999999999994,franka,0.8875
3d6c0cfd1a1a44a49ef6435aa4d325ee,0.695,2000,crawfish,0.04602226227662296,0.4565,2000,0.23849999999999993,franka,0.695
6e1a6841c5e44dd18554a20cac28c927,0.424,2000,boiled_egg,0.006006907773934956,0.807,2000,-0.38300000000000006,robotiq,0.807
392211553b9f4bb299f695952f9889fb,0.8505,2000,projectile_(weapon),0.00028474164464070006,0.406,2000,0.4445,franka,0.8505
2f47ab99b8da45e2b343e28de4945696,0.82,2000,watch,0.030078803336097137,0.412,2000,0.408,franka,0.82
b3ba48e4c85d4f8387b16ba289a578fe,0.9465,2000,garbage_truck,0.0044526063346236626,0.033,2000,0.9135,franka,0.9465
d6c503456641463585c43800815368b8,0.924,2000,earphone,7.090228570774938e-05,0.4655,2000,0.4585,franka,0.924
1579e4608c6b4f908e6da24d3752f783,0.9905,2000,wall_clock,0.0026064544279565537,0.253,2000,0.7375,franka,0.9905
2069a0d4429447c6971b4ee0783e3d83,0.545,2000,pastry,0.6229987932138735,0.1085,2000,0.43650000000000005,franka,0.545
7189f8017bfa42caae56cfe1b1d5d193,0.3095,2000,detergent,0.03499377510985425,0.293,2000,0.016500000000000015,franka,0.3095
19039ee81e004877a958f4566aef9178,0.751,2000,coffee_maker,0.3139325593475516,0.5045,2000,0.24650000000000005,franka,0.751
c0c718fb01e8452bbcab5e7058891372,0.019313304721030045,1864,keg,0.05218227335223247,0.3185,2000,-0.29918669527896996,robotiq,0.3185
166047fe68f243a3bf72965c472b4ae7,0.8915,2000,mask,0.010442522885177047,0.2095,2000,0.6819999999999999,franka,0.8915
01560b532c574ffb8fbd74d99fbd369a,0.8995,2000,guitar,0.033888015295638896,0.382,2000,0.5175,franka,0.8995
f77acf98f116492a9f8bc927ba375123,0.914,2000,computer_keyboard,0.015654751606658558,0.1735,2000,0.7405,franka,0.914
d76c2f26905440cd957de261301d09ba,0.569,2000,gorilla,0.7573156193085995,0.482,2000,0.08699999999999997,franka,0.569
bba997540ce145cca41e9c814aa0e2e4,0.826,2000,chair,0.11087030223033977,0.396,2000,0.42999999999999994,franka,0.826
9b470dc7a2a045ca9537304ca105a779,0.674,2000,tripod,0.05272626277737372,0.551,2000,0.123,franka,0.674
427da50ff3f54dffb63ed1510b743c8d,0.764,2000,ski_parka,0.03208199187867658,0.461,2000,0.303,franka,0.764
0028b77436394fd7963c013e04e69e70,0.947,2000,baseball,0.0018099099833303787,0.4405,2000,0.5065,franka,0.947
c916baaa52044a53bc1ace1be6c1458d,0.6655,2000,chinaware,0.466967949866496,0.0355,2000,0.63,franka,0.6655
ff2d841d2f15424689a851c17d452efc,0.8825,2000,banana,0.008791870420606179,0.635,2000,0.24749999999999994,franka,0.8825
a1fdce3add9d4f4783b9122b9239c100,0.9435,2000,pie,0.034661331968376424,0.591,2000,0.35250000000000004,franka,0.9435
8cafbab7a73e4fb7966a00659a4e31ef,0.393,2000,dress_suit,0.06528891179742778,0.3565,2000,0.03650000000000003,franka,0.393
63f37d0c4c7344b192cfac9284d9d178,0.2225,2000,window_box_(for_plants),0.2488328432094233,0.319,2000,-0.0965,robotiq,0.319
14cca1a7fe114f6e8877b8236f9aab53,0.7925,2000,fighter_jet,0.039165667689503435,0.384,2000,0.4085,franka,0.7925
d32d9326740445359ead494154a62bb9,0.484,2000,award,0.009229549418583978,0.712,2000,-0.22799999999999998,robotiq,0.712
3001e42d65d3486ba56da3a36d6e5219,0.288,2000,crossbar,0.00014775283399313642,0.1515,2000,0.13649999999999998,franka,0.288
542376de78494412a2c1e0f0bf982817,0.738,2000,wheel,0.00033817347458783094,0.2745,2000,0.46349999999999997,franka,0.738
12d12706037a42c888fefde0f7445580,0.755,2000,underdrawers,0.06014293536446643,0.805,2000,-0.050000000000000044,robotiq,0.805
7d1983cf656546878eb0dbb476304481,0.2205,2000,puffer_(fish),8.402195081702643e-05,0.4055,2000,-0.18500000000000003,robotiq,0.4055
32248c4ec53541e18c5487e7273887e5,0.9885,2000,chopping_board,0.015609493235413982,0.77,2000,0.21850000000000003,franka,0.9885
c8e6b28b5d594505bb1de59d09067a86,0.953,2000,crucifix,0.02946515401017363,0.415,2000,0.538,franka,0.953
ecc03f0875e34a0cb2e66c40b22383e5,0.247,2000,boat,0.005153638358013849,0.335,2000,-0.08800000000000002,robotiq,0.335
121310a3fb834e0791a35c95d5b5ec30,0.6745,2000,soup,0.010843040170458734,0.8395,2000,-0.16500000000000004,robotiq,0.8395
9db7356a148c4321b6ab36f067025585,0.687,2000,goggles,0.00502919071358604,0.56,2000,0.127,franka,0.687
a10b2017cc9f4a08ba22b7346a8ba724,0.0,70,volleyball,0.0025287481099670636,0.0,391,0.0,robotiq,0.0
f173eedc45904558824415d09646753e,0.866,2000,mug,0.008390642089817872,0.2175,2000,0.6485,franka,0.866
ca30c85074dd4dd38bcdb447f1643a8a,0.965,2000,liquor,0.03378089823013448,0.409,2000,0.556,franka,0.965
d4fe2d0a59a547989d3adc8f3e87a221,0.503,2000,pitcher_(vessel_for_liquid),0.0006577176763160356,0.5505,2000,-0.04749999999999999,robotiq,0.5505
30e57f4e0a844e189163fb8952c42ef6,0.833,2000,sponge,0.10797773761304817,0.651,2000,0.18199999999999994,franka,0.833
bdd36c94f3f74f22b02b8a069c8d97b7,0.707,2000,bowl,1.119366380915084,0.012,2000,0.695,franka,0.707
9418613f6fc54d57997f78eaf4ef1f81,0.1895,2000,control,0.0032407163106449362,0.205,2000,-0.015499999999999986,robotiq,0.205
988e8aa36f6b47beb4fa85b5076cf172,0.5125,2000,sweatshirt,0.025114212571403356,0.5505,2000,-0.038000000000000034,robotiq,0.5505
de9b4e576114440f851d4e02e1df4fd2,0.1295,2000,rabbit,0.9919607268237416,0.339,2000,-0.20950000000000002,robotiq,0.339
e8ae80bec4884254823832d2ab2676dd,0.8925,2000,seashell,0.04679885706156821,0.868,2000,0.024499999999999966,franka,0.8925
a28b786d5dcc4374b15cc4d04e38ddd1,0.3805,2000,pot,0.0831611671212682,0.625,2000,-0.2445,robotiq,0.625
b46c145c453147d9bb298e3a36c06fde,0.7775,2000,sail,0.45141889817213593,0.319,2000,0.45849999999999996,franka,0.7775
ab1bfb776bff461986f8762efb6b1647,0.26,2000,armchair,0.12956308743000522,0.2395,2000,0.020500000000000018,franka,0.26
319727f5f023442d8a8374b03a8e2475,0.9125,2000,projectile_(weapon),0.0009859617415627474,0.4845,2000,0.428,franka,0.9125
c95c285be5a149b0bab8bbc387a4ca83,0.82,2000,rifle,0.00017690689030912325,0.475,2000,0.345,franka,0.82
081acacca0584db9a74befa5b9d0d407,0.685,2000,gazelle,0.06978350926811233,0.615,2000,0.07000000000000006,franka,0.685
51226d166ef84bfcbe5c63bfd389a152,0.948,2000,orange_juice,0.003074392648937542,0.9875,2000,-0.03950000000000009,robotiq,0.9875
5003780b74a24711a10e455375983790,0.5845,2000,earphone,0.00012111276264986084,0.404,2000,0.1805,franka,0.5845
97d1e546731940cab115b271bcc7f690,0.0,735,wall_socket,0.14426485011674325,0.2105,2000,-0.2105,robotiq,0.2105
2db87772b2b446a3af2ed0cc427b93aa,0.7195,2000,bowler_hat,0.013187678428744073,0.4285,2000,0.29100000000000004,franka,0.7195
ae3c1b7df3be411b81bd9e2945eac9a6,0.82,2000,pistol,0.02847686678212611,0.399,2000,0.42099999999999993,franka,0.82
6de641441dc24759803225696eef1b17,0.6325,2000,shepherd_dog,0.03177979576635601,0.568,2000,0.0645,franka,0.6325
4d293085dbea4d0686b304b88bffd6d3,0.6035,2000,toy,0.07425791262188856,0.5645,2000,0.039000000000000035,franka,0.6035
7cd81a3f53d04c3ebc91d60c70000ca1,0.6315,2000,water_heater,0.0001681429858099008,0.6325,2000,-0.0010000000000000009,robotiq,0.6325
eb45f914e58f4e3f8ebcc26725cc2d59,0.835,2000,crisp_(potato_chip),0.0018476552936842242,0.9335,2000,-0.09850000000000003,robotiq,0.9335
b0ff1559539d4a4f88e325b00eb581f5,0.8885,2000,toast_(food),0.02168911917282653,0.304,2000,0.5845,franka,0.8885
a647ce86a7304864a125a5307ffff57b,0.7315,2000,bass_horn,0.000800102014429699,0.352,2000,0.37950000000000006,franka,0.7315
7de3f1bb5ede47e2b2978f7b3b0ed65b,0.884,2000,subwoofer,0.1412245146310823,0.134,2000,0.75,franka,0.884
efbf5b3579994a3aaf0fea15706afaa3,0.951,2000,magazine,0.43111625742746573,0.24,2000,0.711,franka,0.951
8b47d6615d174d4c89bdf68f3fe76ff1,0.6945,2000,medicine,5.243117733818283e-07,0.6155,2000,0.07899999999999996,franka,0.6945
deeb41e3f5f1480bb6f79f474c9f7ef5,0.924,2000,sunglasses,0.09036378871407584,0.3165,2000,0.6075,franka,0.924
436df87f858a47c390771b7a87a1c3e5,0.727,2000,trophy_cup,0.1662704959551802,0.239,2000,0.488,franka,0.727
95042c39e0784d75ad680b4d7b18ba7f,0.81,2000,clock,0.034836273468056296,0.582,2000,0.2280000000000001,franka,0.81
39c760d845664dec9e57a0d377fcfe9e,0.823,2000,necklace,0.0013120631180392021,0.4415,2000,0.38149999999999995,franka,0.823
d793cfaf26e04dae9364f118c2fc58aa,0.9455,2000,jar,0.13530852807083218,0.99,2000,-0.044499999999999984,robotiq,0.99
44783028272144c5abe0652d6be37b20,0.858,2000,necklace,0.0035749026501188394,0.601,2000,0.257,franka,0.858
2856116f83354f919e11e8ff6eefc8fa,0.005,2000,spotlight,2.0153306257566225e-05,0.0025,2000,0.0025,franka,0.005
f9b6931a200147f99779034142c12199,0.655,2000,flash,0.0029176748084439605,0.5545,2000,0.10050000000000003,franka,0.655
55b689d55dbb45dc8e4a5d7d76e54daa,0.8395,2000,mug,0.1980457172471677,0.4975,2000,0.342,franka,0.8395
7decd476a5f0454d8ffe9edc21f9ffe1,0.2545,2000,glass_(drink_container),3.2802149194309678,0.027,2000,0.2275,franka,0.2545
6e4844738ea04abfa200cb5ecf5b912f,0.8435,2000,corkboard,0.012631349183561014,0.254,2000,0.5895,franka,0.8435
a0f4187520b94ea0b5e64aac6a65622b,0.9865,2000,motor_scooter,0.012139776611591305,0.123,2000,0.8635,franka,0.9865
8a606429628842d9a1eb05a506d1a47c,0.685,2000,hog,0.06497704294138278,0.5215,2000,0.1635000000000001,franka,0.685
b4738d0de0d642cdadd9809a887fe44a,0.9065,2000,freight_car,0.005421379335615847,0.8455,2000,0.06099999999999994,franka,0.9065
d3f5e832769f45e39c8ffef1f17e73b8,0.5595,2000,table,0.06063236731625526,0.2795,2000,0.27999999999999997,franka,0.5595
65e6e24d033a46aaa859497388f006f3,0.2675,2000,sweet_potato,0.06005553971794822,0.2175,2000,0.05000000000000002,franka,0.2675
dc3f65d227f74bb5ba34168a607eca66,0.5775,2000,recliner,0.275205735686662,0.1505,2000,0.42700000000000005,franka,0.5775
025caf59ce094aa19bc6a2455fb9c7b7,0.785,2000,baseball_cap,0.0037825997752365384,0.4695,2000,0.31550000000000006,franka,0.785
448630965e754a4a9d2fa5c04b1db6fc,0.0,2000,hog,0.19427099012733137,0.7725,2000,-0.7725,robotiq,0.7725
4158d954ece94af599b25811c3c09e66,0.8135,2000,wedding_ring,0.007326984957992575,0.299,2000,0.5145,franka,0.8135
d916af91d0d54efeb1f809234d93d7fd,0.335,2000,screwdriver,0.00023633463049381318,0.0675,2000,0.2675,franka,0.335
9e0e5fd9d8c149f894c988817ba80a90,0.9345,2000,pizza,0.0042686892144826955,0.572,2000,0.36250000000000004,franka,0.9345
30792308605146eb8603e17f913b1ba6,0.6445,2000,dalmatian,0.03969601605975561,0.521,2000,0.12349999999999994,franka,0.6445
c0d363d197ba450fbef08224d3edd3ee,0.885,2000,cider,0.032292366660511315,0.965,2000,-0.07999999999999996,robotiq,0.965
e9b2953e3f70476bb3a5d85f0e0dfc9b,0.453,2000,lab_coat,0.00604848563797035,0.475,2000,-0.021999999999999964,robotiq,0.475
9e0a989a5aee4ecda68e08b62552a799,0.942,2000,wedding_ring,0.0060356813997248515,0.591,2000,0.351,franka,0.942
08dc1e1369b44f3ca45cc116c4a53bb7,0.3035,2000,goose,0.04660140254240424,0.5385,2000,-0.235,robotiq,0.5385
3bab4f86771f4f5893c013353e96839f,0.917,2000,liquor,0.005870354841672134,0.2205,2000,0.6965,franka,0.917
c9182a48d26e44e88337911294a81949,0.346,2000,cooker,0.0020329208430346344,0.066,2000,0.27999999999999997,franka,0.346
654d6638fab245ef814ca21bee970f2f,0.6655,2000,pizza,0.04429042042200463,0.4435,2000,0.22199999999999998,franka,0.6655
9999197bbac04e3796ce1f4f04470490,0.5895,2000,burrito,0.12027718279647091,0.443,2000,0.14650000000000002,franka,0.5895
ec78aff7132d48a98b7f84f89e39d172,0.0,2000,dresser,0.002466542220521324,0.205,2000,-0.205,robotiq,0.205
6f7cd9a4926b406bb442eeeaa2a38bc6,0.571,2000,lampshade,0.002735353558385966,0.5615,2000,0.009499999999999953,franka,0.571
47c61d03fb734d469d1ccaeb933a7208,0.731,2000,helicopter,0.008278144431274575,0.452,2000,0.27899999999999997,franka,0.731
8ae753ddcfcc4f3a9830d6bec7925017,0.8895,2000,water_faucet,0.24847007946369773,0.5185,2000,0.371,franka,0.8895
bc8513c84eb146dab9b9ce7be3a2fe4e,0.9565,2000,card,1.892503378594178,0.1185,2000,0.8380000000000001,franka,0.9565
0295f923f1384c1089dddd697ce71f11,0.4465,2000,coffeepot,0.06742974179419076,0.6135,2000,-0.16700000000000004,robotiq,0.6135
ee50e01adc864ccc880caed9b5eb3bcb,0.676,2000,scarf,0.014469954134967941,0.718,2000,-0.041999999999999926,robotiq,0.718
e3cf66a5312a4890bfd994cb9badf9fb,0.7725,2000,chair,0.05676864477167648,0.5825,2000,0.18999999999999995,franka,0.7725
098d594141834645a57baba60b4554cf,0.7135,2000,phonograph_record,0.09933694735274758,0.49,2000,0.22350000000000003,franka,0.7135
42f05f33f0af4ab28d59593f86c0f5b9,0.4495,2000,banana,0.04783018092774846,0.1475,2000,0.30200000000000005,franka,0.4495
bf60890d6d194b449c12c27c76b32cc2,0.8835,2000,streetlight,0.0008319985736016383,0.643,2000,0.24049999999999994,franka,0.8835
eccd13e2d8364c318116971101567c66,0.663,2000,piano,0.013977396460101547,0.74,2000,-0.07699999999999996,robotiq,0.74
fb208e51d71240e2b9269e62085e3c32,0.7815,2000,chair,0.16364227477798313,0.35,2000,0.4315,franka,0.7815
f277191dbcbe48e594f0877240c9b20e,0.0155,2000,duffel_bag,0.5132402287711068,0.337,2000,-0.3215,robotiq,0.337
2d455ae454514f5fa6fb3bdc7927fb90,0.5495,2000,vest,0.002601317001662615,0.577,2000,-0.02749999999999997,robotiq,0.577
4918c62221de4414be6bb6e7ae0cd75d,0.8485,2000,flag,0.0012648730973211983,0.2045,2000,0.644,franka,0.8485
b1c7e13502c9490086ba95f1e181ffc4,0.9655,2000,mirror,0.0008146967327994229,0.334,2000,0.6315,franka,0.9655
5e126dc212b3422e84b58279a8003b82,0.958,2000,radio_receiver,0.08673946766147066,0.3855,2000,0.5725,franka,0.958
b13f9b0f47d94b17884c995ce4e3ccc2,0.789,2000,bicycle,0.06701779836365195,0.3885,2000,0.4005,franka,0.789
ff2781cf60ad42cda4a59359758687a9,0.951,2000,scoreboard,0.002621497584582477,0.371,2000,0.58,franka,0.951
7a8838b45e964977aeefd6bd7ca795c3,0.277,2000,kitten,0.07977341266894077,0.3235,2000,-0.046499999999999986,robotiq,0.3235
8b75312d97f94825be8f69aa1df9e505,0.79,2000,trunk,0.014394814148304076,0.4445,2000,0.34550000000000003,franka,0.79
cb8ef0195f4b4b2b916c0a848f47bd45,0.49,2000,barrow,0.0088166421563494,0.5755,2000,-0.08550000000000002,robotiq,0.5755
5440c587e9b64ea5b9ed70c131698c37,0.344,2000,hot-air_balloon,0.02951933411204602,0.2045,2000,0.13949999999999999,franka,0.344
ae75c00eff984a0a9f4ef7840a4221f4,0.537,2000,airplane,0.013386260373471796,0.3015,2000,0.23550000000000004,franka,0.537
33f8aadbf27c486d8d4efca0fe21246d,0.7825,2000,trophy_cup,0.13830206115491925,0.4665,2000,0.31599999999999995,franka,0.7825
25eefc82acd944ce862b7988c37c6d93,0.902,2000,shampoo,0.016438549993573116,0.78,2000,0.122,franka,0.902
95ea6bab413b4b2bb76bfeb57dc6454f,0.5085,2000,potato,8.088744003927474,0.426,2000,0.08249999999999996,franka,0.5085
86ae105ddc6e442fa1e8509d6b4e328d,0.685,2000,spider,0.04943669791568294,0.651,2000,0.03400000000000003,franka,0.685
5f642bd6a08e4990bc951e2dea254296,0.888,2000,gift_wrap,0.19052148038931835,0.9055,2000,-0.01749999999999996,robotiq,0.9055
8425ebedb9334fc3a1e6d7a72f5612b4,0.8735,2000,spectacles,0.05355470307510071,0.379,2000,0.49450000000000005,franka,0.8735
581ab344e5a948ac8a9d109954851038,0.771,2000,monkey,0.03888160191949969,0.7015,2000,0.0695,franka,0.771
42385f476b2f415595296a0bf6eb85e5,0.9815,2000,wristband,6.041428999074674e-07,0.4135,2000,0.5680000000000001,franka,0.9815
a7558507c75f46b0ba06982015792e62,0.465,2000,watermelon,0.002304086656737932,0.1385,2000,0.3265,franka,0.465
c9abeb537dff43c2b01bbdfac3913f55,0.5065,2000,pony,0.052080603071331985,0.4145,2000,0.09199999999999997,franka,0.5065
fc53dbf2b8954f12a1285355cadb4f99,0.237,2000,motor_vehicle,0.0002226731634569696,0.359,2000,-0.122,robotiq,0.359
d4a5a9e62345405594cd16e733c126a9,0.94,2000,scoreboard,0.01615358544654824,0.3225,2000,0.6174999999999999,franka,0.94
3b2db26a99584daca66ec3a0c731c620,0.6605,2000,horned_cow,0.00032572347988958064,0.84,2000,-0.1795,robotiq,0.84
edfb316a2c3b4a53bc043dde77ab2e54,0.989,2000,saucer,0.002422936982415912,0.028,2000,0.961,franka,0.989
b5709832fcde4254826090faa5fd8ad2,0.7895,2000,beef_(food),0.7167525315836909,0.2395,2000,0.55,franka,0.7895
c0c0f2d8b980400cae6045139244c3d7,0.0005,2000,puppy,0.11409113706506012,0.582,2000,-0.5815,robotiq,0.582
02dc97bdd42b4ebaac170ae0a75bb030,0.912,2000,crown,0.08685632637238205,0.319,2000,0.593,franka,0.912
78d628831c3d473b9702b6ae4b6f4e68,0.859,2000,machine_gun,0.02466407464019065,0.5805,2000,0.27849999999999997,franka,0.859
17f40d0ee47f442d9b9091d7a609e812,0.911,2000,log,0.042915264637399406,0.7265,2000,0.1845,franka,0.911
14cb40aad07e4a10a7aa731760d7941b,0.8155,2000,ladder,0.056809368490934285,0.46,2000,0.3555,franka,0.8155
68055038a07e4819bd38bc3ff3ee39be,0.847,2000,rhinoceros,0.0055743089079887415,0.2435,2000,0.6034999999999999,franka,0.847
88d82ddc607344ce8fcdbd3a1dc3d6b5,0.48,2000,beetle,0.19360260098795365,0.6505,2000,-0.17049999999999998,robotiq,0.6505
090f958eb69549c99510fe8cc8a65b67,0.584,2000,pug-dog,0.025316234467444947,0.6825,2000,-0.09850000000000003,robotiq,0.6825
a1fd7ffba5624500b7d7808a38f0312e,0.6605,2000,corset,0.00025429436537368857,0.5945,2000,0.06599999999999995,franka,0.6605
871404404f6046a3afca5b3fced24d50,0.934,2000,slide,0.030788076469809824,0.16,2000,0.774,franka,0.934
bb1023a8c09141d29996924e425fe6c5,0.8525,2000,coffeepot,0.0002656033513983038,0.886,2000,-0.033499999999999974,robotiq,0.886
591f7d9f6337460ab1d93ef6c95e70e5,0.7235,2000,seabird,0.03302390000622834,0.9715,2000,-0.248,robotiq,0.9715
e162e6533b224d769edb54cf55f7a62b,0.8015,2000,mattress,0.00695760013109877,0.455,2000,0.3465,franka,0.8015
2ce58fb8b361418897e2cb2f4085029a,0.6985,2000,puppy,0.7145252152912817,0.479,2000,0.21950000000000003,franka,0.6985
2bb66d8237be4aeda94ebd270297a43f,0.678,2000,map,0.0005326421966955615,0.3735,2000,0.30450000000000005,franka,0.678
821a4b54868844b28bf4cdea0ca2e0ee,0.7865,2000,Lego,0.6982436649967931,0.1505,2000,0.636,franka,0.7865
e6fac27a832f4eec8b8ca49f4da26fbc,0.53,2000,trunk,0.09999085733228472,0.3835,2000,0.14650000000000002,franka,0.53
e8b38df736994cf8b4f7a3a9d2980f6b,0.0,2000,dumpster,0.001219962074829874,0.694,2000,-0.694,robotiq,0.694
84908780ca9b437ca979c050346b63cf,0.781,2000,lettuce,0.15845158603491669,0.751,2000,0.030000000000000027,franka,0.781
bbea37aaed504b308e33f5f96793a68d,0.5235,2000,truck,0.056602331161028495,0.4655,2000,0.05799999999999994,franka,0.5235
4ec62ed9b3de428db25b6c25417b7897,0.634,2000,pistol,0.013984072359451812,0.23,2000,0.404,franka,0.634
79ef2c7626b7429eb6c29f48cb111e85,0.8035,2000,polar_bear,0.0043708867192375715,0.6465,2000,0.15700000000000003,franka,0.8035
b3f962419f5e414d9289f578307a7974,0.7855,2000,race_car,1.180684785577811,0.6755,2000,0.10999999999999999,franka,0.7855
acfd453ccb254fec87cae82046251009,0.901,2000,table_lamp,0.0006096820849683289,0.545,2000,0.356,franka,0.901
76862cc301e5430c9de1b7a34850f192,0.907,2000,kitchen_sink,0.0009627690374182414,0.5235,2000,0.38350000000000006,franka,0.907
02d482391a374f34b3dbc6b2bf19762e,0.735,2000,cloak,4.712489080010081e-06,0.4765,2000,0.2585,franka,0.735
e97f99c0216a4cae9a8b11d044d2694a,0.7405,2000,elk,0.10300507182190746,0.543,2000,0.1975,franka,0.7405
9cedd2251f9e4c0d9b42e623b525c92d,0.509,2000,radio_receiver,0.0013404140221556667,0.014,2000,0.495,franka,0.509
e7c14efcafee4c40a911d792aea3decd,0.961,2000,tobacco_pipe,0.044525875192199506,0.755,2000,0.20599999999999996,franka,0.961
c10d42bd12b2497ba5ced33dd50e3f1a,0.0,384,owl,2.8389029901130938,0.739,2000,-0.739,robotiq,0.739
04629445e5b14f93bf18dcd211fa3d78,0.735,2000,teddy_bear,0.0861391111062233,0.4935,2000,0.2415,franka,0.735
4b59720c67c74be7a95e59d9f52df88b,0.526,2000,shirt,0.00011418929173278771,0.52,2000,0.006000000000000005,franka,0.526
fdfee5dcc8ed4b568bbb6b741520d49d,0.0,2000,footstool,0.09594426413382358,0.1575,2000,-0.1575,robotiq,0.1575
3cc4bbdc3a264ecba544ce46523741f8,0.7315,2000,shower_curtain,0.00018098695694800985,0.7945,2000,-0.06299999999999994,robotiq,0.7945
0657dbe783b949efbf62ee2583097029,0.8545,2000,watch,0.0388246119120577,0.27,2000,0.5845,franka,0.8545
c52f445eca564ef39def020a8db14ffb,0.1535,2000,bouquet,1.2433212433650696,0.386,2000,-0.2325,robotiq,0.386
c07e8eb8f6c043e19b329fb74557bf2e,0.786,2000,fire_extinguisher,0.0065276727073130415,0.504,2000,0.28200000000000003,franka,0.786
2c3525fc4e194f2e8911fdec4691506c,0.854,2000,goose,0.02596249437746919,0.5605,2000,0.2935,franka,0.854
a4f91a798b0f4a7188ec8379360e1386,0.737,2000,boat,0.12020680539208416,0.1955,2000,0.5415,franka,0.737
5a6977aed137461daa3b70e316ce672d,0.705,2000,rat,0.012848800415260056,0.695,2000,0.010000000000000009,franka,0.705
40077b9f92c04ca8bff18ad8329494d8,0.7595,2000,barrow,0.022773667679318543,0.3695,2000,0.38999999999999996,franka,0.7595
43c8828e83124e1e90e85c9e57b404c8,0.8915,2000,chair,0.15094603226864928,0.369,2000,0.5225,franka,0.8915
b6ef9a1621b241f2af756cedfa742f91,0.0,404,apple,0.1264537017792076,0.004166666666666667,480,-0.004166666666666667,robotiq,0.004166666666666667
42724d46046e4bba8eec9880890dc45a,0.6375,2000,spider,0.00037961268349295856,0.679,2000,-0.04150000000000009,robotiq,0.679
3dd8ef697a48422f860110674bce010b,0.0,32,chocolate_cake,0.00024730652192441415,0.27,2000,-0.27,robotiq,0.27
3360b4a9f11e47f39c17b680a718619d,0.9525,2000,bowler_hat,0.24296782853866852,0.1995,2000,0.753,franka,0.9525
8b70001c63874a1892f19efbf541002c,0.939,2000,tractor_(farm_equipment),0.014734162650272649,0.202,2000,0.7369999999999999,franka,0.939
e9f1254682ba4a4988bfef57b060bd5a,0.154,2000,puffer_(fish),0.0001456629254322658,0.2055,2000,-0.05149999999999999,robotiq,0.2055
a7dc44d6760549e0b26677b2a587457a,0.591,2000,control,0.06857213819688333,0.611,2000,-0.020000000000000018,robotiq,0.611
429536ff8dd84e538168c17ce6e82e28,0.836,2000,medicine,0.873167902221229,0.689,2000,0.14700000000000002,franka,0.836
4bb4be63c8fb4b469e787c30e81f9e71,0.906,2000,pistol,0.02562405155627495,0.3725,2000,0.5335000000000001,franka,0.906
d1b39ebed6ac4a2c9ae7d006bbb8ffa1,0.0475,2000,sweatband,0.009891378149966486,0.0665,2000,-0.019000000000000003,robotiq,0.0665
62a7ecc7845e40fa986e65495d59db87,0.7255,2000,shepherd_dog,0.02465264167734031,0.534,2000,0.1915,franka,0.7255
fb3ab0f7e04247a09a5de927b316b3ed,0.0,1,globe,0.053681678128015796,0.2025,2000,-0.2025,robotiq,0.2025
905644cc02634f0b80d6090f84543bdc,0.7935,2000,tripod,0.006942754971504541,0.491,2000,0.3025,franka,0.7935
001559b408504642831e6c604eaf583f,0.862,2000,tag,0.016136525956809394,0.32,2000,0.542,franka,0.862
211ab764986c4da9941bec956a134345,0.766,2000,hook,0.057865049439019274,0.555,2000,0.21099999999999997,franka,0.766
9ac2a909779c4d6fa2b81e6ed39472c5,0.2545,2000,pencil,0.7008411783393306,0.107,2000,0.14750000000000002,franka,0.2545
18187a038045445594a7fd9160ad70e5,0.914,2000,teddy_bear,0.04113448133089179,0.2165,2000,0.6975,franka,0.914
2940346cc97f4ff9ad1d5284827398ca,0.6415,2000,wagon,0.024983929978954676,0.5935,2000,0.04799999999999993,franka,0.6415
82a8c50900714a6e9a479603b729e745,0.588,2000,bowl,0.872057674764143,0.05,2000,0.5379999999999999,franka,0.588
21e22be42472440da404c6c713cd8e27,0.76,2000,dining_table,0.041510145225766834,0.4665,2000,0.2935,franka,0.76
59c97f3ea12946e390f498c64bbfec50,0.947,2000,zucchini,0.01977896373718555,0.044,2000,0.9029999999999999,franka,0.947
a2438e34dbc84e749c49bc6b188474b0,0.6715,2000,pocket_watch,0.006083861014649346,0.198,2000,0.4735,franka,0.6715
6cfe19c7198445d4946b534187ca93e2,0.951,2000,shield,0.08973903289436705,0.235,2000,0.716,franka,0.951
40b8a909a45a4c4da9bfd50993c17cd0,0.378,2000,gasmask,0.04028780000187634,0.6605,2000,-0.2825,robotiq,0.6605
9257780d71774443a02ad1eb8c344615,0.8885,2000,lightbulb,0.0005909133984562543,0.994,2000,-0.10550000000000004,robotiq,0.994
30235ebaabbf499bb692eb3b3ef0ab99,0.7235,2000,lightbulb,0.03516284348043356,0.6815,2000,0.04200000000000004,franka,0.7235
50d3981adcf242cdafa54ce7cf00132a,0.4705,2000,shoe,0.05318839050420547,0.3545,2000,0.11599999999999999,franka,0.4705
17f0678bbd944c2ea3b63033e1f4f97c,0.0,486,barrel,0.007425006013597253,0.0005,2000,-0.0005,robotiq,0.0005
43f24fc3576549e092a976a61cd98aef,0.308,2000,radiator,0.0027684662962801044,0.091,2000,0.217,franka,0.308
f0f04ab6f7274cfd82d95fb345e19c51,0.557,2000,hardback_book,0.3547720339416405,0.3405,2000,0.21650000000000003,franka,0.557
a38476530668484b9cc902c12e8adce1,0.152,2000,koala,0.038407713467797526,0.5125,2000,-0.36049999999999993,robotiq,0.5125
cfefc2b54f3a4db1b549407a96a13d49,0.499,2000,calendar,0.9223127398351552,0.0655,2000,0.4335,franka,0.499
3c4656e7358a4b809498aacd32625d08,0.876,2000,parachute,0.6003534391042811,0.73,2000,0.14600000000000002,franka,0.876
96de257a4c7d4721a6428580b2ce145a,0.0,560,record_player,0.2983046330740012,0.0015,2000,-0.0015,robotiq,0.0015
32c6df0a60314d089ff2469a4eb5ad2d,0.0,2000,gemstone,0.12950071408445207,0.0515,2000,-0.0515,robotiq,0.0515
f08b85ca6bcf4ec0ad9a8610a7196563,0.8385,2000,cowboy_hat,0.0353792207432521,0.555,2000,0.2835,franka,0.8385
b212585f6642467fb933f3ecf7c7293f,0.5295,2000,parakeet,0.0023214498975282004,0.4855,2000,0.043999999999999984,franka,0.5295
fdb8227a88b2448d8c64fa82ffee3f58,0.834,2000,watch,0.023523525802894518,0.339,2000,0.49499999999999994,franka,0.834
136368db06a044b68ea8a5baba5d6efe,0.3445,2000,chair,0.04413310404488625,0.642,2000,-0.29750000000000004,robotiq,0.642
40b7570f0cc74ce3958df03f87d77c86,0.8045,2000,hot-air_balloon,0.030824009602787087,0.033,2000,0.7715,franka,0.8045
680f23f4c5b441019b81a0acf098c273,0.4635,2000,kettle,0.05600533271027116,0.807,2000,-0.3435,robotiq,0.807
5c2875d888ad4963980807c9e2a1cc7a,0.792,2000,squirrel,0.015570829428677851,0.9085,2000,-0.11649999999999994,robotiq,0.9085
9fbd8acf27914256bc2e673352b0e07b,0.7995,2000,snake,0.007274516275985542,0.6355,2000,0.16400000000000003,franka,0.7995
a7ca84f5b2224c9087aac4b4fb88ae3e,0.4195,2000,rat,0.04094051308400954,0.822,2000,-0.40249999999999997,robotiq,0.822
a83153e924c646fa9c0f9e041139b136,0.6895,2000,teddy_bear,0.0008694134634120901,0.9235,2000,-0.23399999999999999,robotiq,0.9235
1524f04f2d8147d7a63d36bfee1c5458,0.896,2000,washbasin,0.4135941729933125,0.261,2000,0.635,franka,0.896
7ff73be80293427ea2de0bdd02c4f4c4,0.4815,2000,motorcycle,0.003136252382667043,0.2495,2000,0.23199999999999998,franka,0.4815
701c112d7ce54788b2d95b2f406f6df7,0.6595,2000,tiger,0.1272911017623796,0.5505,2000,0.10899999999999999,franka,0.6595
eee3beabbfc24563b5046f290ac25cb8,0.7005,2000,puppet,0.0007372502648238444,0.473,2000,0.22750000000000004,franka,0.7005
98886a913e084cfdba4ea3dc026022b7,0.8315,2000,fedora,0.0058447393245709255,0.8245,2000,0.007000000000000006,franka,0.8315
e77268b46fa549d1b611d2429b2201c1,0.572,2000,timer,0.32845693600439885,0.222,2000,0.35,franka,0.572
2d7d267a686b4ddc9432b10463cec1d3,0.3655,2000,teapot,0.0020480573260284493,0.466,2000,-0.10050000000000003,robotiq,0.466
aa103794b57044d5a969e6ce750cc89e,0.8495,2000,pigeon,0.005997641538670801,0.884,2000,-0.034499999999999975,robotiq,0.884
512a7e0c3c714e1ea1a5c83f90f53361,0.306,2000,cornice,0.5985594838343149,0.171,2000,0.13499999999999998,franka,0.306
0acfb2346cc44decadf6a93ea6ce940a,0.5095,2000,cornice,0.0002589836432776055,0.187,2000,0.32249999999999995,franka,0.5095
2210c49edd554bb1b95be93af73a1da5,0.6845,2000,liquor,0.05061811876276273,0.3915,2000,0.293,franka,0.6845
852e8d7eb9c4401f844fd889f85a45a8,0.9865,2000,locker,0.019509615847472506,0.3125,2000,0.674,franka,0.9865
52602f74ceff43a493b97ee032897a44,0.8705,2000,fan,0.03901003332140259,0.5095,2000,0.3610000000000001,franka,0.8705
b07ba2d2a7884b90bab98db8c2b09bea,0.468,2000,fire_engine,0.0003136118993304908,0.6765,2000,-0.20849999999999996,robotiq,0.6765
6e12ceb244e74cc792941362fabf7f54,0.833,2000,giant_panda,0.02577194251258438,0.731,2000,0.10199999999999998,franka,0.833
79ca700e4c4b4b58a058df6ad332b3a3,0.2035,2000,walrus,0.022352063122604505,0.374,2000,-0.1705,robotiq,0.374
a1767c7025ab4c93bf18452a21fea774,0.469,2000,cape,0.0042651112949723515,0.372,2000,0.09699999999999998,franka,0.469
accaf450af284db7ac55ad83bb6dc00d,0.9645,2000,calendar,0.017024372817487463,0.249,2000,0.7155,franka,0.9645
28f47235ed4b4deb95d713b08ad2e1c5,0.4815,2000,cockroach,0.014051796217783217,0.282,2000,0.1995,franka,0.4815
9d4ba7fd485645ea8ded8277485cc540,0.858,2000,tongs,0.05647279092881839,0.388,2000,0.47,franka,0.858
bdc36b1402794c77bf4c0987f8399c8f,0.0,1908,pinecone,0.13841271853737086,0.129,2000,-0.129,robotiq,0.129
e9f40d803a874e84931192f09dedd58b,0.72,2000,desk,0.0012868998339323747,0.496,2000,0.22399999999999998,franka,0.72
b489f06859f440a7a6506c58e5b2e149,0.398,2000,radiator,0.16510302069157334,0.1095,2000,0.28850000000000003,franka,0.398
42e02b8cb8884ce09380943e8dd90372,0.637,2000,pencil,0.026224243295119323,0.427,2000,0.21000000000000002,franka,0.637
a817dc7487ae4442ad1a124fa6c4b18c,0.9675,2000,envelope,0.002527858801725459,0.036,2000,0.9315,franka,0.9675
b005d2125a1545ad9e0994e0deb5e82e,0.807,2000,microwave_oven,0.0013805442279201216,0.884,2000,-0.07699999999999996,robotiq,0.884
86d43d0769744894bdcf946f14f91bd1,0.533,2000,jumpsuit,0.017555963564386767,0.5815,2000,-0.04849999999999999,robotiq,0.5815
e89ce52cf2ce49ab834518045deafc06,0.3395,2000,backpack,3.611539439182151e-05,0.378,2000,-0.03849999999999998,robotiq,0.378
944625fcc4244abcbba6eaca19c7cec6,0.9695,2000,fire_alarm,0.05181382304770678,0.8565,2000,0.11299999999999999,franka,0.9695
b554058d4f4246e6ad237e9326532f2c,0.602,2000,chandelier,0.00022254328838703936,0.7485,2000,-0.14650000000000007,robotiq,0.7485
eb68e95943f648eea15c3956edfe6701,0.9725,2000,lightbulb,0.04454548716893544,0.563,2000,0.4095000000000001,franka,0.9725
b6c610357217437fa0cee2508e329e65,0.7110016420361248,609,cherry,0.0050620926878493806,0.3115,2000,0.3995016420361248,franka,0.7110016420361248
efe2f361da924906bffd720777bbbf29,0.9635,2000,knocker_(on_a_door),0.11323858648979297,0.1205,2000,0.843,franka,0.9635
5b2a1815deef431ea9c34766583dec82,0.661,2000,sail,0.09703734535283004,0.263,2000,0.398,franka,0.661
f4d536baf41d4d1c80b89bccceded00f,0.253,2000,helmet,0.0028978099544775464,0.608,2000,-0.355,robotiq,0.608
2c83137d2ab247fd8137c901ae129ab9,0.4745,2000,cone,0.2737207310706074,0.649,2000,-0.17450000000000004,robotiq,0.649
bd48b016c2fa453b9505b3e5ad7e42e0,0.7485,2000,army_tank,0.012487348714587542,0.8425,2000,-0.09399999999999997,robotiq,0.8425
689a7a3d712f4085bd2320512172226f,0.9235,2000,skateboard,0.04668757096806894,0.592,2000,0.3315,franka,0.9235
de0545a1c3924479a4fa1d3b5210a2d5,0.7805,2000,television_set,0.044415301357479085,0.8115,2000,-0.031000000000000028,robotiq,0.8115
3f0ee2dce6434bcdb76c4369a5f97e2d,0.8315,2000,water_heater,0.008051513988039723,0.7205,2000,0.11099999999999999,franka,0.8315
74d14ebdbbc94d8780f03df21cd93674,0.942,2000,clothes_hamper,0.02770036729837815,0.061,2000,0.881,franka,0.942
de1283e3b23a4fd5aa2e9932c78eba39,0.83,2000,phonograph_record,0.025486739598202586,0.278,2000,0.5519999999999999,franka,0.83
0f31d9f3fcdd455d92cafe3c8316baa1,0.7565,2000,crown,0.014270276177647903,0.288,2000,0.46849999999999997,franka,0.7565
946d829aa76645ea94027e156e03fb17,0.0085,2000,army_tank,0.0010066190906164699,0.2225,2000,-0.214,robotiq,0.2225
1ac9bf684da3476d918fd086d554bd5c,0.9255,2000,telephone_booth,0.04064470147221623,0.4915,2000,0.434,franka,0.9255
f52ae6a143ea45919320dacbc1b91012,0.696,2000,garbage,0.001519309693293493,0.391,2000,0.30499999999999994,franka,0.696
a0df91f135d447acb9b69b1deeefbdcf,0.5575,2000,pet,0.1989524512691989,0.264,2000,0.2935,franka,0.5575
5f885317caee4058aa01e2c61d356341,0.6185,2000,tiara,0.0026500698466228366,0.3775,2000,0.24100000000000005,franka,0.6185
6fb485a9524945eeb6e18499fe79781c,0.7765,2000,apron,0.0010318922706817495,0.431,2000,0.3455,franka,0.7765
f0b12153a44f4f048bfb05fb593a8b4f,0.9865,2000,computer_keyboard,0.03270315992019688,0.3195,2000,0.667,franka,0.9865
8358c7e52d1a47bb8fbf80f543f96a0e,0.569,2000,pirate_flag,0.0156802867806441,0.472,2000,0.09699999999999998,franka,0.569
22fdb2cc40fb4882bb1828a954cc93f9,0.0105,2000,armoire,0.0017304608593993035,0.157,2000,-0.1465,robotiq,0.157
599504c198dd4f9295557ec09848b402,0.8395,2000,water_gun,0.25449139851056746,0.4315,2000,0.40800000000000003,franka,0.8395
07b10f607162439a98233c801a42ad12,0.0,345,drum_(musical_instrument),0.09933653908496651,0.052132701421800945,422,-0.052132701421800945,robotiq,0.052132701421800945
dbb929d28e4641baa75563ff155d2a3b,0.0,91,bowler_hat,0.015471867791631146,0.5615,2000,-0.5615,robotiq,0.5615
5d8c92a2267f4818a73088929d18d81d,0.656,2000,crab_(animal),0.006781256055029295,0.539,2000,0.11699999999999999,franka,0.656
bc2da71f58e24612b609a2963f9472f6,0.5995,2000,cap_(headwear),0.27571975015414896,0.155,2000,0.4445,franka,0.5995
1edc76abe66c46c687d00a9aa7e32c8a,0.635,2000,convertible_(automobile),0.049736649466089355,0.4505,2000,0.1845,franka,0.635
0fa49966a0ea48f7a96a57feb167aea6,0.0,505,can,0.06455312938721629,0.4325,2000,-0.4325,robotiq,0.4325
8d6355cf00f44d7b9bdd26330f486c01,0.041,2000,bowl,1.3929103390006488,0.259,2000,-0.218,robotiq,0.259
08a93ccc711c44d89eac6a845c927b4b,0.648,2000,dolphin,0.1058556319087867,0.464,2000,0.184,franka,0.648
64e910a193dd4a4a8c4e3dd8661928f3,0.584,2000,water_bottle,0.007475513848788118,0.0285,2000,0.5555,franka,0.584
60721f1bd93e4ad9a94908f894709572,0.8495,2000,bullet_train,0.008300030649230135,0.2845,2000,0.5650000000000001,franka,0.8495
363887953a734322955e2f8279e09204,0.989,2000,soap,0.1478540819996698,0.068,2000,0.921,franka,0.989
3e8d1d6e11ac41e3b7f03978af2315dc,0.0,824,keg,0.3102562451061635,0.001,2000,-0.001,robotiq,0.001
960dc43d8e4848178c81201535f45be3,0.744,2000,gameboard,0.49987875869696535,0.4075,2000,0.3365,franka,0.744
8ee437cd46ae4369b41980e9fe8779e4,0.7905,2000,fighter_jet,0.015101037730604365,0.374,2000,0.4165,franka,0.7905
858dc301a0f245ec96bc32879b2f9792,0.571,2000,parrot,0.4366019209878666,0.4365,2000,0.13449999999999995,franka,0.571
8c16a0107dcb4ebd93a5cd2e1470943b,0.39,2000,shirt,0.0028159174903562324,0.488,2000,-0.09799999999999998,robotiq,0.488
e64ebfc6c0ac406c961d0a8a0e8631a7,0.6685,2000,chalice,0.05946564511503317,0.211,2000,0.4575,franka,0.6685
89cc806b25e347da9723b27177bacdf6,0.7585,2000,projectile_(weapon),0.41620284882849146,0.3765,2000,0.38199999999999995,franka,0.7585
60152affe35d49a1afa2b48c7906bca1,0.84,2000,jet_plane,0.00030065955998447047,0.428,2000,0.412,franka,0.84
20f74d0ddc3b458ea4bc3bd05fb1cf43,0.261,2000,microscope,0.03615634632777569,0.1955,2000,0.0655,franka,0.261
e51e63e374ee4c25ae3fb4a9c74bd335,0.4495,2000,mouse_(computer_equipment),0.01657213680677527,0.675,2000,-0.22550000000000003,robotiq,0.675
7ba9f879b3ab41f6a5fb6c1c7728859a,0.5535,2000,Christmas_tree,11.617601999517788,0.583,2000,-0.02949999999999997,robotiq,0.583
01610ca1062d4860a24c4f59413936b8,0.467,2000,windmill,0.0016950791254894328,0.454,2000,0.013000000000000012,franka,0.467
a5f8660771f84c3692ce40882ce188e2,0.5205,2000,kayak,0.013666278650304087,0.421,2000,0.09949999999999998,franka,0.5205
4af048cbd3fe4cb1a52bf14c2299e3c6,0.185,2000,football_helmet,0.009259269154943309,0.121,2000,0.064,franka,0.185
f5beb76618cb40c9adcc4b3a40c615a3,0.7605,2000,globe,0.0048537931718972555,0.6725,2000,0.08799999999999997,franka,0.7605
26aa1218680449aa843e84da2cd36892,0.8535,2000,brussels_sprouts,0.10071662615107611,0.299,2000,0.5545,franka,0.8535
238e26ee5b85425fb56c0a2f36bab3c0,0.8275,2000,goggles,0.0983879164307285,0.4245,2000,0.403,franka,0.8275
749ba33db8c243d986c864afe3955731,0.6465,2000,compass,4.6878937875869293e-05,0.2215,2000,0.42499999999999993,franka,0.6465
5d4f5535292e4017b754383d92a7a462,0.461,2000,spear,0.002340521786849018,0.027,2000,0.434,franka,0.461
fff92680341948349cf60ae8d46a66cc,0.04522613065326633,597,crate,0.00023387015123868288,0.2671306209850107,1868,-0.2219044903317444,robotiq,0.2671306209850107
2113b139d67f4c62a473e8b48a68853c,0.7845,2000,brass_plaque,2.253785339676388,0.4395,2000,0.345,franka,0.7845
415584bc3224484fba20a482592e2157,0.4915,2000,mallard,5.378865732841038,0.491,2000,0.0005000000000000004,franka,0.4915
e04326a891f3407b9f84e4b8223ccf01,0.806,2000,wagon_wheel,0.8542507598029434,0.4525,2000,0.35350000000000004,franka,0.806
1706d29ed79a407b9a5347ddbdc3e03a,0.96,2000,bracelet,0.006213704793254187,0.289,2000,0.671,franka,0.96
2848bd239cb9436da649f1d0438444a1,0.933,2000,microphone,0.06849256472756193,0.3175,2000,0.6155,franka,0.933
4a195689a3584dd7a6c40d39fc5d626b,0.4295,2000,drone,0.0003488209380190096,0.784,2000,-0.35450000000000004,robotiq,0.784
49e0b2c7cccd407e93af1162e086c686,0.9535,2000,blackboard,0.07027389010676535,0.305,2000,0.6485000000000001,franka,0.9535
10bfa9d3655d484fadaf15f9e184b3d5,0.8805,2000,fire_extinguisher,0.05546187660767152,0.8925,2000,-0.01200000000000001,robotiq,0.8925
bb95a7323ad844fb8ae61f9f82d3c9e5,0.8005,2000,sushi,0.0006764292487268556,0.2235,2000,0.577,franka,0.8005
0c87bb81838946728e2c3270817d67c1,0.765,2000,bench,3.966375851487282,0.203,2000,0.562,franka,0.765
fb0bcbbd154f4c76b2fb389ea647015a,0.0,2000,urn,0.006782763820476702,0.285,2000,-0.285,robotiq,0.285
2dbb0935c44a47eeacd13fec59e088bb,0.7335,2000,chair,0.1842010769857389,0.2695,2000,0.464,franka,0.7335
6e00c78aa0bb4012bb4ef883b39b2555,0.8175,2000,skewer,0.0006817318427834076,0.42,2000,0.3975,franka,0.8175
16c9489805024bd2a1cd2e556fb62add,0.926,2000,computer_keyboard,0.004135303573731878,0.85,2000,0.07600000000000007,franka,0.926
3b50fb746d834312bce22c9fe3472726,0.9095,2000,telephone_booth,0.0841209528239117,0.5465,2000,0.363,franka,0.9095
e0447a01302047c2a18f88096ff63abe,0.5625,2000,owl,0.14811270747454372,0.6755,2000,-0.11299999999999999,robotiq,0.6755
1ca4e736a7184b628544f07f7d614971,0.6085,2000,ashtray,0.0427264527941283,0.496,2000,0.11250000000000004,franka,0.6085
4fccf2dfeb30495d9db383a9667940f3,0.88,2000,giraffe,0.0005657068437130014,0.665,2000,0.21499999999999997,franka,0.88
6c47cd7ba61d47ea9fde1c08b4eeee4a,0.6185,2000,cart,0.008693128735812199,0.7515,2000,-0.1329999999999999,robotiq,0.7515
00c3f6de0c5b494bbf2885ff99ee6b96,0.569,2000,puffin,0.07079386349145363,0.471,2000,0.09799999999999998,franka,0.569
1687c93ab6f743a9907bb7d56495a7a0,0.3085,2000,headboard,0.0025162460216321962,0.2655,2000,0.04299999999999998,franka,0.3085
d061b6a017e240fc873966b703483f76,0.9515,2000,vase,0.027542136204649934,0.545,2000,0.4065,franka,0.9515
90f3ef440b4740818957fd5f4b44abd7,0.0,96,lemonade,0.055499062652494824,0.1705,2000,-0.1705,robotiq,0.1705
46e8f848735b496e8aeda829d0b96023,0.707,2000,refrigerator,0.014963184832128914,0.765,2000,-0.05800000000000005,robotiq,0.765
8243c74ac83b49359911be0ba24a1b7a,0.8255,2000,fireplug,0.011062119502479316,0.9135,2000,-0.08799999999999997,robotiq,0.9135
2387e678c92249d09f673dc87eeba108,0.8215,2000,rabbit,0.04074243541772169,0.669,2000,0.15249999999999997,franka,0.8215
f3f7d7e35ef143dcbf2d3f197aced4eb,0.6565,2000,forklift,0.07493883270972063,0.5705,2000,0.08599999999999997,franka,0.6565
d1935e44ac724c62810dd4a6f89eeebd,0.8915,2000,headset,0.09180485512294762,0.5355,2000,0.356,franka,0.8915
c7c9f3c0961e406986a0e7e3d5af3bba,0.251,2000,sweater,0.0001799557198765434,0.479,2000,-0.22799999999999998,robotiq,0.479
836c1109d31947f38d8db9ed903eee43,0.98,2000,flag,0.0036453116167535454,0.171,2000,0.8089999999999999,franka,0.98
e6892b89a01b4059b505975cbde5c2c4,0.841,2000,seabird,0.003761164230102333,0.9395,2000,-0.09850000000000003,robotiq,0.9395
43b3aa28587f49d8b320d27ef9cd2f6c,0.33,2000,teddy_bear,0.0028239510609491337,0.4685,2000,-0.1385,robotiq,0.4685
aae1df2e73e141c081c92f64595a7d25,0.354,2000,hippopotamus,0.00014549128625091076,0.917,2000,-0.5630000000000001,robotiq,0.917
7b2ab6b48a724f56b2a5fb9a38c5c74a,0.372,2000,mushroom,5.320165039705751,0.737,2000,-0.365,robotiq,0.737
2deaac593a67456990f51e162867a51f,0.808,2000,telephone_pole,0.0329792278208558,0.446,2000,0.36200000000000004,franka,0.808
d48a9b5b03f847539be03868eedd482a,0.8075,2000,speaker_(stero_equipment),0.002503999828584219,0.521,2000,0.2865,franka,0.8075
94d7326dfcde4cef98939973b670f817,0.83,2000,jet_plane,0.9773255474558418,0.521,2000,0.30899999999999994,franka,0.83
d9a81a38147440c8a2ac92a26d62d895,0.8185,2000,chair,0.1273759209968618,0.3925,2000,0.426,franka,0.8185
90e60b55f99c40dda4c9901c950b194e,0.0625,2000,bell,0.15444151224964012,0.1755,2000,-0.11299999999999999,robotiq,0.1755
aeb86b5a9233452a841dcf1882f22547,0.8335,2000,shark,0.0005397478619361964,0.4505,2000,0.383,franka,0.8335
f92489a55882402ea3fb41a6aa5b0fac,0.0,2000,seashell,0.001849714291800569,0.312,2000,-0.312,robotiq,0.312
e98e7fb33743442383812b68608f7006,0.6805,2000,fork,1.878481283042674,0.321,2000,0.3595,franka,0.6805
f32ec9229a8749d1b79245813fbd6c31,0.955,2000,refrigerator,0.020578963544035697,0.852,2000,0.10299999999999998,franka,0.955
0748f751939e438c8b1e9ad4a1711bdb,0.7395,2000,freight_car,5.4069441004191234e-05,0.5405,2000,0.19900000000000007,franka,0.7395
a7c634f099d344a9a33ca040462163cb,0.51,2000,cocoa_(beverage),0.014193792031438841,0.2725,2000,0.2375,franka,0.51
f2aa252f7f444f42812335e15f40d72a,0.0,2000,packet,0.0025045973251391126,0.099,2000,-0.099,robotiq,0.099
2852ac8cf5a04333906a76f163fc0a43,0.5065,2000,cornice,0.0009239840258687315,0.1805,2000,0.32599999999999996,franka,0.5065
e4b78578e26f40ad8ccea282f182c3f2,0.872,2000,chair,0.07177617392055084,0.6495,2000,0.22250000000000003,franka,0.872
fd0408523e0d443ebe0d31a63b3587f9,0.4115,2000,keg,0.0039445927988129405,0.256,2000,0.15549999999999997,franka,0.4115
79c790d6f7d14e20b7afcb0bdc62f869,0.7825,2000,drawer,0.00010934627146010504,0.5015,2000,0.281,franka,0.7825
ea410c2c1ab54f53837f23ee9783f0b1,0.855,2000,snowmobile,0.394447797548598,0.208,2000,0.647,franka,0.855
ec978083c86440279af2f71d7c3151ca,0.698,2000,pretzel,0.014712999165691689,0.4355,2000,0.26249999999999996,franka,0.698
5b8095131eca4914b6dce4e96b290a3f,0.8575,2000,taco,0.007384538775834401,0.722,2000,0.13550000000000006,franka,0.8575
b312c05ff88640f383c4133981f659c5,0.0815,2000,lamb_(animal),0.0014323996449580854,0.2785,2000,-0.197,robotiq,0.2785
72f492e36af5461b91ce066dab70af79,0.859,2000,pocketknife,88.02419843778614,0.4935,2000,0.3655,franka,0.859
abc715989e3b4d3bbf37b1bea9fd04aa,0.578,2000,horse_carriage,0.030191050058398772,0.4995,2000,0.07849999999999996,franka,0.578
3ebfe45ff70a4356aa8381578cd0091c,0.5325,2000,jersey,0.09118049510531086,0.535,2000,-0.0025000000000000577,robotiq,0.535
834d4579731b48b0bf7df45889746487,0.87,2000,cock,0.0010477015455338746,0.6465,2000,0.22350000000000003,franka,0.87
27d97837f8444c9cbaea5f5479341de1,0.718,2000,piano,0.014060500268013835,0.0695,2000,0.6485,franka,0.718
32213bf1847c403d8129588e53075b90,0.709,2000,beef_(food),0.07088444833206746,0.198,2000,0.5109999999999999,franka,0.709
af371a83b24648599936caafdef8506b,0.561,2000,baseball_glove,0.02852368135176139,0.1055,2000,0.45550000000000007,franka,0.561
3173e9d9ec9e4bd184bf59686d08c373,0.557,2000,duckling,0.21716539780639707,0.6205,2000,-0.0635,robotiq,0.6205
833f16e58245472e81ba424e43e2442b,0.241,2000,sculpture,0.02583700548471668,0.101,2000,0.13999999999999999,franka,0.241
582b841b0ad8431ab8d6daa2536f1851,0.848,2000,gravestone,0.009323903570888737,0.464,2000,0.38399999999999995,franka,0.848
5db4a3bc2e7e4150b1eba1a466bcf37c,0.81,2000,scoreboard,0.0006137120262756869,0.28,2000,0.53,franka,0.81
dbb8dec952c0450ba58fb4f75abf86ec,0.482,2000,crib,0.00012222139109034123,0.4905,2000,-0.008500000000000008,robotiq,0.4905
fefb3d5b25cd451390eddc6ac50b2fa8,0.66,2000,futon,0.005523312991230498,0.2345,2000,0.42550000000000004,franka,0.66
654d21dda8654a81b416fad43ce7d353,0.8835,2000,fan,0.002263274904225767,0.5585,2000,0.32499999999999996,franka,0.8835
50ffb91434ea4d978eaefe03220d36fe,0.0,137,apple,0.01790865388713939,0.8015,2000,-0.8015,robotiq,0.8015
8cc779fba519474c877920777c5c7093,0.88,2000,first-aid_kit,0.08728814710984771,0.3005,2000,0.5795,franka,0.88
96350d1e978048fb9d8866c215eb904a,0.9285,2000,pliers,0.001317287211998367,0.5095,2000,0.41900000000000004,franka,0.9285
838a5d653b8f4e06ab73db07848c2f46,0.8785,2000,headboard,0.10142670751530689,0.459,2000,0.41949999999999993,franka,0.8785
865a12da7eac48f5bc483e090441ccca,0.002,2000,water_bottle,0.02198451618849308,0.2195,2000,-0.2175,robotiq,0.2195
8e140fbe354f41a88511c50edf165db9,0.9355,2000,beef_(food),0.0013659074920518862,0.2945,2000,0.641,franka,0.9355
8a0a232e5b7940a1a9bd57eeda05dbc4,0.7215,2000,koala,0.08144421344720708,0.4,2000,0.3215,franka,0.7215
5fefd235b77b4fb0a6bd5db14528d610,0.8805,2000,towel_rack,0.3439509036024509,0.608,2000,0.27249999999999996,franka,0.8805
5248aa117842442980a2a2bbb5f3bfe6,0.724,2000,sink,0.0011926862237776731,0.604,2000,0.12,franka,0.724
706732962b4846f38863bd28c8fbb1f9,0.776,2000,wedding_ring,15.393488678106625,0.226,2000,0.55,franka,0.776
ca8f9202ca184ae2943c100ed25b61cb,0.5615,2000,glass_(drink_container),1.5696016107649635,0.54,2000,0.021499999999999964,franka,0.5615
7d490276b6354542aa63911e02c5f5b9,0.8605,2000,gorilla,0.12853971457622038,0.5305,2000,0.33000000000000007,franka,0.8605
f61f0e0bba004228afd31d3ed3f71818,0.88,2000,water_faucet,0.0006746383225261765,0.6715,2000,0.20850000000000002,franka,0.88
acee2feffdd64389adf9b996f12e6cfb,0.916,2000,figurine,0.009784021814378882,0.9485,2000,-0.03249999999999997,robotiq,0.9485
7b4241e0a1654d3b98ba922778089b14,0.9245,2000,stirrer,0.011246514472658734,0.5085,2000,0.41600000000000004,franka,0.9245
c32c12343e3940d2ad99f702597bcc73,0.4175,2000,alarm_clock,0.9312205802106103,0.4095,2000,0.008000000000000007,franka,0.4175
554f792c26b04058aef4ad7c7d7171be,0.6305,2000,octopus_(animal),0.01852261715348187,0.6135,2000,0.016999999999999904,franka,0.6305
9877ff3358ec47ed8d997803807920d2,0.3105,2000,microscope,0.0505635318390216,0.139,2000,0.17149999999999999,franka,0.3105
59ac1d0775e44b27ba813f45db934d11,0.945,2000,clothespin,0.00023762764826997356,0.327,2000,0.6179999999999999,franka,0.945
6e9adfb45e3248f6ba3a9ad735b2caab,0.881,2000,police_cruiser,0.00756358732236467,0.736,2000,0.14500000000000002,franka,0.881
103b84e866904d69843f8cd3ed11bceb,0.5005,2000,paperweight,0.015586871967641204,0.6605,2000,-0.16000000000000003,robotiq,0.6605
875d6d844ced424bb9eaa5659ef888ac,0.768,2000,radio_receiver,0.0013898655795530803,0.4505,2000,0.3175,franka,0.768
ad1f1a06255c4ca0bf1ed83a16f968a9,0.6325,2000,kimono,0.07747256757170533,0.604,2000,0.02849999999999997,franka,0.6325
8300ee896a4145a89aa3f18cfddccdbb,0.0,2000,can,0.0010625536144654557,0.0565,2000,-0.0565,robotiq,0.0565
f8e824a6234c46979e8c087cf7e480a5,0.0,2,tinfoil,0.001002482779522494,0.0,77,0.0,robotiq,0.0
49b2c79d1efa4ae88c936678d3bebded,0.744,2000,trousers,0.15261006882780673,0.5,2000,0.244,franka,0.744
7bc441e2c6cc4fc0a80a548fa4c68260,0.578,2000,cloak,0.03208014122446398,0.4125,2000,0.16549999999999998,franka,0.578
2712c2ec1ff04f05a25f15b12e27323c,0.0,2000,barrel,0.024168879414762187,0.0165,2000,-0.0165,robotiq,0.0165
ba3d56e0c6b843bdacabfcb4b4f90801,0.973,2000,rifle,0.08868939584158228,0.0235,2000,0.9495,franka,0.973
0aad9dd2a4cf4eb28b87b0e67dc7ec18,0.9395,2000,pliers,0.04006621650453317,0.4115,2000,0.528,franka,0.9395
f9c0755c8c9448f3a643f0e452c6a996,0.507,2000,sculpture,0.04733610662489722,0.444,2000,0.063,franka,0.507
03de8e908cbd4c138f210ddecc10555c,0.777,2000,piggy_bank,0.010021288554810158,0.486,2000,0.29100000000000004,franka,0.777
643e3c77db9c40c5a90f5cb78e3cd6c3,0.006968641114982578,574,bagel,0.0902332100162628,0.0045,2000,0.0024686411149825787,franka,0.006968641114982578
de99e817cbd7449f9238087dd6cdd53c,0.7175,2000,bamboo,0.013338228720379408,0.5105,2000,0.20700000000000007,franka,0.7175
25aae929274d427784e47ae896f46c15,0.9695,2000,cube,0.09201362983710948,0.6,2000,0.36950000000000005,franka,0.9695
000a00944e294f7a94f95d420fdd45eb,0.876,2000,signboard,0.00032627199537618615,0.31,2000,0.5660000000000001,franka,0.876
bfd7866bf34e492fb9674b73f9f0c959,0.882,2000,lantern,0.006582484211121978,0.979,2000,-0.09699999999999998,robotiq,0.979
ef1162eaf3dd4765bd3671da8f3802cf,0.484,2000,pajamas,0.17144871351293883,0.5365,2000,-0.05249999999999999,robotiq,0.5365
daaa3294f19e43549d95a42b4d24e45b,0.035,2000,control,0.02442041715266018,0.274,2000,-0.23900000000000002,robotiq,0.274
1f5e1848def2426389fc1f10bb7091ae,0.9025,2000,mouse_(computer_equipment),0.008061295252966965,0.708,2000,0.1945,franka,0.9025
91cc585647b7453a81e302991017a95b,0.618,2000,mascot,0.01999141080504983,0.6395,2000,-0.021499999999999964,robotiq,0.6395
edccae41b1c64e38953cd7a4078f616b,0.885,2000,knife,0.004328243102198701,0.29,2000,0.595,franka,0.885
4be0a443bc5342ecbba273ce93ab75d0,0.819,2000,dress_suit,0.0002911532642599233,0.5165,2000,0.3025,franka,0.819
a265ca9ff122441590eb653b2e248ea8,0.817,2000,ring,0.007333127217754768,0.6025,2000,0.2144999999999999,franka,0.817
d5018e50d3d645428542c035cfa5d25e,0.8615,2000,hardback_book,0.0008597695660253202,0.079,2000,0.7825000000000001,franka,0.8615
3d9f0a5111224554889ceaae564ae329,0.7985,2000,deer,0.012219977709440288,0.5685,2000,0.22999999999999998,franka,0.7985
126ec2dfb13b49bd9109c9bc61871484,0.143,2000,cone,0.11377112298452513,0.2905,2000,-0.1475,robotiq,0.2905
42a0335c77c34ff3bf08618a168f73ec,0.8055,2000,printer,0.010344395038042863,0.846,2000,-0.04049999999999998,robotiq,0.846
00880e3095534192973a34ba730c45c9,0.0,45,truffle_(chocolate),0.09510363286006587,0.463,2000,-0.463,robotiq,0.463
0815eb999f144886b882cb5e2153f6c3,0.0,245,alarm_clock,0.14621350830487276,0.018282988871224166,1258,-0.018282988871224166,robotiq,0.018282988871224166
301512a7d7b148fc97d901dddf6f6e85,0.902,2000,sweater,0.00010206007934079176,0.4945,2000,0.40750000000000003,franka,0.902
a4cb561a34f8467096b4f8cadbb00ebb,0.956,2000,dog_collar,0.003581119397158608,0.3855,2000,0.5705,franka,0.956
d96e52a67c42478186139b19374d503f,0.0037220843672456576,806,shoe,1.2822247955691282,0.3115,2000,-0.30777791563275436,robotiq,0.3115
2c146683709b44dca0fed8ecc62fc639,0.7585,2000,starfish,0.0010948993463148502,0.2965,2000,0.46199999999999997,franka,0.7585
6d6e6b81b1204e45ba97df35018d561f,0.899,2000,deadbolt,0.0013506636715348167,0.557,2000,0.34199999999999997,franka,0.899
728d11b629494d63a02e01f3353c1b26,0.698,2000,train_(railroad_vehicle),0.4239924658328172,0.5225,2000,0.1755,franka,0.698
7f16c26621d4475a8ae4e2603286a3e1,0.756,2000,seabird,0.07519896063946542,0.5025,2000,0.25350000000000006,franka,0.756
319376f14ac644759cc5f8fae239d6be,0.8095,2000,goldfish,1.316539336938313,0.46,2000,0.3495,franka,0.8095
e52d4aa9a9c44a10b8bc06e708f84285,0.694,2000,radio_receiver,0.00014047762049502685,0.601,2000,0.09299999999999997,franka,0.694
bfe63f27547e42bd96f6de17c40b3a27,0.972,2000,tarp,0.0019495860206538832,0.033,2000,0.939,franka,0.972
4ac4584387fd42fba25086c42148fd6c,0.2795,2000,control,0.03711305009670525,0.355,2000,-0.07549999999999996,robotiq,0.355
ce8e0cb54aec4949848a11bd94b97ae7,0.6645,2000,motor_vehicle,0.000741070375562255,0.544,2000,0.12049999999999994,franka,0.6645
1e387afc6d7443878c310756400dd467,0.934,2000,desk,0.0001434572094448663,0.4735,2000,0.4605000000000001,franka,0.934
bbe25dc27ddd41ba89697250c728be7e,0.981,2000,platter,0.007784788360025331,0.0845,2000,0.8965,franka,0.981
f15cfe5cedc34408a84f41c42550580e,0.984,2000,tapestry,0.10905328920673298,0.043,2000,0.941,franka,0.984
27108f28ad1d4cb7876c2596ee5eda96,0.847,2000,chair,0.10791989405588667,0.5745,2000,0.27249999999999996,franka,0.847
d325e4bc8755423fb4731a4ce6ee6c3c,0.965,2000,button,0.000339863025901877,0.0845,2000,0.8805,franka,0.965
7e1a73208303481f98a39c5117df501e,0.877,2000,sofa_bed,0.0007146796406625619,0.2445,2000,0.6325000000000001,franka,0.877
8aff7359228241b686cc9b4e80bd3c0e,0.9715,2000,billboard,0.003660271909480712,0.0225,2000,0.9490000000000001,franka,0.9715
1675cc74e29f49379771a1799d1bb313,0.563,2000,ski_boot,0.5113959179949158,0.535,2000,0.027999999999999914,franka,0.563
b59a2fd7dcbc439c9607103ea33c36ed,0.9795,2000,wagon_wheel,0.03313866498081569,0.5115,2000,0.4680000000000001,franka,0.9795
a4eee04528ac4e39850c73c9b788544f,0.605,2000,banjo,0.03707324724252679,0.456,2000,0.14899999999999997,franka,0.605
11988638b3104689ab1f4275598f6ff2,0.5545,2000,jumpsuit,0.0014003116244183339,0.3825,2000,0.172,franka,0.5545
5a3fe418fa6740e8a64a81d25e54ea3b,0.823,2000,rifle,0.059253814469399584,0.599,2000,0.22399999999999998,franka,0.823
fe255a26057341099c7139b9d6648e76,0.9315,2000,propeller,0.0008900249802307204,0.4945,2000,0.437,franka,0.9315
57972124483145b4a4bbf4fd4caca6e7,0.1335,2000,flowerpot,0.08481414569179287,0.302,2000,-0.16849999999999998,robotiq,0.302
2391f4ecfdd144bb974f14bd886b600e,0.6455,2000,tights_(clothing),0.26338098741123406,0.4185,2000,0.22699999999999998,franka,0.6455
e7f6ffc0546d47d0862fa3afa1ba1004,0.517,2000,lantern,0.3051443437548531,0.5345,2000,-0.01749999999999996,robotiq,0.5345
6024de0573a147ebb27395d5696fd0ad,0.9085,2000,parrot,0.4353027396048095,0.6985,2000,0.20999999999999996,franka,0.9085
3bde1ab67c6448169b604dedad6828d8,0.846,2000,bicycle,0.1363293521879388,0.465,2000,0.38099999999999995,franka,0.846
0e8e13de412142ceaad8bab60ccc4273,0.8535,2000,propeller,0.038532455872308115,0.45,2000,0.4035,franka,0.8535
57d468f5d1cd4cd6a4bbe8873c7fd088,0.8755,2000,cushion,0.07590138591921171,0.556,2000,0.3194999999999999,franka,0.8755
0918fd7ec53740c1944b122008ee0e77,0.773,2000,gravestone,0.12492140040483707,0.48,2000,0.29300000000000004,franka,0.773
97ca5e587cad446681126ba5b8644d19,0.269,2000,scissors,0.009807026690090525,0.2655,2000,0.003500000000000003,franka,0.269
bb915268fb554d7584854bbc6a670c3b,0.7795,2000,shopping_bag,0.26084157099367494,0.552,2000,0.22749999999999992,franka,0.7795
6c4ad3bf062b4905950a410f503a8d92,0.5275,2000,fireplug,0.143977398778368,0.6955,2000,-0.16800000000000004,robotiq,0.6955
ccea7e2e68c943b6b85cdb93fd9898f2,0.849,2000,chair,0.1610985932381907,0.2345,2000,0.6145,franka,0.849
84777cfc806f40fcaa567c90b0ae8585,0.0,881,dumpster,0.0011765763117624322,0.0715,2000,-0.0715,robotiq,0.0715
450cb265a2124aa7bc45d3a0bc7874d9,0.8765,2000,fire_extinguisher,0.010707688844376013,0.711,2000,0.16549999999999998,franka,0.8765
64cca1f9f2314ba89658aa8213e24258,0.808,2000,wristband,0.004956557849567973,0.599,2000,0.20900000000000007,franka,0.808
bee48f52ffe5407fab1f0f8b206f4424,0.8845,2000,beanbag,0.03547964225947288,0.9985,2000,-0.1140000000000001,robotiq,0.9985
eb017be06cca4ab3bb7008b7164063e9,0.702,2000,tux,0.15679642499653,0.384,2000,0.31799999999999995,franka,0.702
cad7b039ea734aa48942fbef906376e9,0.5055,2000,blouse,0.17617895138324757,0.2665,2000,0.23899999999999993,franka,0.5055
00a1a602456f4eb188b522d7ef19e81b,0.9205,2000,belt_buckle,0.136506212507684,0.1375,2000,0.7829999999999999,franka,0.9205
0e1568f48f744f4ba716ded930926ddd,0.872,2000,bucket,0.3058183629858643,0.4815,2000,0.3905,franka,0.872
bbb8906eecc740b785c6f7b10d96dfb0,0.8685,2000,tiger,0.004312745293915518,0.713,2000,0.15550000000000008,franka,0.8685
e50c186613c94c1c8778e246b178eb2f,0.8245,2000,eraser,0.9553426072733081,0.185,2000,0.6395,franka,0.8245
7f7513f97c30462f9e0a511e0cd6882b,0.925,2000,vending_machine,0.013865405710716849,0.389,2000,0.536,franka,0.925
2c5969f0fa024e9d9629bf91df6c8baf,0.486,2000,vase,0.0009052732603188349,0.586,2000,-0.09999999999999998,robotiq,0.586
c70e8817b5a945aca8bb37e02ddbc6f9,0.852,2000,kitten,0.03135587874171216,0.624,2000,0.22799999999999998,franka,0.852
4f494a27d56f4e2dae3a20d2722df302,0.323,2000,jewelry,1.4962298770031865,0.307,2000,0.016000000000000014,franka,0.323
0b02f77e90994bafa6e2769a21f30c11,0.852,2000,tennis_racket,0.19090086067299897,0.604,2000,0.248,franka,0.852
9337ea6cf4e942359f290c69c77e132d,0.923,2000,bottle,0.0004098326329953228,0.8935,2000,0.02950000000000008,franka,0.923
f7dc5a03936640c3a98f586d0ffab3e3,0.633,2000,clasp,0.0011571018878279939,0.581,2000,0.052000000000000046,franka,0.633
739f6f5fad7b4d29b28d2ef1bfaa5118,0.9705,2000,checkerboard,0.016198603748755654,0.0195,2000,0.9510000000000001,franka,0.9705
7b45769ec16e4575b3fdf3f324f1c471,0.3185,2000,helmet,0.02308458637094596,0.8255,2000,-0.507,robotiq,0.8255
dbe012f1012e4942b23df9747405551f,0.779,2000,Lego,0.12063094572002198,0.6705,2000,0.10850000000000004,franka,0.779
0228adbe91a94b6894e570b26c0dd040,0.663,2000,water_tower,0.0007831752472413306,0.4375,2000,0.22550000000000003,franka,0.663
234f8865dd164f7f8d9739cc8f4828ea,0.917,2000,skateboard,0.2205710040337635,0.335,2000,0.5820000000000001,franka,0.917
a37e20eb85564e9ba21d0569198b20c8,0.7685,2000,cone,0.10946123817903117,0.319,2000,0.44949999999999996,franka,0.7685
440cfd6ead814445baf4e3031efd7d45,0.91,2000,violin,7.554539943559365e-05,0.8875,2000,0.022500000000000075,franka,0.91
f992f2a23baf4eb49b13995a128f9775,0.8265,2000,drone,0.0001529192465513012,0.5475,2000,0.279,franka,0.8265
fd7bae76dffe41bcb6ebdebeab67293d,0.86,2000,snowman,0.01434759076601019,0.499,2000,0.361,franka,0.86
fdb47e3496ef4cf5901313ea76ca23dd,0.666,2000,breechcloth,4.917223402475295e-06,0.577,2000,0.08900000000000008,franka,0.666
5b8d17e2bc1f4deeb4fe5e83a2ca7dc1,0.694,2000,food_processor,0.000656832303364439,0.4305,2000,0.26349999999999996,franka,0.694
3957dbf8d80d44cd8a450c803a048c85,0.672,2000,cone,0.6048637999914499,0.42,2000,0.25200000000000006,franka,0.672
00b267b43669422cbb4ec3a4e9b1c16e,0.962,2000,sunglasses,0.4380342039413795,0.3285,2000,0.6335,franka,0.962
56d7acd7e9eb46a9aae4b048cf4bddef,0.2265,2000,soupspoon,0.14373716617266707,0.056,2000,0.1705,franka,0.2265
df65e2b6c7b04354b3a6f9110b277e56,0.781,2000,tiara,0.0440018080848283,0.818,2000,-0.03699999999999992,robotiq,0.818
2af592496f75432c83448bbcabce2cc5,0.6715,2000,turtle,0.020614562489103032,0.5235,2000,0.14800000000000002,franka,0.6715
cf18e56bfdb048a1b648dd2c4d8acbdb,0.8135,2000,bicycle,0.012375387388996751,0.4285,2000,0.385,franka,0.8135
b542edb18a1d41f9bad314e01bf6f713,0.798,2000,toy,0.5635617321194134,0.5925,2000,0.20550000000000002,franka,0.798
acf0ff0aab2a49f09d6736a9051db82e,0.8865,2000,spectacles,0.00012040281222307083,0.45,2000,0.43649999999999994,franka,0.8865
d6336cbaa64f4a75aa5b51b97a9aae98,0.655,2000,jean,0.07769226248808601,0.347,2000,0.30800000000000005,franka,0.655
d1d7750af5144d1bb7d9fcc66b137c4c,0.7115,2000,bed,0.058043210156308526,0.6435,2000,0.06800000000000006,franka,0.7115
ad6932419796483e8a7c94822fac96f9,0.8635,2000,coloring_material,5.088657090901911e-05,0.7015,2000,0.16200000000000003,franka,0.8635
1b591374cba9494eabcb0dd21dd15ed9,0.4555,2000,motor_scooter,0.04407882869501847,0.4745,2000,-0.01899999999999996,robotiq,0.4745
dc738bd046474bcdb3ab71137d311234,0.3295,2000,statue_(sculpture),0.007855008576642581,0.3025,2000,0.027000000000000024,franka,0.3295
08c13168bb094895ae5a2fce6d3a8e11,0.383,2000,tortilla,0.1435239625489078,0.149,2000,0.234,franka,0.383
eea15a596c8847b791b78c0861dc1a70,0.758,2000,chair,0.018432752312359958,0.748,2000,0.010000000000000009,franka,0.758
703654858927479da6d5bd52c76d1411,0.4025,2000,coin,0.21846659437675803,0.253,2000,0.14950000000000002,franka,0.4025
ae97003dff3d45ac9f17c2b8f3a25398,0.795,2000,cornbread,0.7288546572366764,0.06,2000,0.7350000000000001,franka,0.795
8c5c01c0e2994c1280ddde22dc095004,0.7385,2000,helmet,0.314937696228173,0.808,2000,-0.0695,robotiq,0.808
351df1c34c724196a75f6dabb6ecbd74,0.3765,2000,sculpture,0.010320623551309483,0.3895,2000,-0.013000000000000012,robotiq,0.3895
943e853db20f46f7a413be424b6158bc,0.018,2000,pocket_watch,3.8981245706937135e-05,0.183,2000,-0.165,robotiq,0.183
c9094bfe4777461db55adcd323cceb60,0.9135,2000,chopping_board,0.3651051723894304,0.58,2000,0.3335,franka,0.9135
9b5e18b3fdba4ed096e85626084ce12e,0.122,2000,rabbit,0.04757096080492478,0.3715,2000,-0.2495,robotiq,0.3715
49b5d57469684ded9393eba871854755,0.9275,2000,matchbox,0.021886286693520808,0.794,2000,0.13349999999999995,franka,0.9275
c7448070b8c544608976f47b43a063ec,0.902,2000,compass,1.0470160439112157,0.5165,2000,0.38550000000000006,franka,0.902
33208aa9e5134f76a66329bbd98382a7,0.3495,2000,turtle,13.083482812924412,0.3385,2000,0.010999999999999954,franka,0.3495
584979305dc64cb3bf775562748e5c28,0.857,2000,butterfly,0.0013510704698674702,0.325,2000,0.532,franka,0.857
9afbb678842c4b968b8f6743460df926,0.467,2000,crossbar,0.00019645531451047493,0.264,2000,0.203,franka,0.467
6b9700f7d35e4ddd81b41a70a3c12251,0.804,2000,goggles,0.1726545943002369,0.1735,2000,0.6305000000000001,franka,0.804
2ae2c62ef2434a0d82355c7a90848cf4,0.0,2000,solar_array,2.219938553981755e-05,0.0175,2000,-0.0175,robotiq,0.0175
7d2666198df94a12bd297d4e22f8d22e,0.755,2000,coffee_maker,0.05159424529742939,0.661,2000,0.09399999999999997,franka,0.755
3f7be769c796490ea28fc72c29cdb76a,0.201,2000,stagecoach,0.1375580057382595,0.3525,2000,-0.15149999999999997,robotiq,0.3525
ff622a8042364a46911aa9b67d3be8e5,0.7105,2000,clasp,0.0018277234812923825,0.455,2000,0.2555,franka,0.7105
a1bf5853e3324d5c98d5afd44060f0be,0.8045,2000,puncher,0.0985982868919593,0.378,2000,0.4265,franka,0.8045
02e71acb4e8f4b8ab159f81d0021b925,0.8595,2000,seashell,0.269315561483971,0.1125,2000,0.747,franka,0.8595
2a8e0ad4bee94f7a9e5020aad1864fc9,0.618,2000,baseball_cap,0.10181276558775254,0.513,2000,0.10499999999999998,franka,0.618
4c23af67946046a29a455dd4f4a8300f,0.8315,2000,baseball_cap,3.527728437667587e-07,0.089,2000,0.7425,franka,0.8315
60d3cb0210bf4c2e9c802cf35122116f,0.9045,2000,headset,0.0011812582802605105,0.547,2000,0.35749999999999993,franka,0.9045
41d1fffe051a41ac8956bf73a2a7674b,0.559,2000,kettle,0.001373644417216619,0.0795,2000,0.47950000000000004,franka,0.559
ae9294397cf8445880f25a4f1673023a,0.92,2000,signboard,0.0015126474983800623,0.135,2000,0.785,franka,0.92
8340658f78f5484bb32e797d4235c2b6,0.9885,2000,tapestry,0.10760007404543719,0.049,2000,0.9395,franka,0.9885
30a614e79b2e4c9b8f2b50419cb47622,0.942,2000,watermelon,0.0073333848063510685,0.8985,2000,0.04349999999999998,franka,0.942
ccddc454366b4a8a8459e7b726307828,0.655,2000,boot,0.3326604461706194,0.354,2000,0.30100000000000005,franka,0.655
0c15bf821a7546e7af4af3567a0efbdc,0.3555,2000,cloak,0.20311553872324206,0.45,2000,-0.09450000000000003,robotiq,0.45
2ab1282435fb429ab88b8a88bf9a82f5,0.9315,2000,skateboard,0.0257427016316745,0.437,2000,0.4945,franka,0.9315
d1e36d9d7cd74e0389bab5a8e5aa6402,0.0,1843,puffer_(fish),0.013616653599510876,0.001,2000,-0.001,robotiq,0.001
e5d2f0d496f8451b87c08c432781eaf3,0.0,1554,apple,0.17655847209286318,0.0025,2000,-0.0025,robotiq,0.0025
fbb07535bd5042c38fa1dbc103821254,0.9285,2000,bullet_train,0.00605090967235063,0.616,2000,0.3125,franka,0.9285
73c2a42017a8411fbfc58783b694da9c,0.9415,2000,olive_oil,0.2818579979549189,0.533,2000,0.4085,franka,0.9415
8f9490febf2941b28a1b62d08572d884,0.5945,2000,gargoyle,0.06773425871055404,0.3185,2000,0.276,franka,0.5945
d0de22a6f34e4694b089bab2aebd59df,0.9185,2000,padlock,0.04500319636234053,0.9,2000,0.01849999999999996,franka,0.9185
f533087557cb47549c5e6ab5554005ce,0.129,2000,pancake,0.001318082937991027,0.3425,2000,-0.21350000000000002,robotiq,0.3425
02f0bcfb739e4a0fbb3d8e84db04c920,0.7975,2000,ring,7.777828815659951,0.5535,2000,0.244,franka,0.7975
637c311ac8c246a4b25603047666732b,0.5805,2000,bowl,0.9302265927456815,0.03,2000,0.5505,franka,0.5805
4bf732a8ff1a41539b2a37ed3056fc04,0.020066889632107024,1196,doughnut,0.012301327878611374,0.3015,2000,-0.281433110367893,robotiq,0.3015
c1338e44401949c1be64e6668d38c100,0.444,2000,flowerpot,0.011741921665711023,0.923,2000,-0.47900000000000004,robotiq,0.923
1ab31d73603348c2bcf5ef0b10856730,0.245,2000,triangle_(musical_instrument),0.014652801494147454,0.96,2000,-0.715,robotiq,0.96
fc7d291383a94b48847a71fe9f3fe1ac,0.5875,2000,spectacles,0.016495666830940208,0.2365,2000,0.35100000000000003,franka,0.5875
b6d93d36698d42acb08131f71ace7ff8,0.719,2000,pony,0.013881351463209766,0.538,2000,0.18099999999999994,franka,0.719
e312138c4b0a4375af5daa267213dc8b,0.9815,2000,necktie,5.298773716168674e-06,0.207,2000,0.7745000000000001,franka,0.9815
7a2bba14422d42549c1ab74de258425e,0.452,2000,solar_array,8.676465486853086e-06,0.1595,2000,0.2925,franka,0.452
8891dc71ede1450b9d70ebde1b153822,0.3175,2000,shampoo,0.043429266895937,0.1345,2000,0.183,franka,0.3175
bb8962a66bfd4e8ebc0148c0f30922a8,0.627,2000,blouse,0.001809204295977864,0.3605,2000,0.2665,franka,0.627
f623ab40922944f881caf38d057e5d9d,0.3965,2000,motorcycle,0.009975876857737768,0.626,2000,-0.22949999999999998,robotiq,0.626
bccaad9c6cef4e91a7bbf71666e45745,0.38,2000,jar,0.00013724630999026384,0.232,2000,0.148,franka,0.38
b385666043e243d3993c00b37dcb5645,0.582,2000,futon,0.0005406645669990359,0.642,2000,-0.06000000000000005,robotiq,0.642
78a2afab899842d69630a7c9546c768c,0.6555,2000,cat,0.004391597703861716,0.7235,2000,-0.06800000000000006,robotiq,0.7235
d5816da876f14df89d4b5f0f65d19a55,0.0,2000,beer_can,0.0037961126055904852,0.003,2000,-0.003,robotiq,0.003
dc076b86ee754e3898a81fb881ce26f1,0.563,2000,radio_receiver,0.2972173712186622,0.2165,2000,0.3464999999999999,franka,0.563
04eeb41058c64a039ce777800cd22580,0.7155,2000,corset,0.022476654354649447,0.4415,2000,0.274,franka,0.7155
f5b7cc3364024823ab9a580a969a2274,0.4225,2000,spider,0.05283047238951801,0.484,2000,-0.0615,robotiq,0.484
6f3da1f0a2ad48ebb038e186702ac183,0.968,2000,solar_array,0.00013956913851902031,0.349,2000,0.619,franka,0.968
b90d61ca1e5a42a0b1da6c53191dcf09,0.9175,2000,stop_sign,0.009836426803035455,0.439,2000,0.4785,franka,0.9175
c3d42b5b89d141b3b33c29bc34b44717,0.9005,2000,pliers,0.0017955545768840986,0.4245,2000,0.476,franka,0.9005
9867dbe105ff4e47a4a896e45f7ec194,0.667,2000,shark,0.001457881833524535,0.33,2000,0.337,franka,0.667
2fbb3739ebea4a68b7898460dd6445cf,0.5505,2000,pet,0.3995298435856695,0.503,2000,0.04749999999999999,franka,0.5505
8d9975ce684745489f526b4b2ccaf349,0.877,2000,cylinder,0.3168354951254826,0.149,2000,0.728,franka,0.877
c9351c81ccd142b399148305d67ac6d7,0.001,2000,sausage,0.00026145977832316977,0.1685,2000,-0.1675,robotiq,0.1685
70ca81fe6f1546efabbfdbe5cfe81955,0.014557670772676373,893,pop_(soda),0.15188909068463216,0.6735,2000,-0.6589423292273237,robotiq,0.6735
447e705daa514615b4d6dadab722e8e1,0.6215,2000,dog,0.0024541244201179446,0.528,2000,0.09350000000000003,franka,0.6215
0c5888ecaa4d43b880a7cbcc564bd3e1,0.8795,2000,jumpsuit,0.06671234512177472,0.602,2000,0.27749999999999997,franka,0.8795
aaa32a77caed4aef956a1ef560973810,0.7575,2000,chinaware,0.0795618378926255,0.5065,2000,0.251,franka,0.7575
e0c4a54d889647d29e689164a062afca,0.8855,2000,pizza,0.05457123491282888,0.821,2000,0.0645,franka,0.8855
505cd7c1f05442b1b5ba6fd2a8ed3dea,0.856,2000,chair,0.1234084782579838,0.4645,2000,0.39149999999999996,franka,0.856
77458bde70b94001b6ecc5a8893e8d59,0.716,2000,balloon,0.002987400713156395,0.038,2000,0.6779999999999999,franka,0.716
9b526e5788a043a6835309ac2b64ddaa,0.621,2000,goldfish,0.0010988037116404416,0.448,2000,0.173,franka,0.621
a76ec87524214428ad0190ed4e761f0e,0.5155,2000,coaster,0.0018785958626021527,0.3505,2000,0.16499999999999998,franka,0.5155
a0bb73338995462ebbdd4b11057773d3,0.847,2000,eraser,0.00208709065360187,0.409,2000,0.438,franka,0.847
37f45e6f90ac4f59bffd207406faeb47,0.339,2000,monkey,1.7813310728203383e-06,0.552,2000,-0.21300000000000002,robotiq,0.552
2803c3d1e17b4ca69b16670f73773a76,0.2435,2000,dress_hat,0.07189238743522186,0.16,2000,0.08349999999999999,franka,0.2435
45a86fd4b50c4228b5863709266246e5,0.9575,2000,fireplace,0.12508951648095937,0.2655,2000,0.692,franka,0.9575
bace206257854cfa86bdbdc14dffc67e,0.9315,2000,lightbulb,0.031764784747121154,0.888,2000,0.04349999999999998,franka,0.9315
c6d505d7002741bb97170d3c9462ebd7,0.915,2000,egg_yolk,0.00026065675402817503,0.7515,2000,0.1635000000000001,franka,0.915
605fd72c8a5847e3b8e0270aacbfd64e,0.6815,2000,pencil,0.0009363625471660685,0.3985,2000,0.283,franka,0.6815
c5ec411a756541e3b45fc28f2223665a,0.774,2000,cayenne_(spice),0.026490972366343044,0.397,2000,0.377,franka,0.774
b8fed189a84741a0827b1006ba003a94,0.9185,2000,fan,0.00021048202868477201,0.5225,2000,0.396,franka,0.9185
d0e07b22f1d54b968943e7a896235a65,0.64,2000,snowman,0.0007411511005639538,0.2455,2000,0.3945,franka,0.64
2342f5af61484b3cb9b342ab5d2e30be,0.6835,2000,flowerpot,0.0009349430607338778,0.523,2000,0.16049999999999998,franka,0.6835
22603320c8274778ae15fbf5c3738f02,0.958,2000,shield,0.0016968591293541537,0.1145,2000,0.8434999999999999,franka,0.958
80a0f58dcb604405869637c8387f5d36,0.933,2000,television_set,0.011774212945730065,0.965,2000,-0.03199999999999992,robotiq,0.965
80382232802446e09d91b452b5198a05,0.944,2000,sunglasses,0.10813819009418965,0.3935,2000,0.5505,franka,0.944
64161445a879461792aadf95d95b03e7,0.716,2000,sombrero,0.0013826832658284445,0.45,2000,0.26599999999999996,franka,0.716
4f051ab415dc4ce4ad81ae5f99da477a,0.004,2000,bear,0.06803042090184867,0.301,2000,-0.297,robotiq,0.301
d04114e38bf24254b66263a3f28ce13f,0.867,2000,tag,0.011840513460971121,0.362,2000,0.505,franka,0.867
3af23931d6a44fdb8cfff1d381562220,0.9535,2000,binder,0.0778496066259499,0.512,2000,0.4415,franka,0.9535
0818c2f50c46492187ef6da98f527f3b,0.8805,2000,music_stool,0.10521925157958939,0.514,2000,0.36649999999999994,franka,0.8805
e14456d485ef4dff85107c69e0044c08,0.6485,2000,piano,0.18278857210866364,0.585,2000,0.0635,franka,0.6485
1f7154b30f7b4137a6c92d831db9d7cd,0.7665,2000,koala,0.12230982364411776,0.6325,2000,0.134,franka,0.7665
bb2e0c6de4a84bbf908e7ddd053e1fea,0.8325,2000,hog,0.008175192366609903,0.999,2000,-0.16649999999999998,robotiq,0.999
7454d35729114dd2a8abfe8594891ece,0.866,2000,lantern,0.1029200314882562,0.6365,2000,0.22950000000000004,franka,0.866
e4ce372b7b7f44c2b1ac991c65b47aba,0.2685,2000,steak_(food),0.323946636039229,0.353,2000,-0.08449999999999996,robotiq,0.353
f0fafe31662f453c845bdbb3d4e58cfc,0.8465,2000,helmet,0.5291902212080606,0.167,2000,0.6795,franka,0.8465
f513c2d96ca74042b07373c672138442,0.788,2000,chalice,0.09806274749561945,0.66,2000,0.128,franka,0.788
721c70b175674aad93d742ff8812b512,0.8395,2000,mug,0.0018509440345698916,0.882,2000,-0.04249999999999998,robotiq,0.882
54372e592c3a4342b705111fcbc4caab,0.0405,2000,tractor_(farm_equipment),0.16680579188668312,0.179,2000,-0.13849999999999998,robotiq,0.179
420eda3b8e6b4bbe8993ecc7548cb326,0.9605,2000,salmon_(food),0.09401938510465482,0.0485,2000,0.912,franka,0.9605
a77f888bac654f8191442e74f0db4e7a,0.0,20,beanbag,0.002563752054627366,0.0025,2000,-0.0025,robotiq,0.0025
1f6ee73edf1b4dbe9ceb40daae3951fc,0.4325,2000,handbag,0.007623464971231875,0.3845,2000,0.04799999999999999,franka,0.4325
85e7cd0d4d0f4c99adf9dd0ca9761dd1,0.8715,2000,joystick,2.2101705126818265,0.4385,2000,0.43300000000000005,franka,0.8715
091031aeaf3f41b7bc0b9d8b682e5f54,0.626,2000,monitor_(computer_equipment) computer_monitor,0.03863555292401887,0.1465,2000,0.47950000000000004,franka,0.626
6c7dfd2484c347029b36075b59312e4a,0.5865,2000,antenna,0.008160360477243628,0.5285,2000,0.05800000000000005,franka,0.5865
b31c02e554f74ab68aa8610334c744c3,0.277,2000,fighter_jet,7.630048466725472e-07,0.2535,2000,0.02350000000000002,franka,0.277
8a983b17bc484fedbc1ead6eb61b55b5,0.725,2000,stove,0.11544596349103298,0.057,2000,0.6679999999999999,franka,0.725
b3546bdd1edb4a06bf54e201f7d50083,0.7905,2000,nailfile,1.60962597190579e-05,0.264,2000,0.5265,franka,0.7905
dedb1824608f420c9803ef8df51a3713,0.6415,2000,camera_lens,0.0037443820719839996,0.93,2000,-0.2885000000000001,robotiq,0.93
e304748a4d704299bb1c37bb6f8cf40e,0.094,2000,wet_suit,0.08294709781365756,0.268,2000,-0.17400000000000002,robotiq,0.268
35e48613dd7a4dddb27e7cc2e106fd5c,0.9205,2000,snowman,0.0001019652394696607,0.122,2000,0.7985,franka,0.9205
66739a7b7270425badbb02529e512dfb,0.0935,2000,handbag,1.7957270416010886,0.2055,2000,-0.11199999999999999,robotiq,0.2055
b0c3025929054f11af9b576363ca0f8a,0.939,2000,passenger_car_(part_of_a_train),0.0039646089177409775,0.7755,2000,0.16349999999999998,franka,0.939
a243598d57854dacbe61eec2e960eff6,0.9645,2000,space_shuttle,0.012126118698448434,0.0645,2000,0.9,franka,0.9645
a212dcd1c71a462bbc0705648515ddf3,0.905,2000,Lego,0.0019253004132265977,0.37,2000,0.535,franka,0.905
62a09b0a7c094e5585f2057d64ee31f9,0.412,2000,piano,0.12025991488773531,0.335,2000,0.07699999999999996,franka,0.412
0eb1d373ab604bcd97981fe8244da71f,0.951,2000,bracelet,0.5965599839744413,0.5585,2000,0.39249999999999996,franka,0.951
a57504f70f6240a080b0f86ac1197aea,0.382,2000,wagon_wheel,0.00011105823700164232,0.64,2000,-0.258,robotiq,0.64
0615e51e32a045608b31218f92b9ed35,0.884,2000,wagon_wheel,0.00019568508769866633,0.4575,2000,0.4265,franka,0.884
b99c584dd11d4691b5d13303383371e5,0.27,2000,flowerpot,0.00121138520167332,0.0655,2000,0.20450000000000002,franka,0.27
62c4c63a13ef4b549c277aac52fe278c,0.942,2000,sword,0.010090831584377234,0.362,2000,0.58,franka,0.942
154bfbd39541425c974e6c6ea6815a49,0.579,2000,microphone,0.08907753839140929,0.2195,2000,0.35949999999999993,franka,0.579
7534d22f047c49acace85ddeccceef50,0.714,2000,sportswear,0.144756770752595,0.3205,2000,0.39349999999999996,franka,0.714
09a76b3eb3174185b76cb04d3338d0ce,0.4675,2000,pony,0.19749813946263298,0.406,2000,0.0615,franka,0.4675
e54dc0a9e57345b691d1b5f66f3a49aa,0.8565,2000,antenna,0.45481671680418095,0.5585,2000,0.29800000000000004,franka,0.8565
d41bf6e274044c5b8d2646f7b489d5b7,0.0,102,pumpkin,0.30227150970076966,0.09407665505226481,287,-0.09407665505226481,robotiq,0.09407665505226481
ef49dbd0632143a38d3a200c8a73a844,0.984,2000,coin,0.0011100927844078807,0.005,2000,0.979,franka,0.984
9da061dbf64e4a5a8cc6f538a84a373e,0.855,2000,earphone,0.0012052033447113085,0.776,2000,0.07899999999999996,franka,0.855
735a4bb2afda4318ab7f7d69005f53ab,0.8185,2000,kitten,0.0460493202916861,0.6385,2000,0.18000000000000005,franka,0.8185
e70b7558c605496ca192838c1ba42187,0.6875,2000,jeep,0.0002612115312853128,0.527,2000,0.16049999999999998,franka,0.6875
c50e844108c04a45814303e8e7be3bf3,0.404,2000,boot,0.0378723909611401,0.4635,2000,-0.0595,robotiq,0.4635
9fb734fd8aa94d079258008ff0376bba,0.9695,2000,earplug,0.020601249851301306,0.88,2000,0.08950000000000002,franka,0.9695
74fd2496e44a4c5fa91d5c1aa4eba64f,0.6025,2000,monitor_(computer_equipment) computer_monitor,0.003345570856107468,0.153,2000,0.4495,franka,0.6025
1f8dd1f5353942a190bc4654336a0ac2,0.9635,2000,dog_collar,0.0015199141869225612,0.508,2000,0.4555,franka,0.9635
d8a0fb1dc6d04c81aa1cccd1eae9cc06,0.716,2000,birthday_cake,0.07616479465372171,0.479,2000,0.237,franka,0.716
0120ebb40850427ca7e409ef2ad26ec7,0.332,2000,pony,0.17819035313147213,0.39,2000,-0.057999999999999996,robotiq,0.39
6fce663938a24cb99d19dd28f946ecc5,0.5225,2000,egg_roll,0.0025324083669595186,0.2595,2000,0.26299999999999996,franka,0.5225
529b2d908c8840209c578dd25b67b977,0.538,2000,notebook,3.2544137775523527,0.0305,2000,0.5075000000000001,franka,0.538
c1ae123c3aa345bdb4c4649ba0efdbc0,0.785,2000,scarecrow,0.07420720613904909,0.3315,2000,0.4535,franka,0.785
d63ecfc224ae44368cdca10db35304c4,0.3171875,1280,shoe,0.01115348531821109,0.294,2000,0.023187500000000028,franka,0.3171875
669323bcc4544890947260a45f91dc4c,0.7385,2000,armoire,0.002968146953842673,0.5475,2000,0.19100000000000006,franka,0.7385
a8805d4ce9aa4d239e5455243555f09c,0.63,2000,blanket,0.0009697291886902905,0.4095,2000,0.22050000000000003,franka,0.63
a9a7aab6a54748bca8496fb06eced203,0.1005,2000,tachometer,0.36009034187651795,0.151,2000,-0.05049999999999999,robotiq,0.151
21b1445e34ec4d0ab75758779e502137,0.7725,2000,teakettle,0.20553627883437714,0.89,2000,-0.11750000000000005,robotiq,0.89
0a654e016f6141e582a3ef76a1eedc09,0.984,2000,checkerboard,0.05981408434206687,0.025,2000,0.959,franka,0.984
57d5b09cf38b4dab99c97e25bac7760c,0.9225,2000,clock,0.015942816610424394,0.6645,2000,0.258,franka,0.9225
16171d58cb2c482299544c4bc3f59bdc,0.961,2000,poster,0.1102449247966888,0.0665,2000,0.8945,franka,0.961
3521f4c1efd644d8aba4cac2268a3fe8,0.9695,2000,joystick,0.00032061147561093236,0.3385,2000,0.631,franka,0.9695
6d677dc282b84728b9b7e39cb38309c9,0.6165,2000,lawn_mower,0.02620128705353387,0.616,2000,0.000500000000000056,franka,0.6165
8e076ba031bb4969930dc8e49d35668d,0.966,2000,cherry,0.05950738362974225,0.817,2000,0.14900000000000002,franka,0.966
05d390d260054519be59659d5404d940,0.916,2000,clock_tower,0.006014693984172993,0.55,2000,0.366,franka,0.916
e4659471c596418dbe64e2f6801ac1c2,0.6775,2000,melon,0.06801022079983932,0.4205,2000,0.257,franka,0.6775
39f9e1bc93ac4308a92e5ee5fce412dc,0.7395,2000,rhinoceros,0.0003444863057041757,0.69,2000,0.0495000000000001,franka,0.7395
0bd89d55caf9413a8a9c28e401fe2ee0,0.2495,2000,bulldozer,0.00029440642879871327,0.412,2000,-0.16249999999999998,robotiq,0.412
19123e0abf254c4e9e14d1a6368c80ce,0.7425,2000,school_bus,0.027475305955132884,0.532,2000,0.21050000000000002,franka,0.7425
e147326b60954b94a72138443c16017a,0.3105,2000,headboard,0.027670422075250348,0.51,2000,-0.1995,robotiq,0.51
2d6489d925dc4fd4ad828b04c8553674,0.9235,2000,birdcage,0.021555071245905683,0.269,2000,0.6545,franka,0.9235
e2f1c33deff644488e436601fae278c0,0.731,2000,elk,0.037881296034560495,0.4765,2000,0.2545,franka,0.731
e9f172506e914e3c9f1f958839a7757a,0.68,2000,canister,0.000612035261091595,0.759,2000,-0.07899999999999996,robotiq,0.759
ab29b0d3386549ea948568a07fb18d3a,0.021,2000,police_cruiser,0.02412588265106467,0.366,2000,-0.345,robotiq,0.366
0d408468ddb94f06917ef88f7690ea61,0.971,2000,baseball_bat,0.03361760123007209,0.3295,2000,0.6415,franka,0.971
208e1de6721e439cbb1666ec9a6517e5,0.907,2000,projectile_(weapon),0.0011702803017461076,0.534,2000,0.373,franka,0.907
f3bfb333728f425aa67b8d20244c46ed,0.891,2000,flag,0.036173872595805824,0.3405,2000,0.5505,franka,0.891
fd6ed7720d974309a90723a6caf83876,0.7345,2000,bullhorn,0.048089111023393076,0.757,2000,-0.022499999999999964,robotiq,0.757
1b722d6e4d0c42e5b90cf324a7ce5caa,0.5605,2000,rhinoceros,0.00016658148541909238,0.5635,2000,-0.0030000000000000027,robotiq,0.5635
47a0b404e6664be0bb16efdc46a0b883,0.0,710,monkey,0.9889147008419905,0.01795142555438226,947,-0.01795142555438226,robotiq,0.01795142555438226
f8e67bafae6f4f38a45619edf080b8c8,0.5795,2000,necklace,0.018168925490576512,0.363,2000,0.21650000000000003,franka,0.5795
d03cc899ce1841938451f6c155f38242,0.8235,2000,cufflink,0.4300812670730288,0.476,2000,0.34750000000000003,franka,0.8235
791a73b17d7e40a4957e7c0df360e5a3,0.8995,2000,platter,0.4853358630053968,0.251,2000,0.6485,franka,0.8995
a90fd116b4b1485196eb3996f301b130,0.3875,2000,watering_can,0.09322754444595656,0.498,2000,-0.11049999999999999,robotiq,0.498
f1d9ac89b732426a91ca29d5e76b83c8,0.0,213,lightbulb,0.0014899752913194138,0.629,2000,-0.629,robotiq,0.629
46da6b4b3a8e439e9192c76ca12fb176,0.864,2000,barbell,0.029366617442004826,0.4125,2000,0.4515,franka,0.864
26ddd2c0c3484510bd5b6c4ca7a4bed0,0.0,1180,beer_can,1.4879811738830317,0.3465,2000,-0.3465,robotiq,0.3465
03655628d8154d5cbddc522c25e6ee50,0.9225,2000,waffle,0.0904041343839427,0.043,2000,0.8795,franka,0.9225
51593e90dde84b52a57d5ffa7320b69c,0.873,2000,camera_lens,0.5187543740664771,0.839,2000,0.03400000000000003,franka,0.873
c3e36457c888481b936157249079ffdf,0.984,2000,first-aid_kit,0.2539839336869406,0.678,2000,0.30599999999999994,franka,0.984
385492df8d0e4cc885f5f419962a1e9f,0.006,2000,baseball,0.00038690673853138564,0.5475,2000,-0.5415,robotiq,0.5475
691d0e4cb6a1409ea72d960d0ab144ea,0.941,2000,eggplant,0.011700526881116858,0.8855,2000,0.055499999999999994,franka,0.941
ca86dbfc734a49cd9c26c71c96961f99,0.875,2000,bunk_bed,0.07023166732222239,0.225,2000,0.65,franka,0.875
df139869b8ff4fe790304ed9137dd1c6,0.39,2000,crescent_roll,0.04541990189057856,0.5895,2000,-0.1995,robotiq,0.5895
1e1a09dadac84a70a330b93ca500c84d,0.425,2000,fireplace,0.006975002772255363,0.487,2000,-0.062,robotiq,0.487
9eb9d52b34f74e2c81925de28c0ef68d,0.0,2000,dog,0.027202830935949062,0.6965,2000,-0.6965,robotiq,0.6965
90a518f8e38e4b019dd79b4945d0890c,0.826,2000,steak_knife,0.0062456291841091515,0.642,2000,0.18399999999999994,franka,0.826
b9b8b6aebfd146b8a11f840b2f8d0cca,0.2075,2000,boxing_glove,0.007020359676780426,0.512,2000,-0.3045,robotiq,0.512
5800b532c1fe444f92f9d53172b72c28,0.72,2000,camera,0.0134576729248183,0.6105,2000,0.10949999999999993,franka,0.72
7b81d73516774445a3dc152e2a9be402,0.04918032786885246,1098,watermelon,0.0006245539857492062,0.9595,2000,-0.9103196721311475,robotiq,0.9595
6ff9808e734644b6a925e25aa87ec17a,0.7615,2000,kennel,0.020229166943862186,0.2585,2000,0.5029999999999999,franka,0.7615
57f74d6a8e334b78af143ad7eee99921,0.0,825,videotape,0.04019503347902041,0.0045,2000,-0.0045,robotiq,0.0045
43eeb9c97402418ba0e5902b3a22980a,0.904,2000,antenna,0.00010105162124060061,0.422,2000,0.48200000000000004,franka,0.904
0292d54e8bce4543a739ea2973dc9e4d,0.952,2000,dollar,0.07261562621993774,0.33,2000,0.6219999999999999,franka,0.952
32a4f80a37104b8480f5679f08816d59,0.885,2000,notebook,0.0015005198928485753,0.184,2000,0.7010000000000001,franka,0.885
9a11723f3e0446c2870187cb7e5a9328,0.5805,2000,martini,0.026704605589078237,0.7715,2000,-0.19099999999999995,robotiq,0.7715
77db12d188504505a9209de1bef076ab,0.894,2000,pliers,0.020599642020158973,0.416,2000,0.47800000000000004,franka,0.894
53027aadf795411e9ec8f59e491e06ca,0.6265,2000,bunk_bed,0.03658843558146567,0.266,2000,0.36049999999999993,franka,0.6265
67abff7459f34afca11e3effab62c761,0.77,2000,sheep,0.8001657589961256,0.5225,2000,0.24750000000000005,franka,0.77
ce52621fd0a44c019a9369215df8f593,0.6595,2000,sculpture,0.08785146858740212,0.5095,2000,0.15000000000000002,franka,0.6595
673d364a96024e0f9cd6b2d7fb3d82d2,0.7125,2000,shark,0.015332476560557853,0.5165,2000,0.19600000000000006,franka,0.7125
a9596681996b4b0fa316565dc0658202,0.094,2000,kitten,0.06448690266193853,0.3185,2000,-0.2245,robotiq,0.3185
379fce5503cc43ff930875b3e68e4193,0.251,2000,lamb_(animal),0.02897443880811153,0.3485,2000,-0.09749999999999998,robotiq,0.3485
e51c441a781d474d83b44b7dd3f6eb32,0.69,2000,chalice,0.8980464496236874,0.381,2000,0.30899999999999994,franka,0.69
38135087cae94516a7a2d48fc8904624,0.873,2000,stool,0.0024036598726289867,0.2585,2000,0.6145,franka,0.873
ce61f81b34c747459f61b528d8967820,0.9835,2000,penny_(coin),0.5490134873764688,0.014,2000,0.9695,franka,0.9835
d076b147c2214633bb1e821895093039,0.913,2000,atomizer,0.0010738596906005153,0.414,2000,0.49900000000000005,franka,0.913
d01638ec3ce84ee6bba501a755558ccc,0.921,2000,musical_instrument,0.13463259796426416,0.571,2000,0.3500000000000001,franka,0.921
1ec220e0d5f74d82896b703f14c76642,0.7965,2000,penguin,4.813801502196303,0.5315,2000,0.265,franka,0.7965
2b9647630abf468a8b69a91c1fd5a315,0.555,2000,leather,0.003012314024708719,0.4255,2000,0.12950000000000006,franka,0.555
551ea772aabc44e0b240ebc564a0e2d8,0.6565,2000,armor,0.09122211765873134,0.547,2000,0.10949999999999993,franka,0.6565
0a98459ea48546b480eaa3c80f8bc748,0.922,2000,binder,0.03911587860132978,0.1065,2000,0.8155,franka,0.922
426df8949d354a1495ac40a1bf76c1b7,0.9445,2000,drumstick,0.001711496225899063,0.8935,2000,0.051000000000000045,franka,0.9445
2493ab01f58f44f3bc5feb25b8f12418,0.0,228,balloon,0.0007227310094937598,0.419811320754717,424,-0.419811320754717,robotiq,0.419811320754717
6023c6badaa646fb936218f77eb4de11,0.457,2000,faucet,0.007652685218787114,0.326,2000,0.131,franka,0.457
c858b13b32a94b4f973e96966c8657d1,0.8115,2000,sponge,0.015064058170880959,0.544,2000,0.26749999999999996,franka,0.8115
2f149a27338641b19e89f9de47253e55,0.66,2000,microscope,0.00034260307726943247,0.717,2000,-0.05699999999999994,robotiq,0.717
48016ceb77654dd7af9cd699148afecd,0.0005,2000,Christmas_tree,0.12727219423651212,0.142,2000,-0.1415,robotiq,0.142
7cecb07724f44b23b4ae6117f3e21888,0.7005,2000,tag,0.00878862702946829,0.207,2000,0.49350000000000005,franka,0.7005
0c4ab7620efe4d3fb3d298661673f39a,0.6155,2000,duffel_bag,0.002506226745570208,0.5745,2000,0.041000000000000036,franka,0.6155
89f2ff51b5b2431a94e57a5c11002749,0.393,2000,kettle,0.1372089085849733,0.323,2000,0.07,franka,0.393
6511cf11970e465bb9a488853d23cd82,0.0,596,plastic_bag,0.15496640380678092,0.0010706638115631692,1868,-0.0010706638115631692,robotiq,0.0010706638115631692
e1b84e5b2f774b94a96ef8e5d8f39b4c,0.907,2000,tank_(storage_vessel),0.10483306382591444,0.402,2000,0.505,franka,0.907
8cb30e472fda43788ca754aac2d42541,0.874,2000,notebook,0.0006537116565993403,0.1845,2000,0.6895,franka,0.874
a3a2d6300e954690acb64f93462526dd,0.566,2000,cappuccino,0.9373403128392228,0.246,2000,0.31999999999999995,franka,0.566
e4a6e3a9d12a4a609c490ddd96c79113,0.817,2000,wedding_ring,0.0056368071730986645,0.4135,2000,0.40349999999999997,franka,0.817
3224038611c94142bf382861ee816119,0.8535,2000,stool,0.20035939750479903,0.2945,2000,0.559,franka,0.8535
1373eb3da7ac4d80b8b5418a562c2217,0.8845,2000,stool,0.0006474420059623624,0.511,2000,0.37349999999999994,franka,0.8845
fe68abfc31a149e1803422f511152b10,0.8995,2000,trunk,0.01740617932241577,0.2775,2000,0.6219999999999999,franka,0.8995
a17054d5f5e24c129a81d72e48e3fd65,0.874,2000,notebook,0.007137366413471899,0.074,2000,0.8,franka,0.874
78846598affe4f4fac791ec46db4485b,0.0005,2000,tennis_racket,0.005009220995290496,0.0,2000,0.0005,franka,0.0005
027745f8b9fd44d0aedcfe814c8f6bd1,0.9055,2000,rifle,0.08595588674589033,0.4135,2000,0.492,franka,0.9055
d9a913f6827c4337a666af1256cf10c6,0.903,2000,windmill,0.006967084832761294,0.3315,2000,0.5715,franka,0.903
5da32137611346eebf4125ce518a76fd,0.1735,2000,plate,0.0099802762254021,0.0135,2000,0.15999999999999998,franka,0.1735
926c66525d50495eab76d7b915ce0967,0.8245,2000,dish_antenna,0.08828474916037753,0.4315,2000,0.393,franka,0.8245
7de77265cd6c4a07af7eaf3896153ed7,0.532,2000,dress,0.2467502947407349,0.5025,2000,0.02950000000000008,franka,0.532
171f26d365da4772aaa64d6726ffc37d,0.552,2000,headlight,0.0436161269571676,0.4395,2000,0.11250000000000004,franka,0.552
4aceb967b02242f8a3c5e8effe2f3376,0.952,2000,pocketknife,0.024218070176463418,0.5085,2000,0.4435,franka,0.952
032ccef2632146c59f1db8f55d3ba88b,0.047,2000,dog,0.21480406858990067,0.2385,2000,-0.1915,robotiq,0.2385
4d8187534458455f99fa4d9b327aacd2,0.892,2000,ring,0.01582163492279548,0.235,2000,0.657,franka,0.892
6e6984811b3c4e9ea5fd16e1fa47517e,0.9065,2000,shield,0.019986911084040743,0.0715,2000,0.835,franka,0.9065
73bda35b6e7a499a80427fc1b049b192,0.237,2000,sink,0.004213587407170718,0.207,2000,0.03,franka,0.237
3079f5cc61ea4acb9bdc3d304025b3e2,0.797,2000,futon,9.853082059910685e-05,0.375,2000,0.42200000000000004,franka,0.797
41d7a4b0881548b197a36cb810023b07,0.2155,2000,lion,0.037787962974458515,0.4465,2000,-0.231,robotiq,0.4465
d32372f93ded475f9de2e3f9d6ea727b,0.7715,2000,rat,0.14795341732504935,0.4715,2000,0.3,franka,0.7715
8fb78c44545a4391b5c0da6865a93249,0.906,2000,pliers,0.0001769443538208447,0.403,2000,0.503,franka,0.906
5e0d899bfed9431b8c1e59b9b541dc90,0.662,2000,elk,0.005470741872946226,0.785,2000,-0.123,robotiq,0.785
809f3456a353498299d508c171aa6274,0.847,2000,soup,0.09985256179580311,0.8625,2000,-0.01550000000000007,robotiq,0.8625
c5a7b31800b84827bdee0425853d207e,0.2455,2000,pickup_truck,0.0017557559791750725,0.381,2000,-0.1355,robotiq,0.381
7c3bcfc6b9dd4dbaa9cd888701f36c0b,0.9395,2000,pistol,0.00015557284686391128,0.516,2000,0.4235,franka,0.9395
2a3bc6ddaee84bdeb64b1ccadf497e5f,0.749,2000,screwdriver,0.001649574960250122,0.1785,2000,0.5705,franka,0.749
0684851262924daf9f1ff70c54e94b5e,0.795,2000,guitar,0.010126194623671833,0.5475,2000,0.24750000000000005,franka,0.795
3296240a02274c3eafc4122ef053e123,0.941,2000,lab_coat,0.10132383860464865,0.513,2000,0.42799999999999994,franka,0.941
69cd0639a33945ec824b33ef3bf401ae,0.5365,2000,bicycle,0.0015995943908727885,0.3805,2000,0.15599999999999997,franka,0.5365
63cdb278c4984c72bc7c65431e6130ba,0.3515,2000,cooker,92.88043827115173,0.2565,2000,0.09499999999999997,franka,0.3515
ee5604b40e6740c29b5b67a384994d67,0.5945,2000,hog,0.024388724391922977,0.6915,2000,-0.09699999999999998,robotiq,0.6915
a80cc0557213489395d6ff1fab0a1daf,0.484,2000,colander,0.00013631869127758183,0.3895,2000,0.09449999999999997,franka,0.484
bfab6897007245ed93f31f354f47812e,0.8565,2000,music_stool,0.011060006526669101,0.698,2000,0.15850000000000009,franka,0.8565
e5cd149f7ca34a94a2704500d4d1bcfc,0.8255,2000,monitor_(computer_equipment) computer_monitor,0.05336664043371727,0.626,2000,0.1995,franka,0.8255
6e4cc39012504c99b7841314f2218e0e,0.069,2000,microwave_oven,0.0005696968651430763,0.226,2000,-0.157,robotiq,0.226
d08e7fdbe549402b8fe08ede21f9aadf,0.821,2000,seahorse,0.0003196644100292128,0.6195,2000,0.2014999999999999,franka,0.821
6e444e52e656441d82394022f27053c4,0.002708192281651997,1477,barrel,0.05230217826329999,0.593,2000,-0.590291807718348,robotiq,0.593
aea0971e7f4c45759c7981c4f301eab3,0.8885,2000,toilet,0.06718931978376591,0.8725,2000,0.015999999999999903,franka,0.8885
a79995916d8d4a2a903640edb92433af,0.284,2000,mask,0.00915852482491167,0.2305,2000,0.053499999999999964,franka,0.284
e0a06c44e2f741d498bba083e07e9038,0.755,2000,phonograph_record,0.001039532298343956,0.357,2000,0.398,franka,0.755
b843c63d853a4b788a6a6b1aad4b2c15,0.8055,2000,chair,0.00274281136506227,0.4025,2000,0.40299999999999997,franka,0.8055
0742747082804e1bb1ae49f44c5d6eb6,0.8715,2000,seabird,0.13537150954486243,0.5055,2000,0.3660000000000001,franka,0.8715
3fb85943c20248079bca650c9634fc6b,0.6155,2000,spider,0.024515238615563963,0.447,2000,0.16850000000000004,franka,0.6155
85e85f3581a24e7a96ad46de2c2fed64,0.889,2000,helicopter,0.009672020301999422,0.5045,2000,0.38450000000000006,franka,0.889
e6523b411d4b403ba3a2d018c051e65f,0.0,18,sugar_bowl,0.10423634699965739,0.0,27,0.0,robotiq,0.0
2f1d5156e76a42bf935dcae0aadf2839,0.8425,2000,barbell,0.10853353670214443,0.633,2000,0.20950000000000002,franka,0.8425
b57100a0a1754af9addd4fec9566ceb6,0.9455,2000,icecream,0.001981576279889198,0.5095,2000,0.43600000000000005,franka,0.9455
c6ce26d2134a47feafea39004ed54887,0.9045,2000,spear,0.11758949769962655,0.394,2000,0.5105,franka,0.9045
2ca7b3f063284089a12225a3a5ce671e,0.6085,2000,chaise_longue,0.1128325201383381,0.3645,2000,0.24400000000000005,franka,0.6085
be775135995c4734972317dea2c0593b,0.0825,2000,seashell,0.00819023607561508,0.111,2000,-0.028499999999999998,robotiq,0.111
a76bd38f0af1422d96add0d9606e5fee,0.0,392,cash_register,0.011198994215844872,0.213,2000,-0.213,robotiq,0.213
0e3e6cf6a7ee41e9af1f398da518c5ef,0.4215,2000,ferret,2.0435473990313624,0.5315,2000,-0.10999999999999999,robotiq,0.5315
e93c2f81e708496e8f778a48103091dd,0.9725,2000,pool_table,0.0027650479064527966,0.2065,2000,0.766,franka,0.9725
af7730ac43514bdc84249d4ebb2f8ee9,0.9485,2000,cassette,0.02263872864520864,0.7755,2000,0.17300000000000004,franka,0.9485
cf0c100d3ee44371ada969cfba5af34f,0.361,2000,seashell,1.8979259940262858,0.3485,2000,0.012500000000000011,franka,0.361
8fc797d63d574f8db310de3b657a41b5,0.7605,2000,oil_lamp,0.03798003995891047,0.83,2000,-0.0695,robotiq,0.83
93ad19db34bc49a0b7acc24e7a5a22fd,0.828,2000,mug,0.0037427406759393423,0.9055,2000,-0.07750000000000001,robotiq,0.9055
97c1780b06f7429aa80132bf5b9c40e8,0.963,2000,bulletin_board,0.026876282361419233,0.3485,2000,0.6145,franka,0.963
d4050a2ab7814f4a83ef4b065f007f28,0.615,2000,silo,3.8693048896387404e-05,0.749,2000,-0.134,robotiq,0.749
b811f79494b048cbb91b17a7387b0dce,0.397,2000,cock,0.001662443113020678,0.181,2000,0.21600000000000003,franka,0.397
a906c3a72029477885e27e0df6ee611d,0.7165,2000,dirt_bike,0.0013009378327635862,0.5095,2000,0.20700000000000007,franka,0.7165
76b745f45775493e87f7f9f24382c208,0.717,2000,spectacles,6.389523255708647e-09,0.3525,2000,0.3645,franka,0.717
680e090566ae4ae9841e6e3ae5a5cebf,0.6635,2000,water_cooler,0.21382250779378245,0.3875,2000,0.27599999999999997,franka,0.6635
814781ac1f334f1e915200d30374529d,0.855,2000,boat,0.00018032260550662985,0.051,2000,0.8039999999999999,franka,0.855
a6e99776c35645c5b11e03a753f7c3e7,0.221,2000,police_cruiser,0.020018678391793915,0.3855,2000,-0.1645,robotiq,0.3855
8d8a9be757154b29872d959b598f059c,0.9175,2000,eggplant,0.06161336705142817,0.115,2000,0.8025,franka,0.9175
b4540c3c4127483d896f4bf7fc4c6b0a,0.9,2000,dragonfly,0.006785390933798614,0.4785,2000,0.42150000000000004,franka,0.9
5fc166b5dde54a4e908da332410d3cde,0.6175,2000,bathrobe,0.0008908840740161092,0.5715,2000,0.04600000000000004,franka,0.6175
55e93491b9b44b5bb6e91e001262d58f,0.4105,2000,duckling,1.7206495671861102,0.304,2000,0.10649999999999998,franka,0.4105
e458cf96b19e4b6fac25433e1808ac10,0.846,2000,cocoa_(beverage),0.06698367132338712,0.218,2000,0.628,franka,0.846
ee0074e0761e48b0979eae887c3375ea,0.637,2000,giant_panda,0.0010256342685384234,0.9205,2000,-0.2835,robotiq,0.9205
894c12a93c3f454a870e68868e6d99b4,0.806,2000,life_buoy,0.00304112051793362,0.295,2000,0.5110000000000001,franka,0.806
99d6bc041c9d4f56ab414b771e14474c,0.714,2000,book,0.5504730310751796,0.2945,2000,0.4195,franka,0.714
de6311900fdb4f20982d06e318ba57d3,0.8915,2000,ring,5.877955745564944,0.4975,2000,0.39399999999999996,franka,0.8915
fd6eb6cff0a44166a4d57a7287182a41,0.0,656,blueberry,0.0006182965247690737,0.2397899649941657,1714,-0.2397899649941657,robotiq,0.2397899649941657
b0e88b2e8245410480b813c2cdade739,0.3625,2000,television_camera,0.02404581248122422,0.4,2000,-0.03750000000000003,robotiq,0.4
72a1ef08a5c341b3886a4c08bd3e4184,0.5505,2000,chocolate_bar,0.002074909031802902,0.656,2000,-0.10550000000000004,robotiq,0.656
ec29364b59b244b59c7c048ed6f7f0ed,0.868,2000,trunk,0.00863978832067694,0.5215,2000,0.34650000000000003,franka,0.868
1038b32756a8443397bc55473d404958,0.592,2000,chicken_(animal),0.008221562600727535,0.5535,2000,0.03849999999999998,franka,0.592
c2f81e3dad9b454ca88e4e0a6dcbec31,0.838,2000,mixer_(kitchen_tool),0.00015657567388896714,0.592,2000,0.246,franka,0.838
10e6b7479e564950aef2f6b6bdf5fca5,0.8755,2000,skewer,0.001119392776694918,0.657,2000,0.21849999999999992,franka,0.8755
f89ef1454832489290156a8bd8ffcbc0,0.8175,2000,cup,0.011857119688794862,0.172,2000,0.6455,franka,0.8175
639a0f3c67764d0d9847ba8982de93b8,0.057,2000,birdhouse,0.03905433535955359,0.6755,2000,-0.6184999999999999,robotiq,0.6755
b8db8dc5caad4fa5842a9ed6dbd2e9d6,0.7145,2000,falcon,0.0035653340759808773,0.535,2000,0.1795,franka,0.7145
9b27119fda9c4c128d8abbb057c60550,0.2145,2000,seashell,0.0048452783326081526,0.2715,2000,-0.05700000000000002,robotiq,0.2715
b561a183b1dc49359d43aaeeb305dce5,0.7765,2000,flap,0.021770006316245982,0.676,2000,0.10049999999999992,franka,0.7765
18278d96dee944bdaeb875d55d863792,0.8125,2000,award,0.0008753470367351724,0.7015,2000,0.11099999999999999,franka,0.8125
2faa80cfd86a4af785c25ef632dc4309,0.749,2000,race_car,0.0007385737998471123,0.491,2000,0.258,franka,0.749
cadc1e7d00f54cbeb14e0beb3b1a2e7f,0.502,2000,dress,0.03937459426045807,0.5695,2000,-0.0675,robotiq,0.5695
2ce6e525975344a58485e8d8e192844e,0.081,2000,goldfish,0.00046820755259685374,0.2895,2000,-0.20849999999999996,robotiq,0.2895
58549fe473ea4ffa9c1788c1b21b8a84,0.872,2000,chair,0.002946936576465597,0.5235,2000,0.34850000000000003,franka,0.872
080ac3024b6243aead9171030161c95c,0.842,2000,pastry,0.0008069884463669035,0.297,2000,0.5449999999999999,franka,0.842
e27337ce96d74b12b2ae1a5b1a127b9c,0.842,2000,motor_vehicle,0.014431588952564783,0.919,2000,-0.07700000000000007,robotiq,0.919
98bcb3989faf45ac82a51a3ad7771476,0.954,2000,handkerchief,0.2516700705757544,0.1575,2000,0.7965,franka,0.954
4d3f1c2044814320af551030c3bf0e9d,0.771,2000,octopus_(food),0.0009975881454548654,0.461,2000,0.31,franka,0.771
b72d3b0536da4a68ae306bb6e1bc7617,0.9475,2000,fire_engine,0.007966950650642644,0.008,2000,0.9395,franka,0.9475
f51306c13cd14d38bdcd7a31d8804bfb,0.86,2000,water_bottle,0.03156092290715594,0.574,2000,0.28600000000000003,franka,0.86
4755b0df84d64b93900ae7e9c9b7c395,0.682,2000,igniter,0.0004952691186742122,0.422,2000,0.26000000000000006,franka,0.682
7de8bbd813cc4387b31271826706b123,0.0,2000,cider,0.05091242023681029,0.578,2000,-0.578,robotiq,0.578
86bc7207cbe34ab787bf5a0cd66b988a,0.864,2000,jacket,0.056274688813574156,0.53,2000,0.33399999999999996,franka,0.864
9fdefa464e9044dca5fb5ce5d2aad4dd,0.749,2000,elk,0.006913437914830798,0.595,2000,0.15400000000000003,franka,0.749
95f76beed697414c80e0771010c6e194,0.2855,2000,necklace,0.00014802378695215606,0.2275,2000,0.05799999999999997,franka,0.2855
bef0f699a5374ca1a8fe8e27fb77788a,0.3215,2000,typewriter,0.008640234941163828,0.057,2000,0.2645,franka,0.3215
2af2dcc7d1684a40814309d04ca62e4d,0.2695,2000,turban,0.0014177418914004946,0.4505,2000,-0.181,robotiq,0.4505
9f701549bf134f0f8b733a4b30f5f1f0,0.8235,2000,convertible_(automobile),0.18926054303955817,0.8275,2000,-0.0040000000000000036,robotiq,0.8275
96467926442342eab2c797de0ed80e6a,0.874,2000,soupspoon,0.21717731306545773,0.269,2000,0.605,franka,0.874
ed295b0261434d6b90a71ea85b7ff9d0,0.615,2000,bridal_gown,0.015037036954160971,0.4865,2000,0.1285,franka,0.615
61ca2677b5b8477fa7d2ce815651030b,0.491,2000,giant_panda,0.11553660899605397,0.4725,2000,0.018500000000000016,franka,0.491
c600b853268249bdb9dd59bac7ead0b9,0.845,2000,jumpsuit,0.00099629915166948,0.5955,2000,0.24949999999999994,franka,0.845
e20daea8ee954218802c677a3a7d82e2,0.8995,2000,pop_(soda),0.007733375891937472,0.98,2000,-0.08050000000000002,robotiq,0.98
30990ba94fa2430ea5973dccd98c0148,0.8355,2000,bow-tie,0.04526800799677844,0.627,2000,0.20850000000000002,franka,0.8355
e5a6262588814c91b796de8b44b7f757,0.9235,2000,can_opener,0.7557112762610226,0.644,2000,0.27949999999999997,franka,0.9235
b1d3d3a8edda4d52ae9019d2150e7bb8,0.751,2000,pickup_truck,0.0001530789135173509,0.534,2000,0.21699999999999997,franka,0.751
efd6c0746ba94f26a53d5d820ba635ff,0.8965,2000,ring,0.005814768803134017,0.595,2000,0.3015,franka,0.8965
f6f3eee2d418463bbab1abe93e274d60,0.982,2000,hammer,0.00257453009063646,0.4565,2000,0.5255,franka,0.982
39473a913949427192800a44b05d9048,0.9105,2000,rifle,0.058343252652849856,0.511,2000,0.39949999999999997,franka,0.9105
696950080d3d41ccae64838c2feee3c1,0.949,2000,card,0.05859528535992385,0.3775,2000,0.5714999999999999,franka,0.949
85db5ae7d74c4d0ba690db265f28ad72,0.822,2000,ostrich,0.0009796893471968402,0.604,2000,0.21799999999999997,franka,0.822
f80d955d56e44e358b92f671229420dd,0.745,2000,birdfeeder,0.004952692956748206,0.7635,2000,-0.01849999999999996,robotiq,0.7635
3cd01b9f9ced4e509e3180378b666e22,0.8905,2000,flagpole,2.852436758522068e-05,0.432,2000,0.45849999999999996,franka,0.8905
6176a661fc1540539c981188987efe42,0.8115,2000,television_camera,0.009107295180993095,0.946,2000,-0.13449999999999995,robotiq,0.946
f45b0d0154ad4abf814b05e55ede0c60,0.791,2000,goldfish,0.1090530479883051,0.5225,2000,0.26850000000000007,franka,0.791
3bf2dd8224ee42e8ac9b77033e604d15,0.944,2000,coat_hanger,0.6545163860592351,0.3955,2000,0.5485,franka,0.944
90cfde2775c04ec48f9bafd98131e808,0.0,2000,pitcher_(vessel_for_liquid),0.011249403977364335,0.5085,2000,-0.5085,robotiq,0.5085
45fccda8e74a4127b6a5c660dd1a86dd,0.7785,2000,satchel,0.03596416452880362,0.739,2000,0.03949999999999998,franka,0.7785
abdca2ced413486b9c943111621d6f39,0.465,2000,boat,0.07822970755093243,0.5665,2000,-0.10149999999999998,robotiq,0.5665
da15b92a3a584a8387036ff688391d45,0.9065,2000,gameboard,0.13632581960043458,0.0255,2000,0.881,franka,0.9065
187b8c3f1bf14305a96c056bbcd29b46,0.5115,2000,space_shuttle,0.9351815601276657,0.4815,2000,0.02999999999999997,franka,0.5115
f3a651badc5846c4bd3c25f88d363a3d,0.561,2000,chair,0.05960195185343393,0.559,2000,0.0020000000000000018,franka,0.561
0349c93a75174dce821f05648aff5aa6,0.5545,2000,broccoli,0.08586010372710749,0.966,2000,-0.4115,robotiq,0.966
7877d497ddcb45a5ba501b91e5e15700,0.9295,2000,spectacles,0.002750736304800353,0.228,2000,0.7015,franka,0.9295
362cbe01dc734766927b2f4b50547a58,0.9415,2000,cone,0.0012275894212636427,0.125,2000,0.8165,franka,0.9415
169bf1da19c342069c42c31728122224,0.6415,2000,blouse,0.0016978065545581484,0.47,2000,0.17149999999999999,franka,0.6415
db274c475e0048b2b491b1c116483b70,0.8305,2000,lamppost,0.09349618145654097,0.56,2000,0.27049999999999996,franka,0.8305
39926e9feabf415ba64e9898ee68c476,0.427,2000,doughnut,0.014773556188505012,0.26,2000,0.16699999999999998,franka,0.427
bfa718fff3044541a3694863c3bf9c89,0.5865,2000,brussels_sprouts,0.38511952115847414,0.5655,2000,0.02100000000000002,franka,0.5865
84ffce6116784c82b19708986b6b015d,0.776,2000,pop_(soda),0.011166223393796665,0.422,2000,0.35400000000000004,franka,0.776
f21a39ed702b4d6eb6ad043a63e351bd,0.2855,2000,chocolate_cake,0.00048466088829209313,0.2055,2000,0.07999999999999999,franka,0.2855
727aee60dd2141fda9a26026a772e387,0.9775,2000,sushi,0.022401961003894875,0.686,2000,0.2915,franka,0.9775
1951c38f91b24a3ebc0da743f7da7605,0.8345,2000,tiara,0.00833783417636618,0.315,2000,0.5195000000000001,franka,0.8345
fed532fdd0904552b3f3624ec7ad7fed,0.8735,2000,notebook,0.025545268786053187,0.0345,2000,0.8390000000000001,franka,0.8735
ba355e12b7264777874e47c20d19d363,0.792,2000,ring,0.004060624834231746,0.648,2000,0.14400000000000002,franka,0.792
c8ff5e2bb2fa45e8aa18ebd16495168c,0.94,2000,passenger_car_(part_of_a_train),0.0006366986475690782,0.852,2000,0.08799999999999997,franka,0.94
b5097eeb96b34ef3a3ead5f2561043fe,0.979,2000,lightbulb,0.00040150024089067134,0.9825,2000,-0.0035000000000000586,robotiq,0.9825
775b43fe44a045c58fadaae42ab710c3,0.182,2000,fireplug,1.615230279773689,0.3125,2000,-0.1305,robotiq,0.3125
e9fe70b8fc094d26a08bb4b8c1c37518,0.5395,2000,Band_Aid,0.10318749937028504,0.4105,2000,0.129,franka,0.5395
b636c0b27abf4aa79e6a04748d1ebce8,0.9855,2000,coin,0.0074008502160113985,0.154,2000,0.8315,franka,0.9855
f87d3692c8d14861b4b16a184aa9030d,0.8345,2000,wristlet,0.0034720956927938545,0.6305,2000,0.20400000000000007,franka,0.8345
7d067512aadc42e1802e37a6a501689a,0.3165,2000,dress,0.007174299192971022,0.51,2000,-0.1935,robotiq,0.51
ef49359e6cee4679859f70831d07c3e6,0.694,2000,cooking_utensil,3.416627489761623,0.346,2000,0.348,franka,0.694
d2e2be34be9347cd854a34fa85487123,0.6135,2000,taco,0.020116151906030888,0.59,2000,0.023500000000000076,franka,0.6135
d0ac86d260254fcd9c8804918f88b8de,0.8995,2000,tights_(clothing),0.15350678119124805,0.4715,2000,0.428,franka,0.8995
1135c1a68c7a4ce9a547aec182823f9c,0.794,2000,dog,0.023479843061379683,0.57,2000,0.2240000000000001,franka,0.794
55f695dca3f444f29e07314634fa1b85,0.005,2000,apron,0.8865470769466799,0.0,2000,0.005,franka,0.005
307666f827cb41278cefbdd3c8da03c1,0.8485,2000,wineglass,0.12082212948894853,0.5485,2000,0.30000000000000004,franka,0.8485
f09eff1f6a794b9ca92a2587404125d9,0.8705,2000,lasagna,0.03923928552856954,0.03,2000,0.8405,franka,0.8705
81edb063ee4f4a4cb844b71894a85bf4,0.798,2000,mirror,0.003303723825274925,0.086,2000,0.7120000000000001,franka,0.798
d52be89d681e4d669e3c7f0397de470f,0.3885,2000,toilet,0.19642630075964565,0.3665,2000,0.02200000000000002,franka,0.3885
a37e58a611d64f678834416bf2a4f107,0.9015,2000,first-aid_kit,0.0025411990449666372,0.0275,2000,0.874,franka,0.9015
2e9530070d5a42e58e2c923154adbacd,0.074,2000,seaplane,2.007268335788009,0.0685,2000,0.005499999999999991,franka,0.074
0da7a740994e47418e6bec9010fbca0a,0.6845,2000,nut,0.039726929659279285,0.998,2000,-0.3135,robotiq,0.998
c3fc90e2a86240cdb82c06808bb4296d,0.711,2000,cymbal,0.005201794476832847,0.602,2000,0.10899999999999999,franka,0.711
bfbf6cde4a8d4ca399df04f6862d5dff,0.048,2000,monitor_(computer_equipment) computer_monitor,0.020763931035029996,0.6605,2000,-0.6124999999999999,robotiq,0.6605
337164386e0448219a79d1fd7a5a7ab5,0.9125,2000,fork,0.0013180813003799013,0.3565,2000,0.556,franka,0.9125
ebab3c3800554ecc992205159a24479f,0.9325,2000,dragonfly,0.021323009675097118,0.371,2000,0.5615,franka,0.9325
dca771ce34eb4d21879a489eca6c4882,0.855,2000,chair,0.1059367226662255,0.6685,2000,0.1865,franka,0.855
4d1b5d90372641778c4eee6cf0d88a57,0.7515,2000,stagecoach,1.1625316417848717e-06,0.367,2000,0.38449999999999995,franka,0.7515
548362a5ab6f4c8e8fda42143172614e,0.386,2000,shield,0.0011005906629337862,0.4845,2000,-0.09849999999999998,robotiq,0.4845
404abcc8b80349e0b6971b73ed360fd7,0.397,2000,teapot,0.052561009555007504,0.7925,2000,-0.39549999999999996,robotiq,0.7925
4141ca05b3bd4faca7e249e10641117b,0.9715,2000,dishtowel,0.021924095491336903,0.336,2000,0.6355,franka,0.9715
c6becc6bb6ed4919b6818fd3c26165e6,0.954,2000,wristlet,0.022731238023950513,0.3685,2000,0.5854999999999999,franka,0.954
c60c660948374590af6763d7254a59cc,0.5595,2000,gondola_(boat),0.0006281191955565706,0.4925,2000,0.067,franka,0.5595
e08828678dab474baac6ecd120fa0b3c,0.1885,2000,cone,0.002366727791411042,0.075,2000,0.1135,franka,0.1885
746c0a8916184b14890df5900359c7c9,0.82,2000,calculator,0.019421046551546174,0.309,2000,0.5109999999999999,franka,0.82
975bf43d39fd4440aafa511aa85c4693,0.9025,2000,checkbook,0.9488477079139259,0.081,2000,0.8215,franka,0.9025
04c4eebf6c894efc9b627fa453c4d917,0.9255,2000,crisp_(potato_chip),0.014862919306305466,0.7005,2000,0.22499999999999998,franka,0.9255
05a4c8fccea2443f8bc67e4b3152e056,0.721,2000,armoire,0.001264782114441459,0.2895,2000,0.4315,franka,0.721
3c3f5bfb98284924a70cf410ab532bc9,0.6455,2000,fedora,0.08718047672921855,0.169,2000,0.4764999999999999,franka,0.6455
1f5091add97a4d94a9e9eb339b5b587a,0.9275,2000,wrench,0.0026725453596248712,0.502,2000,0.4255,franka,0.9275
7b396d705487454da467cc590654c9ff,0.8895,2000,police_cruiser,0.01594038078712371,0.9095,2000,-0.020000000000000018,robotiq,0.9095
436c3cc7778d49ada714c4f4df894445,0.9355,2000,rifle,0.0003307890911711439,0.404,2000,0.5315,franka,0.9355
6d62ed07472e4e0ca4ad132b60a18753,0.59,2000,lampshade,0.012124360083675813,0.636,2000,-0.04600000000000004,robotiq,0.636
b9619b2832414d54ad59786f008a41ea,0.781,2000,heron,0.437426618169005,0.2585,2000,0.5225,franka,0.781
70d78705ad7749d5b25d0f54850ccfc7,0.6555,2000,figurine,39.65484914146826,0.491,2000,0.16449999999999998,franka,0.6555
e86de1f3f4e14bdeb2535cc476dfb1d7,0.0745,2000,birdhouse,1.010910057395248,0.1565,2000,-0.082,robotiq,0.1565
5bc467cfa9d14408867db9af17e128c5,0.5645,2000,chandelier,0.00034740603605253983,0.436,2000,0.1285,franka,0.5645
335c1625295544df98584bfb5c3664e4,0.6935,2000,chair,0.0737164909095683,0.6655,2000,0.028000000000000025,franka,0.6935
a2c7c8916c234d2aaca58423fef01c5b,0.3685,2000,Christmas_tree,0.02953122416614768,0.4175,2000,-0.04899999999999999,robotiq,0.4175
17b2119223214b969c4dbe178fd80015,0.9345,2000,blackboard,0.00055038021341388,0.2425,2000,0.692,franka,0.9345
c6abbb83c7b14acfa39859900873d8a2,0.0505,2000,pinecone,0.036108270947432665,0.4115,2000,-0.361,robotiq,0.4115
202828523d24472b9a309ac3bbed9a17,0.86,2000,tripod,0.026748429895688906,0.565,2000,0.29500000000000004,franka,0.86
b2f9c198e30043f09170fa4eef12733a,0.774,2000,armor,0.0005767370403842147,0.297,2000,0.47700000000000004,franka,0.774
40d6a071eb5f48809f115b8335228557,0.266,2000,flower_arrangement,0.24518729390618096,0.9365,2000,-0.6705,robotiq,0.9365
9192bd2690894998aa7ff04abaedcc6e,0.792,2000,carrot,0.03459017202370586,0.5425,2000,0.24950000000000006,franka,0.792
a21eb6c8b84a4cfd87cb979bcaece64a,0.784,2000,coverall,0.013580992594884631,0.5815,2000,0.2025,franka,0.784
f870d9c7f18a46f8ae386ae94cc87121,0.743,2000,hamburger,0.035257794956783946,0.5375,2000,0.20550000000000002,franka,0.743
6d459af223cb46c8a78923a19538c5c0,0.91,2000,table,0.004324487131532824,0.339,2000,0.571,franka,0.91
00b3fc08c5084e4ca2b705575fae4463,0.1135,2000,sword,0.04629121583415754,0.202,2000,-0.08850000000000001,robotiq,0.202
ff03127865b24b1fb55bf58c4ae698f6,0.908,2000,bus_(vehicle),0.07891214899355993,0.248,2000,0.66,franka,0.908
dbac7c1a1a5f4b79a1cb8bdacdd42aff,0.917,2000,frying_pan,0.00028489382847793256,0.5055,2000,0.4115000000000001,franka,0.917
47140dafc57b4cb387346ff633319b57,0.8385,2000,mask,0.052328913466440634,0.088,2000,0.7505000000000001,franka,0.8385
bb93b2f4aff94c588fab83acc7166225,0.768,2000,monkey,0.10018960542906442,0.5935,2000,0.1745,franka,0.768
dc490319b1fb4bba90b73467c1673a54,0.673,2000,chicken_(animal),0.005487402548816501,0.567,2000,0.1060000000000001,franka,0.673
59453ed7e25c44468b3e7bcd788dae4f,0.8735,2000,crown,0.00029164275715907984,0.2325,2000,0.641,franka,0.8735
79d222cb22b244858d0e5694d19bf640,0.0,2000,gemstone,0.0007043182935067554,0.5525,2000,-0.5525,robotiq,0.5525
55cdf60e26db4f3d9f693282404c07f3,0.1705,2000,wolf,0.001447259849789012,0.695,2000,-0.5245,robotiq,0.695
ef545e6268cd463fb5c23b277242cf69,0.716,2000,tights_(clothing),0.00035540142410131833,0.434,2000,0.282,franka,0.716
7a5b5f516881457a941937fc667fc61d,0.6035,2000,shark,0.006072164974256266,0.514,2000,0.08950000000000002,franka,0.6035
c68b01fc33a7464599d47915cacf9abe,0.803,2000,harmonium,0.2806401614552565,0.388,2000,0.41500000000000004,franka,0.803
808576397a6143f695e84fa32194066f,0.576,2000,blouse,0.0006148235764948611,0.4635,2000,0.11249999999999993,franka,0.576
e7415a59aaec40edba7a0eb32057fd03,0.8325,2000,wineglass,0.01888083021566113,0.2455,2000,0.587,franka,0.8325
dcb017d573b845ff90ababb4532fcb99,0.446,2000,gorilla,0.19691460118671192,0.3755,2000,0.07050000000000001,franka,0.446
b6c404b9a7814023a4cccd91403e8472,0.777,2000,motorcycle,0.00700455829261391,0.5405,2000,0.23650000000000004,franka,0.777
ac36a0f342c34129965a2f5891232617,0.9005,2000,business_card,0.00021575766754300212,0.5195,2000,0.381,franka,0.9005
9820c165e450447b8b3d5060b3f5194e,0.945,2000,zucchini,0.3841956088762061,0.924,2000,0.020999999999999908,franka,0.945
50f1425f4a5a49fa929a78b34d190626,0.9115,2000,bottle_opener,0.017509750740258498,0.439,2000,0.4725,franka,0.9115
5a7229d68d66455087205806af4b4558,0.6575,2000,washbasin,0.00040657796685525014,0.2295,2000,0.42799999999999994,franka,0.6575
b0c0c9c65d06443c87391134a62e2287,0.935,2000,coffee_table,0.06009081428290074,0.555,2000,0.38,franka,0.935
bd96a4cb636b4f29ae0102534ee2310f,0.7725,2000,muffin,3.9497831259618836,0.9895,2000,-0.21700000000000008,robotiq,0.9895
06f26c0afd10487ab66c448a04543110,0.0015,2000,drawer,0.4788219187257212,0.172,2000,-0.17049999999999998,robotiq,0.172
7e44ec220d0e4c8b8901aa16e5523bf8,0.0,88,timer,0.15658285034292663,0.0185,2000,-0.0185,robotiq,0.0185
a820c3cc463a4ee49b87e1e9a4029abc,0.4945,2000,passport,1.1253915830113086,0.1375,2000,0.357,franka,0.4945
1bc786bf78a34e7cad0b559fb7391a47,0.3375,2000,teddy_bear,0.5949369500880244,0.5375,2000,-0.19999999999999996,robotiq,0.5375
f51877efa703411092451b97bdbc04b1,0.2295,2000,motor_vehicle,0.024650652533382177,0.135,2000,0.0945,franka,0.2295
b2b5272e7ed5470ca8652b6923d9b396,0.74,2000,parakeet,0.1590972021860122,0.567,2000,0.17300000000000004,franka,0.74
cee9536c923e4c118eec59851699f26a,0.896,2000,wall_clock,0.06979543096756663,0.297,2000,0.599,franka,0.896
b650d390186d4524b93f5fedf2e5067b,0.236,2000,convertible_(automobile),0.30244419952513363,0.102,2000,0.134,franka,0.236
4d659e1b1f5246e9af65e93f21d08774,0.759,2000,mascot,0.015147177536290513,0.892,2000,-0.133,robotiq,0.892
1d2ebf65afec4f80a3c0df8d8d1f3e4d,0.805,2000,cooking_utensil,1.0971345123561096,0.2915,2000,0.5135000000000001,franka,0.805
72c2056449a5411683286d2c3ed29083,0.277,2000,scarecrow,0.001324066991218254,0.093,2000,0.18400000000000002,franka,0.277
805f2a9e50f84c52ad68c379e4366429,0.93,2000,pizza,0.10368249048401473,0.5165,2000,0.4135000000000001,franka,0.93
4f50931fcc2a4c3cbc7121f420680613,0.849,2000,sword,0.00034859923191727846,0.345,2000,0.504,franka,0.849
2e18c6e3cba04a01a42dde6e26da833d,0.9415,2000,frisbee,0.0018649475065704228,0.2535,2000,0.688,franka,0.9415
1f9d06cc32ac42d79f2f658327ade425,0.9215,2000,flowerpot,0.001980858017178107,0.832,2000,0.08950000000000002,franka,0.9215
e17f4ab5adcd43a8a2e88601fc21f4ee,0.97,2000,beer_bottle,0.03909070459917375,0.947,2000,0.02300000000000002,franka,0.97
a69b7b9b000041bc89a9e076e8891679,0.1375,2000,grizzly,7.320160471579875e-05,0.521,2000,-0.3835,robotiq,0.521
ddfbc802f6cd4f11a58226c37e2fd4da,0.9485,2000,condiment,0.008311206331811694,0.205,2000,0.7435,franka,0.9485
8a8ecd1fdb1d41b9aa9d7da1c75f0d95,0.9195,2000,armchair,0.11097934387763773,0.546,2000,0.37349999999999994,franka,0.9195
b958f90f18ee472282bc14a0407598aa,0.8925,2000,ladder,0.07107214180602728,0.7145,2000,0.17799999999999994,franka,0.8925
93007ba4a91b4700a792d42505857d5a,0.945,2000,knitting_needle,0.10922385071054831,0.1265,2000,0.8185,franka,0.945
99ced425ec264d95ae00b29581d3ee1e,0.542,2000,polar_bear,0.0052158618221513015,0.409,2000,0.13300000000000006,franka,0.542
8327c239c4eb41c2aaedf3a3fd682fcc,0.4105,2000,cake,0.003752750698448876,0.3805,2000,0.02999999999999997,franka,0.4105
2b6e59b4a4cb4a49955c3dca60a63992,0.924,2000,bat_(animal),0.08691948775470254,0.312,2000,0.6120000000000001,franka,0.924
c46ffa8daf9049e2b854482d3747c14c,0.599,2000,penny_(coin),1.281804284188435,0.0135,2000,0.5855,franka,0.599
3947e79b43e74fba9425b25b68440a75,0.904,2000,fighter_jet,0.0003189812143298176,0.262,2000,0.642,franka,0.904
34d438b4d0d94e63b8ffea3ef0398d51,0.748,2000,wrench,1.6637641713798081,0.422,2000,0.326,franka,0.748
094e79ef6fd844dd97f2389564b48bd0,0.8135,2000,shield,0.007726871931322712,0.327,2000,0.4865,franka,0.8135
302a5d1194464b71b840e643b6abb0d8,0.6695,2000,kitchen_sink,0.0878925900466645,0.3715,2000,0.298,franka,0.6695
db75d586f08348d7a8602c18e165c8a1,0.9665,2000,broom,0.0003100766717767703,0.5835,2000,0.383,franka,0.9665
49df2c0e64404ddf88cec156aec68389,0.969,2000,tricycle,0.00428654914712083,0.035,2000,0.9339999999999999,franka,0.969
02d7b885896042af8e1cd16d4f5022c8,0.792,2000,apron,0.0007159757399419689,0.7945,2000,-0.0024999999999999467,robotiq,0.7945
f7b17506c4c54b49abc3539697f76b1a,0.3495,2000,stepladder,9.987054835899218e-06,0.366,2000,-0.016500000000000015,robotiq,0.366
d5a5b2c4ce994bf5963a2714dd71f1ff,0.6815,2000,falcon,0.00476932813852649,0.405,2000,0.27649999999999997,franka,0.6815
91dad749d692446aaf712b725d8a99a2,0.5555,2000,clothes_hamper,0.001152206406670459,0.061,2000,0.4945,franka,0.5555
07fe8f8d13ad40fbbf6675aa259273d4,0.6535,2000,horned_cow,0.0050557177941980645,0.5715,2000,0.08199999999999996,franka,0.6535
841cb663e5324418885f5664bba0fdfa,0.4325,2000,polar_bear,0.0005331353726432169,0.495,2000,-0.0625,robotiq,0.495
7b16af2078f54e48985fea38634a2102,0.83,2000,lightning_rod,0.0493858384997876,0.481,2000,0.349,franka,0.83
15de2061efae49d28176f7dae105b550,0.5805,2000,corkscrew,0.010929249414262753,0.668,2000,-0.08750000000000002,robotiq,0.668
d0954ea82c054a83a2b7084e1aa3a7ca,0.9265,2000,pocketknife,0.0003887200953495155,0.4305,2000,0.496,franka,0.9265
be25143a9fe846ffbb4766ba30335da1,0.2215,2000,pliers,0.20745126188668905,0.429,2000,-0.2075,robotiq,0.429
c8a9d0d162154189806e77a29460ecfc,0.887,2000,coin,9.94536934575441,0.2155,2000,0.6715,franka,0.887
d76fe6df084749e385f688c477f9f661,0.855,2000,stool,0.12169949850591955,0.559,2000,0.29599999999999993,franka,0.855
af90a3acd4af40a2bab4ff1f923d948a,0.8235,2000,footstool,0.00017140159109089998,0.589,2000,0.23450000000000004,franka,0.8235
fd4d42c9f8314288bdfb356eee9149c8,0.308,2000,pony,0.21549198689115837,0.3135,2000,-0.005500000000000005,robotiq,0.3135
ce5c3a6781574d0093ee3b7b67d61851,0.2885,2000,figurine,0.551264632928321,0.433,2000,-0.14450000000000002,robotiq,0.433
664aa38dc05845cdbf7ad64d2877e5e4,0.865,2000,helicopter,0.02881375276808002,0.503,2000,0.362,franka,0.865
0762d52942f94db485d1a6eacefeac96,0.761,2000,beeper,0.032433002115695136,0.2875,2000,0.47350000000000003,franka,0.761
3421491ec7e04ceebe0342e411c9df6b,0.552,2000,boot,0.03470878396206255,0.4285,2000,0.12350000000000005,franka,0.552
9d02c1277e7542efb46409d02cffedf0,0.5885,2000,box,0.14741907650584704,0.3535,2000,0.23500000000000004,franka,0.5885
8fb0eb2e4f284d2fa8575159527cea7d,0.5885,2000,dirt_bike,0.00015507840751084303,0.0825,2000,0.506,franka,0.5885
52ac76e312b946a89c0da2517dd5f1e2,0.9725,2000,bracelet,0.0052060873803866144,0.5935,2000,0.379,franka,0.9725
c424eaca72e6480399ecb22b9f76e75a,0.6945,2000,cocoa_(beverage),0.011259112592259372,0.2065,2000,0.488,franka,0.6945
d9a33fb3804f4c338a41811327a6a6e2,0.5335,2000,fan,0.03970274450284848,0.4345,2000,0.09899999999999998,franka,0.5335
dd1a2e7568d34c7081ca04987be3ad80,0.7715,2000,polar_bear,0.011669039392399888,0.9,2000,-0.12850000000000006,robotiq,0.9
2ad12f444ceb49919e2f6e0afa046e87,0.7685,2000,steak_(food),0.06382622415198308,0.967,2000,-0.1985,robotiq,0.967
b5af0fe19a3c47078ad8a79798a79017,0.9425,2000,coffee_table,0.01026700651687927,0.315,2000,0.6275,franka,0.9425
2b7ea56d0d694b1d9a72b34bd1880f28,0.507,2000,crossbar,0.05004117253170435,0.3905,2000,0.11649999999999999,franka,0.507
67ac86b4022b403dbf0dc0c66dee0ade,0.0,18,first-aid_kit,0.11792925828110438,0.001,2000,-0.001,robotiq,0.001
e561533cfea045dead0be4d3423625a8,0.609,2000,stove,0.03609973882156308,0.5515,2000,0.057499999999999996,franka,0.609
a055521740d54d118d8c0aeb9c62a8c0,0.7225,2000,saddlebag,0.0010179374168415676,0.9525,2000,-0.22999999999999998,robotiq,0.9525
ea42d1c2e2af48cea115e22c29ab178b,0.7605,2000,lion,0.00237978684459784,0.774,2000,-0.013500000000000068,robotiq,0.774
464537dcc5cf48c4a0ff478945cdf6cf,0.9295,2000,pliers,0.011667589984405449,0.4785,2000,0.451,franka,0.9295
684aab348ec44c2cb4f6a36e5fbfe726,0.59,2000,phonograph_record,0.6043589283050403,0.262,2000,0.32799999999999996,franka,0.59
673dbc21651f432aabf7788b2d0cb8e3,0.628,2000,sandal_(type_of_shoe),0.03195099291319739,0.5145,2000,0.11350000000000005,franka,0.628
3fb280d6294a4a32a16249f4a1a62f7d,0.9285,2000,fire_extinguisher,0.04427251189196474,0.8965,2000,0.03200000000000003,franka,0.9285
16be6e9528c743b190a4b2ecb91dbce9,0.0,2000,saucer,0.0028293500232086364,0.0045,2000,-0.0045,robotiq,0.0045
0b1f35e7a069479dae60af033e2c507e,0.804,2000,bass_horn,0.0008445621129433759,0.358,2000,0.44600000000000006,franka,0.804
9b233233c8fc437b9a4b4a79f49fc452,0.4785,2000,armor,0.001137904077943394,0.3965,2000,0.08199999999999996,franka,0.4785
2dd069aebb2d454b82ed0c7d60b9c249,0.982,2000,scoreboard,0.5146151631091722,0.1155,2000,0.8664999999999999,franka,0.982
2c315bcfa3a6491bad19d3b22d83c89c,0.876,2000,cylinder,0.07890424000242581,0.5545,2000,0.3215,franka,0.876
4816a443feb749419a17cdc172b70a0e,0.731,2000,mascot,0.007747194740210467,0.5115,2000,0.21950000000000003,franka,0.731
733f971061ba4b688ad098e44cf64a6c,0.6885,2000,flowerpot,0.021067118178810938,0.069,2000,0.6194999999999999,franka,0.6885
ff7681eb896143b4bb77d8d182613192,0.7855,2000,flash,0.16395164655873923,0.446,2000,0.33949999999999997,franka,0.7855
d43841f7163542e48ffe6cbd02c072e9,0.8945,2000,snowman,0.012292897640348329,0.258,2000,0.6365,franka,0.8945
4b47320168ff4057b5f441a2e37821a1,0.929,2000,pepper_mill,0.08261064066747241,0.6775,2000,0.25150000000000006,franka,0.929
3059cef5a0d34ffe8ed1e7bcfb952930,0.9705,2000,identity_card,0.08498766235820195,0.037,2000,0.9335,franka,0.9705
12a4c0703f6845849d68470d8da9a97c,0.8855,2000,billboard,0.019039417572653667,0.321,2000,0.5645,franka,0.8855
0a0f24544ad2459d97e5762bf8aff380,0.9665,2000,passenger_car_(part_of_a_train),0.013659402451075756,0.707,2000,0.25950000000000006,franka,0.9665
84bcaa0c9a1c4385b8206c0385c38b78,0.04,2000,glass_(drink_container),0.014106161532592504,0.248,2000,-0.208,robotiq,0.248
f270150329c44ddfa402faa206048b81,0.8475,2000,table_lamp,0.012866483888630612,0.323,2000,0.5245,franka,0.8475
01c430c211d742299ece389a2dcbf12f,0.652,2000,cone,0.0029908563891629324,0.4525,2000,0.1995,franka,0.652
7e51304475cf4d63a14b7a54832cce3e,0.127,2000,motor_vehicle,0.019824927504625264,0.3245,2000,-0.1975,robotiq,0.3245
e02760fabde04796bcc017769908b514,0.899,2000,camper_(vehicle),1.0263257729192181,0.7525,2000,0.14650000000000007,franka,0.899
38f90bd105e14f278000f77efd075b56,0.9315,2000,pocket_watch,7.627499393963212e-05,0.0815,2000,0.85,franka,0.9315
04d0553202d34b299bc0bf43025b6ef8,0.2375,2000,cappuccino,2.0591418412080706,0.148,2000,0.0895,franka,0.2375
9589ccefe735448f924ddbfef36e1d65,0.6195,2000,candy_cane,0.00019087467343311312,0.5335,2000,0.08600000000000008,franka,0.6195
25f51b2ed59a4b0ba72224449133253f,0.521,2000,sportswear,0.18531178813914131,0.3035,2000,0.21750000000000003,franka,0.521
7e09848aa0ca4bb6894469496c4c3deb,0.6895,2000,rabbit,3.527242128661506e-06,0.6115,2000,0.07799999999999996,franka,0.6895
c8b35d665a0a44a5a55c005e0c4ca9f7,0.7335,2000,water_ski,0.0344849397590115,0.5245,2000,0.20900000000000007,franka,0.7335
d7ab5d939cd8438aa09f3220eed398dd,0.902,2000,wooden_spoon,0.00026598609467634533,0.568,2000,0.3340000000000001,franka,0.902
ce926d5532834f1c810d09869e898645,0.0,619,cooker,0.12978389556877584,0.004,2000,-0.004,robotiq,0.004
aafe19f747d84c7089715b0e9e40ad12,0.8805,2000,cock,0.4743122384857471,0.3285,2000,0.5519999999999999,franka,0.8805
89a6b322e4304245a5f6c496ca07f5fd,0.556,2000,motorcycle,1.4920856185738238,0.5675,2000,-0.011499999999999955,robotiq,0.5675
3e38e8351c6e48e786cdd8bd181a09db,0.576,2000,sunflower,0.008682256734774279,0.462,2000,0.11399999999999993,franka,0.576
b39d01d198b14732a71045aa26ff6f42,0.506,2000,deer,0.028716858465072742,0.4355,2000,0.07050000000000001,franka,0.506
6a2beadf7a964bb68dbc118d71da84df,0.2705,2000,fan,0.006711113377781297,0.4575,2000,-0.187,robotiq,0.4575
22c0fa4190db425ca8f6b5318f9e162f,0.8165,2000,cellular_telephone,0.005439875547439091,0.45,2000,0.3665,franka,0.8165
8721ccd40b0d43b0ab5a2e720cf7f439,0.4135,2000,kitten,0.04344826780692156,0.3995,2000,0.013999999999999957,franka,0.4135
8bfedaad32ae46fcaaf6ce2203a5ae4c,0.429,2000,fan,0.035888552010999136,0.571,2000,-0.14199999999999996,robotiq,0.571
445f4524a69242fca6fa99805e95c3a0,0.6855,2000,boot,0.31744738320419674,0.4785,2000,0.20700000000000002,franka,0.6855
d881a723c4704a61bb468a111fb647e0,0.872,2000,car_(automobile),0.009285379266241145,0.9965,2000,-0.12450000000000006,robotiq,0.9965
12cfdfbfaf134692b500ff34991b60e9,0.658,2000,dining_table,0.0007586162828244092,0.5335,2000,0.12450000000000006,franka,0.658
d759bc8c6c2544268f68e7db06d47f25,0.9255,2000,router_(computer_equipment),0.01785922987166067,0.2835,2000,0.642,franka,0.9255
df3faff262414e5ab2997def4784af52,0.6885,2000,tablecloth,0.0013620291290909823,0.4775,2000,0.21100000000000002,franka,0.6885
be98f93cf1a949b7810af16618a48850,0.726,2000,chessboard,0.023072742963524434,0.273,2000,0.45299999999999996,franka,0.726
b34d8e42a6b84158a8b377a35a9fdee0,0.824,2000,fire_extinguisher,0.0006965261523810154,0.2945,2000,0.5295,franka,0.824
46d74a922b4f451eb0efbc3f44439b4d,0.946,2000,jewelry,0.034442654595661704,0.344,2000,0.602,franka,0.946
4f0dc7efa8344611a3b72fc95060e2bd,0.631,2000,waffle,0.521630631303974,0.3555,2000,0.2755,franka,0.631
2a1edaa43d61499a905f034640e2877a,0.0,847,water_heater,0.18219339318157762,0.684,2000,-0.684,robotiq,0.684
a6c86e1745dc458e8724f54dfac2a760,0.9385,2000,cupboard,6.662850722814057e-05,0.2695,2000,0.669,franka,0.9385
e75d11fdfdfb496886658366fcd6a812,0.7845,2000,television_set,0.0009668850685550835,0.5695,2000,0.21499999999999997,franka,0.7845
d0ef87b9a5dd421eaca4978287b7d611,0.962,2000,pocketknife,0.019335721931915066,0.3555,2000,0.6065,franka,0.962
16e4fab1858045f5aa94da96afc9b649,0.3175,2000,bird,0.4267553436075977,0.2335,2000,0.08399999999999999,franka,0.3175
2e3ed055f29f433c9cee1466c77867be,0.0,536,amplifier,0.3341134623358225,0.0085,2000,-0.0085,robotiq,0.0085
cb3780dd61e34811b805ad31af1b2446,0.755,2000,pencil_sharpener,0.036243072210229224,0.4805,2000,0.2745,franka,0.755
35302da1e80d4ec89189b71b1fb9eb93,0.925,2000,remote_control,0.0037139861546842726,0.7215,2000,0.20350000000000001,franka,0.925
733afd855f5d4c378f041cc89e231770,0.6515,2000,tiger,0.010270643348596334,0.547,2000,0.10449999999999993,franka,0.6515
de8ebfc9e3704da5bf60a2c242584e80,0.4125,2000,plow_(farm_equipment),0.04258426717459285,0.6065,2000,-0.19400000000000006,robotiq,0.6065
4ceb76440e1e4825a10ff9ace48adf26,0.3045,2000,hamburger,0.04944407086667281,0.5645,2000,-0.26,robotiq,0.5645
07065573c2314dfe843bec4f10612085,0.94,2000,speaker_(stero_equipment),0.9705833765443014,0.1975,2000,0.7424999999999999,franka,0.94
52ef7a0dc7614bd1bab532c6b72dd5b0,0.903,2000,liquor,0.0007232243412206216,0.2385,2000,0.6645000000000001,franka,0.903
901435dd6a2a4f49a46a8c596879d4c2,0.642,2000,vase,0.008256588804480592,0.57,2000,0.07200000000000006,franka,0.642
7b294e29e59843a1b02172d176e06a61,0.0,139,toaster_oven,0.05826789494850551,0.0,151,0.0,robotiq,0.0
14791efb33314b02ac5ac74b47c36d14,0.7735,2000,bookcase,0.08129502750046246,0.7765,2000,-0.0030000000000000027,robotiq,0.7765
36a9ebf2c3584519a8dbd3b7e8c2a348,0.7735,2000,cone,0.005968074806940929,0.4195,2000,0.354,franka,0.7735
602ed4eef5844908960e33f0d86e80b4,0.368,2000,loveseat,0.0006108516339273209,0.456,2000,-0.08800000000000002,robotiq,0.456
c2831735f80d4521a03d96f7f95319fa,0.6895,2000,dining_table,0.5594164360938276,0.5715,2000,0.118,franka,0.6895
ac3085611fae4753b7a46af8f7dcb51e,0.8315,2000,chair,0.14705624682955892,0.649,2000,0.1825,franka,0.8315
96b925daae4d4dc89035123053d3055c,0.8215,2000,milk_can,0.00039725129946114414,0.7275,2000,0.09399999999999997,franka,0.8215
2767b0e2f63d497fb946d1558891ba64,0.336,2000,cufflink,0.0011228378430143203,0.338,2000,-0.0020000000000000018,robotiq,0.338
88965eb5298d43d8afdaadaa6d8e1c2e,0.932,2000,ax,0.037981979680783165,0.499,2000,0.43300000000000005,franka,0.932
c2f52afa064f44a6a8aa1e73bf92b4ae,0.7655,2000,monkey,0.0013739310360856962,0.4905,2000,0.27499999999999997,franka,0.7655
dbd89fcc3db04efe812c8610906fa3c8,0.8365,2000,sparkler_(fireworks),0.054957330973528264,0.551,2000,0.2855,franka,0.8365
e9f61063e7ed4271a1c4b1ee15ce6592,0.8,2000,frog,0.06424609764411943,0.664,2000,0.136,franka,0.8
965f145e23b243539eca393618371889,0.0,707,heater,0.4093074604051921,0.06575185820468839,1749,-0.06575185820468839,robotiq,0.06575185820468839
c4469abf45a247e98632f17fd2a2ab07,0.723,2000,chaise_longue,0.64557119616309,0.523,2000,0.19999999999999996,franka,0.723
0d5c93d02d514a06abfa76c49309b268,0.873,2000,cupboard,0.0063788373295139335,0.382,2000,0.491,franka,0.873
b65c33fbc9d5459485ae0176187f9e06,0.1895,2000,seashell,0.8984065354431926,0.045,2000,0.14450000000000002,franka,0.1895
4bcb28eb6de04c47b2471e644b710e33,0.628,2000,tripod,0.0028533469995388524,0.505,2000,0.123,franka,0.628
4288ebcc58694450921a47a4421d82ab,0.0,2000,piggy_bank,0.00270521983068747,0.59,2000,-0.59,robotiq,0.59
d5f32bb041994d228437feb129a06c38,0.598,2000,tassel,0.022685409717809996,0.3955,2000,0.20249999999999996,franka,0.598
7b29f9159d774b8185a787d0f6070e56,0.753,2000,checkerboard,0.010489048845900528,0.401,2000,0.352,franka,0.753
12b9545d618d4d02ad38e0262fba0cf8,0.416,2000,washbasin,0.00290954012002975,0.267,2000,0.14899999999999997,franka,0.416
8dbd18bc6c144d04ae89190f1c857c81,0.6125,2000,pizza,0.4411764638412402,0.292,2000,0.32050000000000006,franka,0.6125
fb17547e91ed4e809b99dc0467985978,0.9115,2000,dishwasher_detergent,1.0056092043540188,0.373,2000,0.5385,franka,0.9115
ad516c53aa2a406fa99140aa52ed636c,0.801,2000,fleece,0.03411509979873079,0.9405,2000,-0.13949999999999996,robotiq,0.9405
da628d2fa22a43919f6ff0c3ab23ac49,0.0,2000,owl,0.01809397331988998,0.4295,2000,-0.4295,robotiq,0.4295
06716b143faa4992a6106e91dc4cda2c,0.0175,2000,crisp_(potato_chip),0.7967683398740598,0.0555,2000,-0.038,robotiq,0.0555
5734d355fff1444ab57e3d9228f956d7,0.9730392156862745,408,mushroom,0.04838867663952459,0.6685,2000,0.3045392156862745,franka,0.9730392156862745
2381b495c6d34165a182eaea80d3f8f7,0.041,2000,clothes_hamper,0.0038737227540300984,0.6155,2000,-0.5745,robotiq,0.6155
f28927f1ff7a47a2b5c8efe5789cc114,0.6625,2000,hardback_book,0.7722259964602602,0.1885,2000,0.474,franka,0.6625
596e3739c3844733a542c89ea7465dab,0.8975,2000,wrench,0.10437750042793618,0.537,2000,0.36049999999999993,franka,0.8975
ebcbcfc6b4e84cd0a85a110ad26e4b95,0.0005555555555555556,1800,grape,0.106284323312971,0.986,2000,-0.9854444444444445,robotiq,0.986
a02a7d2d428849a08becd358a5687613,0.0,2000,can,0.0032449803125095085,0.0,2000,0.0,robotiq,0.0
e8a80cbc797248f0a50506ecb60fda4a,0.624,2000,skirt,0.03626596669652373,0.478,2000,0.14600000000000002,franka,0.624
98b39c575de547a483f8fbaec2c0242f,0.288,2000,flowerpot,0.2722853501593903,0.4035,2000,-0.11550000000000005,robotiq,0.4035
c1c39f39df7946149afe10b60b36eba5,0.0,2000,air_conditioner,0.0948874920308326,0.012,2000,-0.012,robotiq,0.012
1b5f52a5181942ccb5415f1a4ff4ea3c,0.772,2000,stool,0.06642738473854409,0.5325,2000,0.23950000000000005,franka,0.772
2f6d2837fea045a1b5d976f51157a9df,0.851,2000,ring,11.786887691111248,0.322,2000,0.5289999999999999,franka,0.851
54e8a5489f3d408986a319d58f172aac,0.7085,2000,helicopter,0.0138446679801077,0.5215,2000,0.18700000000000006,franka,0.7085
3be546411ca148af8780e69151edd69c,0.5565,2000,bread,0.0009322385628226801,0.379,2000,0.1775,franka,0.5565
528252e7bd034e1e89f976adee6765d6,0.8975,2000,airplane,0.0003586680022366132,0.4215,2000,0.476,franka,0.8975
60bda040aca44940836c53e034ab771a,0.496,2000,wok,1.2116924543747118,0.197,2000,0.299,franka,0.496
5995db669745468a83daaa2a6c848e81,0.0,62,shark,0.0044508463463783015,0.055,2000,-0.055,robotiq,0.055
c276f133f1cc40938d8ac44d698f5c44,0.6845,2000,pie,0.07738724415799342,0.348,2000,0.3365,franka,0.6845
42da0122f2134a189767d0911b401c1c,0.8965,2000,sofa,0.039861697412979624,0.8525,2000,0.04399999999999993,franka,0.8965
68da6889e31643feb00e9750ea829fd1,0.9435,2000,heater,0.06441963292699257,0.018,2000,0.9255,franka,0.9435
6d771706055241f281460006ee4f5a76,0.8815,2000,telephone_pole,0.0007034560262584551,0.561,2000,0.3204999999999999,franka,0.8815
f4254659e66c4ddb9b7973d51b05e8c7,0.819,2000,puncher,0.0911324970120733,0.503,2000,0.31599999999999995,franka,0.819
643b54f0839e486a9ce3c41eabdb9f3a,0.9215,2000,alcohol,3.506959021220565,0.8925,2000,0.029000000000000026,franka,0.9215
a85ee1e73ca34d508d8acee03c574c62,0.7915,2000,cornice,0.0006956780421006044,0.2515,2000,0.54,franka,0.7915
ab3ea86bb5f945c89889c1d333f55c0d,0.7125,2000,violin,0.004311018033964998,0.238,2000,0.47450000000000003,franka,0.7125
93e4d025ebb046aa915938f03a5f89b4,0.8165,2000,convertible_(automobile),0.019557890904129464,0.5315,2000,0.28500000000000003,franka,0.8165
0711d588d9d849bc82cab582dd96959b,0.7425,2000,sausage,0.013970914022846635,0.2935,2000,0.44900000000000007,franka,0.7425
3fa441ba82d34eae85f3b00357613dd3,0.796,2000,chessboard,0.0015276953272429828,0.2055,2000,0.5905,franka,0.796
15e368152d2b4e469ab6d33732d31994,0.909,2000,soupspoon,0.037372886122973514,0.4135,2000,0.49550000000000005,franka,0.909
61ec570e3a5c41e4bb655fe5bf3dc3ac,0.9725,2000,pencil,9.96811756133833e-05,0.3525,2000,0.6200000000000001,franka,0.9725
e71545e7f1804c5096e9348aaf6e0c26,0.5755,2000,motor_scooter,0.04501032421110938,0.532,2000,0.04349999999999998,franka,0.5755
e11eef1e733e4a4480c79d33a355628f,0.504,2000,cat,0.0036314225849361677,0.4215,2000,0.08250000000000002,franka,0.504
2e3bb11be47841179f31e820ce3e5333,0.6355,2000,sportswear,0.18285583296408164,0.421,2000,0.21449999999999997,franka,0.6355
14940a9a3a0b4af49ba51e689a87e727,0.929,2000,zucchini,0.01872850278229138,0.971,2000,-0.041999999999999926,robotiq,0.971
65707f83605e404c9d54581ed79cb0ee,0.8225,2000,seahorse,0.0003514120987064365,0.654,2000,0.16849999999999998,franka,0.8225
ac54d8fde40d48b0913e008ba9cf2233,0.8685,2000,cufflink,0.09197652913215504,0.6905,2000,0.17800000000000005,franka,0.8685
8238efafc8d146b08e155e94a18bc8d1,0.669,2000,bath_mat,4.3993618855666163e-07,0.431,2000,0.23800000000000004,franka,0.669
65fcbdd035674e118de1d69e6d6dd452,0.7405,2000,mascot,2.7825636624455496e-05,0.483,2000,0.25750000000000006,franka,0.7405
2cb60fa3b0b04dacad58bc13ad485dfd,0.7525,2000,chocolate_cake,0.0054758101801714405,0.0805,2000,0.6719999999999999,franka,0.7525
6a3dbb7d0a364fefbdab1ae262d713a4,0.339,2000,button,0.009560536509821749,0.582,2000,-0.24299999999999994,robotiq,0.582
03931f6d4f38472c937cbf51d277defe,0.975,2000,wall_clock,0.0005823450192891863,0.4775,2000,0.4975,franka,0.975
75ca3b6282c6464281fcd01ea735181d,0.598,2000,mascot,5.1317436244646215e-06,0.385,2000,0.21299999999999997,franka,0.598
4f3e4dbd098d4cecbf7e9f7f66b2920b,0.726,2000,doughnut,0.011572739100497116,0.706,2000,0.020000000000000018,franka,0.726
a28b405a6e58472e9e9448aba55e0433,0.0,2000,wine_bucket,0.18863226453723034,0.0775,2000,-0.0775,robotiq,0.0775
94d70baf5c5b4ed8ba836e36c1785258,0.788,2000,armoire,0.0005539304115757522,0.6335,2000,0.15450000000000008,franka,0.788
bbc60236960d4569b9d160e30e08278b,0.0195,2000,water_bottle,0.0005084071476287548,0.48,2000,-0.46049999999999996,robotiq,0.48
9986f45e3b7444bd95ca8baf90c72708,0.9245,2000,knife,0.015322739985215992,0.371,2000,0.5535,franka,0.9245
b1bb8623bb8141bb8e0718783d473059,0.9185,2000,street_sign,0.0014522200043112611,0.259,2000,0.6595,franka,0.9185
eb16370e0b33439abfbb66ce8d4d0867,0.855,2000,dresser,0.0008084314241396403,0.759,2000,0.09599999999999997,franka,0.855
8be31e33b3df4d6db7c75730ff11dfd8,0.845,2000,stop_sign,0.5997249328409787,0.495,2000,0.35,franka,0.845
5adb70c13dd9452ca96b1d2be6ee95ec,0.001,2000,lemon,0.07066681889468646,0.297,2000,-0.296,robotiq,0.297
341490d82d8d430bbc4402d8ea827d8c,0.4545,2000,wagon,0.030552418516817188,0.568,2000,-0.11349999999999993,robotiq,0.568
dfe66c9fa01d4d3782700395d2cd634a,0.91,2000,hinge,0.0037436683422219074,0.682,2000,0.22799999999999998,franka,0.91
e642950d58964c7f88c9c25fd8c18072,0.981,2000,pen,0.09973664327345978,0.293,2000,0.688,franka,0.981
9c7956fe92e44f7b9c4582973203c690,0.43,2000,muffin,0.0008939777659526726,0.0015,2000,0.4285,franka,0.43
7fda3fa1f99e4f4f8c3d724fd0973ebb,0.6275,2000,boot,0.008332838080415779,0.5305,2000,0.09699999999999998,franka,0.6275
5457c5a35f2d419c823052a0b8e9a0d7,0.076,2000,radio_receiver,0.14326675336444683,0.02,2000,0.055999999999999994,franka,0.076
a5507ec81a2e43de9f1341322ac49d94,0.646,2000,kitten,0.03438711395488031,0.638,2000,0.008000000000000007,franka,0.646
31df366e091a4e64b9b0cfc1afc0145d,0.938,2000,carrot,0.04690473837522645,0.3685,2000,0.5694999999999999,franka,0.938
40e3a8b7703842ab8fffffede816051f,0.8275,2000,monitor_(computer_equipment) computer_monitor,0.34131456373948416,0.1855,2000,0.642,franka,0.8275
009fdf73a9c54e7bbd3a7d28496752e0,0.7995,2000,dress_suit,0.006460484700273031,0.73,2000,0.0695,franka,0.7995
98c7f8fb0ea049a0bbeb81628cb133fc,0.8665,2000,apple,0.02445345517420196,0.0885,2000,0.778,franka,0.8665
364f1208ffaf42db9da456e87abc7eec,0.6055,2000,chandelier,0.0001403715053496193,0.651,2000,-0.045499999999999985,robotiq,0.651
dfd9a8c4a3e14888ab40f6f18b5decd0,0.7725,2000,armor,0.012340945447992033,0.6825,2000,0.08999999999999997,franka,0.7725
a2153c35659347879d1ff9ce5b796100,0.9425,2000,easel,0.001081214377150292,0.154,2000,0.7885,franka,0.9425
16be596eac514da282eaf8976398635c,0.7435,2000,calf,0.3991633454866095,0.8265,2000,-0.08299999999999996,robotiq,0.8265
34d5787f909848d088baf1377fb1dc46,0.848,2000,turtle,0.07106744066573494,0.2855,2000,0.5625,franka,0.848
6adbcc2ecb03458587d72dcbea6b5a51,0.917,2000,sunglasses,0.0023703474747467325,0.419,2000,0.49800000000000005,franka,0.917
c3d50c8ca98b47c1805d0e23ec9e6f33,0.8225,2000,puncher,0.058018196244299894,0.568,2000,0.25450000000000006,franka,0.8225
735aa8855000431284d62d7949d24074,0.5415,2000,dirt_bike,0.0022095164932529497,0.346,2000,0.1955,franka,0.5415
ebf6ce97280b41119310668a66359906,0.3945,2000,cow,0.001631827061783804,0.4615,2000,-0.067,robotiq,0.4615
c2b24cc1f6cd4dd79dd0dc8f05644ef8,0.9115,2000,pastry,0.05486454210066337,0.196,2000,0.7155,franka,0.9115
7d0e63fad86240a6a827fd4d9a9ba507,0.986,2000,dresser,0.00047453531848724216,0.0575,2000,0.9285,franka,0.986
bf18d6bffb22406c85e2bf136ac227ca,0.3465,2000,coconut,0.0018346033962582376,0.4645,2000,-0.11800000000000005,robotiq,0.4645
4dbe298d82e7402dbf6831a435a549e8,0.6085,2000,apricot,0.04191801928675425,0.431,2000,0.17750000000000005,franka,0.6085
5c380b8448604c7682a8be365c579be0,0.896,2000,balloon,0.0013158324413823847,0.9085,2000,-0.012499999999999956,robotiq,0.9085
87322743d6234d43a3348ea8617aafd3,0.791,2000,lightning_rod,0.0021795842017770686,0.4595,2000,0.3315,franka,0.791
f1a1360364434bd0bf91eb554e7852dd,0.921,2000,pegboard,0.34970008490905713,0.195,2000,0.726,franka,0.921
92b635363f0c4a31ba10415a8619135c,0.544,2000,lizard,0.20456562793257807,0.406,2000,0.138,franka,0.544
1bd0a8743a704cfd873143a1727ff0a7,0.871,2000,seashell,0.13891098436335206,0.949,2000,-0.07799999999999996,robotiq,0.949
2620bd3dc9cf40a19f7aa30a733f8cef,0.652,2000,mascot,0.01141408337322403,0.4735,2000,0.17850000000000005,franka,0.652
f936446a26e346ac95eb79c6d7560f1b,0.915,2000,chair,0.1538214809146787,0.397,2000,0.518,franka,0.915
c94f3f61ad484e5f86a4628797cfea52,0.4355,2000,police_cruiser,0.0016364363024476527,0.4905,2000,-0.05499999999999999,robotiq,0.4905
7589e46002e141daacad5bffd0ee803d,0.9365,2000,broach,6.415093591064618,0.2545,2000,0.6819999999999999,franka,0.9365
e0aa365964e14664a5ee5063bd164bf9,0.8245,2000,broccoli,0.0011679458028533217,0.773,2000,0.05149999999999999,franka,0.8245
fcd3032a73014ffdbbfe098f7f131a8d,0.06271072151045179,1483,lightbulb,0.0007850202469985625,0.608,2000,-0.5452892784895482,robotiq,0.608
74f3a391c70146efb80475c44387a72a,0.0,1397,baguet,3.8960680040539306,0.1195,2000,-0.1195,robotiq,0.1195
16e90be4f064482fbb718a5c44111603,0.6505,2000,army_tank,0.015395662449062222,0.4985,2000,0.15199999999999997,franka,0.6505
f79bfd54e45d4c06ae51a533a60103dd,0.8935,2000,booklet,0.014494031479734394,0.3605,2000,0.5329999999999999,franka,0.8935
c187c6855fff419eb360e880615eb91d,0.2535,2000,helmet,0.036930023075466924,0.9455,2000,-0.692,robotiq,0.9455
ebdfe855299343beae2e5129c8788c8e,0.767,2000,rifle,0.0005354169963449177,0.451,2000,0.316,franka,0.767
bfe2926bfbea4616b007769c5d1e8b89,0.7235,2000,lion,0.0026780201709878577,0.3135,2000,0.41000000000000003,franka,0.7235
d56ad81fea524eb5bbca3af22552486c,0.0,1594,vending_machine,0.0015297497052696434,0.1515,2000,-0.1515,robotiq,0.1515
2798906587fa43a3989dfbedee16ddb6,0.674,2000,ax,0.00010090313502730834,0.627,2000,0.04700000000000004,franka,0.674
71b82a14853f49a8bc1587a58bce9087,0.772,2000,barbell,0.0006415783163666886,0.6275,2000,0.14450000000000007,franka,0.772
ad25654fd52a4e6ea2196cbf84a164e0,0.602,2000,poncho,0.0008763173107281363,0.448,2000,0.15399999999999997,franka,0.602
843a0f7b72424db282b92e112be6bdd0,0.7645,2000,crab_(animal),0.07804730769643889,0.5685,2000,0.19599999999999995,franka,0.7645
5ac0b7c46a3b4de28deea071fc1e87b0,0.408,2000,perfume,0.07239462213343606,0.5725,2000,-0.16450000000000004,robotiq,0.5725
8c900496173b4b32b8f8990c2d97886b,0.6985,2000,bat_(animal),0.16375986600003595,0.4985,2000,0.2,franka,0.6985
c408586d8c1547448c4ff47abb4fb981,0.7625,2000,candle,0.03291961090259122,0.8715,2000,-0.1090000000000001,robotiq,0.8715
b09c4dd0706c4943b2841e75b2d6da69,0.9275,2000,bowling_ball,0.12462240114950825,0.9795,2000,-0.052000000000000046,robotiq,0.9795
6a227fe2736345919250c9bd318cf49b,0.0,2000,tank_(storage_vessel),0.14793938621058517,0.1315,2000,-0.1315,robotiq,0.1315
69dc3bdc70f948f4a7b1944dbf934860,0.961,2000,dish_antenna,0.04615880529168077,0.3565,2000,0.6045,franka,0.961
43fab9a5bfd64530adb8df7fbdb8fd89,0.9715,2000,place_mat,0.0276411813088622,0.0355,2000,0.936,franka,0.9715
00238df4d2ae48409888a8dc21e643a9,0.626,2000,flag,0.05695167699585982,0.425,2000,0.201,franka,0.626
cba4cee91c0b4b48b0e1e2a988980556,0.8255,2000,garlic,0.003305631492958397,0.6315,2000,0.19400000000000006,franka,0.8255
258799ba04874be4a972b13eaf180fa0,0.429,2000,mirror,0.24848404484454678,0.284,2000,0.14500000000000002,franka,0.429
229cf483c0804368a8092dcc2524633f,0.196,2000,bath_towel,0.00027810298129421094,0.012,2000,0.184,franka,0.196
a8cc0ca704fe4d7884a73a8d9f8bc797,0.814,2000,sportswear,0.1526836183003469,0.5295,2000,0.2845,franka,0.814
bca02fb2be994ae899727704f3daca4a,0.6085,2000,mammoth,0.07314053438236728,0.4125,2000,0.19600000000000006,franka,0.6085
26933ed5bd29435ebdccc9bfd58b9d49,0.567,2000,teakettle,0.06961095130397475,0.598,2000,-0.031000000000000028,robotiq,0.598
2a96032b9a3b493d84a039d3d03452a2,0.2385,2000,seaplane,0.0004493711718643273,0.3295,2000,-0.09100000000000003,robotiq,0.3295
0c4c3245edb14e86a20ed84b7cc69ff1,0.9635,2000,stepladder,0.10388437241810877,0.612,2000,0.35150000000000003,franka,0.9635
e947a018194745598df88444bf43de11,0.8565,2000,pennant,0.09127470160903048,0.4,2000,0.4565,franka,0.8565
3ebf41c7d1a54acfa901b6ba34ff7be4,0.7545,2000,key,0.014762009837204708,0.642,2000,0.11249999999999993,franka,0.7545
84643b518cae4f42919224a560dc9704,0.3265,2000,tortilla,0.11103833719140296,0.3035,2000,0.02300000000000002,franka,0.3265
cd21ca0bf715437bab64edc71ebd19a3,0.49,2000,dog,0.02320892233771627,0.3985,2000,0.09149999999999997,franka,0.49
4a2d838b90a64380a623362c3dc6be59,0.9895,2000,stylus,0.0017443765061302765,0.0225,2000,0.9670000000000001,franka,0.9895
6bf10914c59e4a38af24425af8be7eda,0.636,2000,urinal,0.11743038293796597,0.337,2000,0.299,franka,0.636
5d81bcc38969431e9d18764e2c72d285,0.7755,2000,cap_(headwear),0.001673424674419508,0.4435,2000,0.33199999999999996,franka,0.7755
22aa8ea930ef4ac79b7bac03e1ae41ef,0.355,2000,lantern,0.009005118965800175,0.6215,2000,-0.26650000000000007,robotiq,0.6215
76c7f49863384f47a6856a768c2d8d5e,0.7145,2000,dumbbell,0.003581626124912777,0.4725,2000,0.24200000000000005,franka,0.7145
40f2f475d2ab46dba4a2ca2c470cd02e,0.328,2000,steak_knife,0.0074276206358423885,0.722,2000,-0.39399999999999996,robotiq,0.722
d8244ade389d4782a972bd6d7da6a602,0.036,2000,race_car,0.2604898423570272,0.3515,2000,-0.3155,robotiq,0.3515
d512b9d63fdc4130a2287370d83211c5,0.911,2000,ax,0.03464993077705992,0.539,2000,0.372,franka,0.911
9d0a3da65ecd4c0d9337eafdbd0096c4,0.7885,2000,alligator,0.8284748942307266,0.258,2000,0.5305,franka,0.7885
b21647005ac64c9f8e9a79a5e75a7a0e,0.905,2000,football_(American),0.019940988114910706,1.0,2000,-0.09499999999999997,robotiq,1.0
43861f9af252411d987afafbc84357a4,0.6635,2000,mouse_(computer_equipment),0.35311192160274485,0.162,2000,0.5015,franka,0.6635
ccc9f28ec66e4452a1f989a33f67c89d,0.937,2000,pocketknife,0.025350956585433293,0.481,2000,0.45600000000000007,franka,0.937
ec7d14abea8e408883875f82e51fb29d,0.929,2000,computer_keyboard,0.08085344151379639,0.2245,2000,0.7045,franka,0.929
9aa1fb08953340b6a3f1f14dc4cce656,0.7735,2000,pet,0.008807559934558586,0.835,2000,-0.0615,robotiq,0.835
468a2035e0d84ff3865724063296f651,0.081,2000,owl,0.0015823547137411224,0.5145,2000,-0.43349999999999994,robotiq,0.5145
6066dfc2c4e6414e88110a1361301a4d,0.9165,2000,passenger_car_(part_of_a_train),0.0007873316487595175,0.828,2000,0.08850000000000002,franka,0.9165
69e141a9045047bab24daf43557ebd57,0.5815,2000,starfish,0.0013749506571674077,0.5235,2000,0.05800000000000005,franka,0.5815
0b02daf91630407aa38f8ab21d2039e3,0.782,2000,watch,0.002246600991193608,0.298,2000,0.48400000000000004,franka,0.782
da75627c09064d1883a1828aa8cb9720,0.8805,2000,painting,0.07589570626406934,0.2335,2000,0.6469999999999999,franka,0.8805
d726514a97f74f168b104fd6ba538331,0.0,2000,vase,0.002143631182473334,0.3275,2000,-0.3275,robotiq,0.3275
4095165c344842729ec6d3608833838b,0.8,2000,windmill,0.033432954996602364,0.1405,2000,0.6595,franka,0.8
83d87df1b937482ba57792bac8830d9c,0.6485,2000,sled,0.03259168852044781,0.5815,2000,0.06699999999999995,franka,0.6485
78a00718ec28407e8746d7407961a75e,0.941,2000,bench,0.013069191079229693,0.148,2000,0.7929999999999999,franka,0.941
d9ffbc4bbe1044bb902e1dddac52b0de,0.736,2000,calculator,0.07012204288254544,0.095,2000,0.641,franka,0.736
43b88b2c6fa6462aa4c9d2d3c5e062a0,0.983,2000,milk,0.009870804830482775,0.236,2000,0.747,franka,0.983
21251fb8a37e4f96aedbb473bc0220ab,0.6885,2000,forklift,0.0013042408291751527,0.8165,2000,-0.128,robotiq,0.8165
71d5630972ce48ce839017303938238b,0.9515,2000,shears,0.03248149371530291,0.4605,2000,0.491,franka,0.9515
202cbb2a22ea4dda80160ec89a77dc39,0.6695,2000,chandelier,0.014636760306563773,0.5635,2000,0.10599999999999998,franka,0.6695
7faadfc055994d4198d0a4d1ce18db04,0.8835,2000,snowman,0.00788943913194309,0.9445,2000,-0.061000000000000054,robotiq,0.9445
4616aeae6df647a5bbb36b9e534937f9,0.0,1938,cap_(headwear),0.017114294664341428,0.293,2000,-0.293,robotiq,0.293
256e9e07c0db4c89a51e4b88f913baac,0.6445,2000,pegboard,1.143388610218856e-05,0.656,2000,-0.011500000000000066,robotiq,0.656
9f0e4bc02edb44d8aa824ff870d5ed58,0.7675,2000,jet_plane,0.017172029357982784,0.302,2000,0.46549999999999997,franka,0.7675
8841b809f2124606975f504f4f52a9df,0.6305,2000,teapot,0.0944169181656116,0.5225,2000,0.10799999999999998,franka,0.6305
721bb93d169a4d5f9e8dd15ad45a367f,0.9705,2000,paperback_book,0.021129106861030766,0.238,2000,0.7325,franka,0.9705
e79f0768aec6431d8e6f3874e5acc5f2,0.6255,2000,forklift,0.0057472848846320404,0.5265,2000,0.09899999999999998,franka,0.6255
eeaf49493e614f3682d5f694b7ea1470,0.7855,2000,pole,1.3397503355969635,0.2685,2000,0.5169999999999999,franka,0.7855
8caf0067136a453eb1bb6305c2faa8e7,0.4065,2000,clothes_hamper,0.0015481328286832392,0.6255,2000,-0.21899999999999997,robotiq,0.6255
aa239e8c34804aa2b89cbe3f095bc5a0,0.4795,2000,car_(automobile),0.010234204707815593,0.9425,2000,-0.463,robotiq,0.9425
7d12f133d9044a17aacc33d16204bde7,0.888,2000,monitor_(computer_equipment) computer_monitor,0.002935373365798886,0.528,2000,0.36,franka,0.888
80e8478cc29b4aad91176e584ca67e1d,0.847,2000,candle_holder,0.48125218456802626,0.7985,2000,0.04849999999999999,franka,0.847
5df0e70cb0e1466399b459f5fd0f91ab,0.9345,2000,figurine,0.012931380398205667,0.842,2000,0.09250000000000003,franka,0.9345
75af79cb707d48028cc85e657e8fba2a,0.7935,2000,dirt_bike,0.044708394686106906,0.605,2000,0.1885,franka,0.7935
0cb1f13858ba47d496f4946e79fdf29d,0.9105,2000,cistern,0.003926642553526268,0.5715,2000,0.33899999999999997,franka,0.9105
7f01241325094db7b053a706499a9f06,0.228,2000,fish,7.931801671559251e-05,0.4785,2000,-0.25049999999999994,robotiq,0.4785
7ea3398475d64066a6f3e3068b1f3199,0.6835,2000,bat_(animal),4.2737204948962635e-08,0.6575,2000,0.026000000000000023,franka,0.6835
b45aa763241b41858c9648368e9f4763,0.7665,2000,handcart,0.051185162653294695,0.2425,2000,0.524,franka,0.7665
7e18ae2c3b574b20b4c86e50fc96cc6b,0.4475,2000,chalice,0.0024701061273588684,0.538,2000,-0.09050000000000002,robotiq,0.538
cb9fc8e6de3d43889fc333030bcc83f8,0.6335,2000,dress_suit,0.21032069709040246,0.465,2000,0.16849999999999993,franka,0.6335
111b1373370645519e57622a952b1d29,0.252,2000,pottery,0.2320159707274755,0.1595,2000,0.0925,franka,0.252
baf345bb68fd4f1a9eac39faf456682c,0.621,2000,watering_can,0.06935486744019606,0.7945,2000,-0.1735,robotiq,0.7945
99912aa35c08481c8db430bccfb264b6,0.369,2000,football_helmet,0.03281259017227601,0.244,2000,0.125,franka,0.369
2e7a4fd41a0847d7a98f9c0ab55e8652,0.0,2000,garlic,1.7363211375630294,0.349,2000,-0.349,robotiq,0.349
61a2c3ae82dc42f69bcd68adc6fc1a66,0.8795,2000,egg_yolk,0.018405942450062225,0.802,2000,0.0774999999999999,franka,0.8795
912b855b12ed46719425f94743b32cbc,0.7935,2000,stool,0.00037846423474190805,0.391,2000,0.40249999999999997,franka,0.7935
1cb6264b52174424a9ff54f970027ff2,0.627,2000,bear,0.04294638025316406,0.568,2000,0.05900000000000005,franka,0.627
2533ef500ece4fcc804872c706df036b,0.99,2000,wall_clock,0.06868772119960027,0.331,2000,0.659,franka,0.99
c935e4a7176042e5a5aff2a409c53b07,0.886,2000,skateboard,0.016588531237403902,0.444,2000,0.442,franka,0.886
8dec3aa6447243b1b449cb6953a66b95,0.678,2000,mug,0.03381743959571274,0.658,2000,0.020000000000000018,franka,0.678
b55969446ff749938e9e6c7598dc5f36,0.848,2000,spider,0.018379404657796413,0.396,2000,0.45199999999999996,franka,0.848
1283ffb5acf74de7a2853390d3e39611,0.9295,2000,chessboard,0.0042117286269474485,0.256,2000,0.6735,franka,0.9295
7a9902eee08a4298947347b03c786021,0.1075,2000,telephone,0.15183195331308016,0.126,2000,-0.018500000000000003,robotiq,0.126
1edf36a6436f439b9eb455461f1d9ab9,0.7065,2000,chalice,0.02015436311851646,0.1915,2000,0.515,franka,0.7065
ca121c1f31a24824921f686f60a89359,0.6665,2000,microscope,0.0007539570335908883,0.4595,2000,0.20699999999999996,franka,0.6665
5d903cf6f2b8433b9863f13959c04357,0.878,2000,phonograph_record,0.029001193476124773,0.267,2000,0.611,franka,0.878
e35409589216483ea179f11c02c20270,0.3245,2000,butterfly,0.3643398863858042,0.4585,2000,-0.134,robotiq,0.4585
e6260aefb54d413ea7c3849491041bba,0.3975,2000,chandelier,0.0015386659461248606,0.63,2000,-0.23249999999999998,robotiq,0.63
8b96ed9d18ee4341b13084658cd64c7e,0.932,2000,fire_extinguisher,0.32905102487394455,0.4425,2000,0.48950000000000005,franka,0.932
887879fa3a7642c4b1b68ef5dbacbca7,0.2535,2000,toy,0.011436299908701477,0.148,2000,0.10550000000000001,franka,0.2535
81da5adff2dc4157893f59f85ec2fe7f,0.633,2000,fireplug,0.00102418460219367,0.572,2000,0.061000000000000054,franka,0.633
c0d4f02e333d4c8b9042c1db8dc6a376,0.9415,2000,sleeping_bag,0.09381290028197528,0.1575,2000,0.784,franka,0.9415
802989a042a844a48379916e7fc55e79,0.6165,2000,baseball_cap,0.0009949261176680534,0.186,2000,0.43050000000000005,franka,0.6165
ce4efa18d90a42599c61f52a3e995c88,0.998,2000,locker,0.11200537971485056,0.281,2000,0.717,franka,0.998
ca4f9a92cc2f4ee98fe9332db41bf7f7,0.916,2000,mug,0.05377319805247335,0.6095,2000,0.3065,franka,0.916
659062414e784713bce5ad6ef948611f,0.53,2000,underdrawers,0.008871882911821385,0.143,2000,0.387,franka,0.53
1ae882312dc2430785ee4ac48bef35c0,0.8455,2000,Dixie_cup,1.026405716520982,0.3015,2000,0.544,franka,0.8455
fdd27718d3da45abbedd15d4b2c0a262,0.751,2000,notebook,0.0016868518001202613,0.542,2000,0.20899999999999996,franka,0.751
9ef4c782e9074e79b433ae55458bc2af,0.9825,2000,lightbulb,0.01488192182967778,0.984,2000,-0.0014999999999999458,robotiq,0.984
081bbc6af697476da7f057ad89697f62,0.0,27,magazine,0.4743813280855012,0.0642570281124498,249,-0.0642570281124498,robotiq,0.0642570281124498
c6f97125d3c34334a5652c2d56897cb6,0.2635,2000,raincoat,0.008973278491305773,0.289,2000,-0.025499999999999967,robotiq,0.289
a255a356e2834b99b507c24d07ce37b9,0.7915,2000,generator,0.009776264507992221,0.359,2000,0.4325,franka,0.7915
63c774fbf93341e4804c124c1ef90f0b,0.8695,2000,clothespin,0.007856694839302722,0.505,2000,0.36450000000000005,franka,0.8695
322b83dac7d84e3cb7848868e7ecdf5e,0.962,2000,musical_instrument,0.12596786565512066,0.6995,2000,0.26249999999999996,franka,0.962
c1e33c689040412ab32c4922f02b522f,0.597,2000,beef_(food),0.06865775231434819,0.7145,2000,-0.11750000000000005,robotiq,0.7145
4c9fb3a232f249a39c7d7cb76b64ca7f,0.8085,2000,solar_array,0.00666819000112074,0.501,2000,0.3075,franka,0.8085
03b0ac7d99c44197a09640179f360f3c,0.0595,2000,camera,0.1914697515185852,0.3165,2000,-0.257,robotiq,0.3165
ab63c197a5be4a1094614627e13f82b5,0.9365,2000,guitar,0.02671527469042721,0.5045,2000,0.43200000000000005,franka,0.9365
c2c239b547824d6f9e4c2d38fa11bbda,0.2465,2000,bullhorn,0.0036573578177042463,0.335,2000,-0.08850000000000002,robotiq,0.335
8676570b5f384097a33174ff100261ee,0.0,3,die,0.2807509905376929,0.1834319526627219,1521,-0.1834319526627219,robotiq,0.1834319526627219
1f075567411e42eb8af3942b5e061871,0.939,2000,crowbar,0.07245851627433514,0.331,2000,0.6079999999999999,franka,0.939
075bea5ca8a54bc3b2127096b39d2840,0.9645,2000,coloring_material,0.05832472421044473,0.459,2000,0.5055000000000001,franka,0.9645
926a7987d9b04160916dc4f2b9f0efe5,0.922,2000,spectacles,0.0002537380250171721,0.4425,2000,0.47950000000000004,franka,0.922
44173e42c9e2414690f630c8acf97079,0.909,2000,traffic_light,0.015560717635043995,0.54,2000,0.369,franka,0.909
638ada0c5cf3498080b6cfaa72f4e4c7,0.0,108,barrel,0.015318463952245037,0.0008795074758135445,1137,-0.0008795074758135445,robotiq,0.0008795074758135445
2447f7535657403f8b99256638d011e5,0.6345,2000,tux,0.13411035082671602,0.555,2000,0.0794999999999999,franka,0.6345
9436bb54d0174212b16faa3ee4f10bcb,0.8255,2000,train_(railroad_vehicle),0.007200441873897407,0.6565,2000,0.16900000000000004,franka,0.8255
4949ac39d6744007b8268770451db986,0.829,2000,bulldozer,0.16151181795589162,0.327,2000,0.502,franka,0.829
b78d74efd9cb487fb8e90d5b03e4652b,0.017,2000,motor_vehicle,0.09675131889599997,0.3795,2000,-0.3625,robotiq,0.3795
2e35b5ed4127406480403e4b8dadf5db,0.702,2000,jumpsuit,0.0017374783119983063,0.3645,2000,0.33749999999999997,franka,0.702
b84402001e314a34b6ffe0a363f5feb3,0.9095,2000,eraser,0.000399047971261834,0.4795,2000,0.43,franka,0.9095
8533529dfc6e454e866c91473fd4af1c,0.5275,2000,fedora,0.08263740008577226,0.632,2000,-0.10450000000000004,robotiq,0.632
052c74fdfee14ae0b53db1eb768fa3e1,0.573,2000,headstall_(for_horses),0.21719653165472724,0.5685,2000,0.0044999999999999485,franka,0.573
5a1ec9d7384a4974b6a17f6f05a0987a,0.8305,2000,fire_alarm,0.04382266298049139,0.5525,2000,0.278,franka,0.8305
3438688c814843ecbe3560bd6e303718,0.665,2000,choker,0.0007560690849575585,0.358,2000,0.30700000000000005,franka,0.665
f05b0c2f9bcf41cea188a4b4c848068a,0.8715,2000,fireplug,0.0016703624303387034,0.795,2000,0.07650000000000001,franka,0.8715
c74ccc573fd144729bd9bd33144782e5,0.0,2,drawer,0.003950476710888317,0.18253968253968253,126,-0.18253968253968253,robotiq,0.18253968253968253
64947d2112e04f429884f7293f0d552e,0.739,2000,pigeon,0.029773756919524975,0.316,2000,0.423,franka,0.739
2524396cebd7411a9702f30b41e2760e,0.8005,2000,trench_coat,0.005863846170873003,0.731,2000,0.0695,franka,0.8005
d9c887c6ecb34c25af04380d3c5b52fa,0.9775,2000,crayon,0.02104060005886852,0.717,2000,0.26050000000000006,franka,0.9775
d159eb02dba640109a41be31a2e18128,0.918,2000,crate,0.00041284116673247353,0.6845,2000,0.23350000000000004,franka,0.918
9a131b2dfbb04b2aa5c06ba9667d6221,0.5995,2000,cloak,0.18674403254445174,0.39,2000,0.20950000000000002,franka,0.5995
0baad2ab0df5463fa55a4b03ba9caa09,0.0,460,peanut_butter,54.5651930691275,0.0515,2000,-0.0515,robotiq,0.0515
acd3c24b438948b7b352cc1b3a126c90,0.738,2000,space_shuttle,0.016434000871948694,0.6985,2000,0.03949999999999998,franka,0.738
aaaeaaff8f9b40569f0715471f30f750,0.1495,2000,blackberry,0.07638325440467347,0.13,2000,0.01949999999999999,franka,0.1495
91320df3b34942b8808fdbc631571d8f,0.993,2000,checkerboard,0.029444672562402775,0.0345,2000,0.9585,franka,0.993
633a551c679b400ab258ed37dda0f1f0,0.9765,2000,tiara,0.0007965563352865012,0.3255,2000,0.651,franka,0.9765
01ec7658fef64e18b69d68cf8b06548b,0.832,2000,plate,0.006550825150127746,0.266,2000,0.566,franka,0.832
